# Resource object code (Python 3)
# Created by: object code
# Created by: The Resource Compiler for Qt version 6.11.0
# WARNING! All changes made in this file will be lost!

from PySide6 import QtCore

qt_resource_data = b"\
\x00\x02\xca\xc6\
\x89\
PNG\x0d\x0a\x1a\x0a\x00\x00\x00\x0dIHDR\x00\
\x00\x03;\x00\x00\x03\x00\x08\x06\x00\x00\x00\x03\x92yA\
\x00\x00\x10\x00IDATx\x01\xec\xbd\x07\x80,\xd9\
Y\x9e\xfd\xbe\xa7\xaa\xba{\xc2\x8d\x1b\xb4\x8a \x10 \
!l\x03\xbf\x0d\x06l\x83M0Q\xc0\x86\xbb{\xf7\
\xde\xcdZI\xab]\x94\x85\x84rD \x84%\x82\x04\
\x06D0\xb6\x85\xc16`0\x06\x1b\x9b`\x0c6?\
\xb6\x7f\x83\xb1\x01I $\xb4\xab\x0d7M\xecTU\
\xff\xfbUM\xcd\xf4\xf4\xed\x9e\x1c\xba{\xbe\x9e\xfa\xfa\
\xe4\xf4T\xd59\xe7;\xa7\xba&\xc0?N\xc0\x098\
\x01'\xe0\x04\x9c\x80\x13p\x02N\xc0\x098\x81\x09$\
\xe0\xca\xce\x04\x9eTo\xd2n\x08xZ'\xe0\x04\x9c\
\x80\x13p\x02N\xc0\x098\x81I!\xe0\xca\xce\xa4\x9c\
Io\x87\x13p\x02N`?\x08x\x9eN\xc0\x098\
\x01'\xe0\x04\xc6\x98\x80+;c|\xf2\xbc\xeaN\xc0\
\x098\x01'\xe0\x04\x9c\xc0\xc1\x12\xf0\xd2\x9c\x80\x13\x18\
/\x02\xae\xec\x8c\xd7\xf9\xf2\xda:\x01'\xe0\x04\x9c\x80\
\x13p\x02N\xc0\x098\x81Q!0\xf2\xf5peg\
\xe4O\x91W\xd0\x098\x01'\xe0\x04\x9c\x80\x13p\x02\
N\xc0\x098\x81\x9d\x10peg'\xd4<\xcd\xce\x09\
xJ'\xe0\x04\x9c\x80\x13p\x02N\xc0\x098\x01'\
p@\x04\x5c\xd99 \xd0^\x8c\x13p\x02N`\x10\
\x01\xf7s\x02N\xc0\x098\x01'\xe0\x04\xf6\x8f\x80+\
;\xfb\xc7\xd6sv\x02N\xc0\x098\x01'\xe0\x04\xb6\
G\xc0c;\x01'\xe0\x04\xf6\x94\x80+;{\x8a\xd3\
3s\x02N\xc0\x098\x01'\xe0\x04\x9c\x80\x13p\x02\
{E\xc0\xf3\xd9-\x01WvvK\xd0\xd3;\x01'\
\xe0\x04\x9c\x80\x13p\x02N\xc0\x098\x01'0\x92\x04\
\x5c\xd9\x19\xc9\xd3\xb2\xf3JyJ'\xe0\x04\x9c\x80\x13\
p\x02N\xc0\x098\x01'\xe0\x04J\x02\xae\xec\x94\x1c\
\xfc\xdb\x098\x81\xc9$\xe0\xadr\x02N\xc0\x098\x01\
'\xe0\x04\x8e0\x01Wv\x8e\xf0\xc9\xf7\xa6;\x01'\
\xe0\x04\x9c\xc0Q#\xe0\xedu\x02N\xc0\x09\x1c-\x02\
\xae\xec\x1c\xad\xf3\xed\xadu\x02N\xc0\x098\x01'\xe0\
\x04\x9c\x80\x13\xa8\x08\xb89\xf1\x04\x5c\xd9\x99\xf8S\xec\
\x0dt\x02N\xc0\x098\x01'\xe0\x04\x9c\x80\x13p\x02\
G\x93\x80+;\xdb;\xef\x1e\xdb\x098\x01'\xe0\x04\
\x9c\x80\x13p\x02N\xc0\x098\x811!\xe0\xca\xce\x98\
\x9c(\xaf\xa6\x13\x18M\x02^+'\xe0\x04\x9c\x80\x13\
p\x02N\xc0\x09\x8c.\x01WvF\xf7\xdcx\xcd\x9c\
\x80\x13p\x02N`\xdc\x08x}\x9d\x80\x13p\x02N\
`\xa4\x08\xb8\xb23R\xa7\xc3+\xe3\x04\x9c\x80\x13p\
\x02N\xc0\x098\x81\xc9!\xe0-q\x02\x87M\xc0\x95\
\x9d\xc3>\x03^\xbe\x13p\x02N\xc0\x098\x01'\xe0\
\x04\x9c\x80\x13p\x02\xfbB`\xc4\x94\x9d}i\xa3g\
\xea\x04\x9c\x80\x13p\x02N\xc0\x098\x01'\xe0\x04\x9c\
\xc0\x11$\xe0\xca\xce\x11<\xe9\xde\xe41\x22\xe0Uu\
\x02N\xc0\x098\x01'\xe0\x04\x9c\x80\x13\xd81\x01W\
vv\x8c\xce\x13:\x01'\xe0\x04\x9c\xc0A\x13\xf0\xf2\
\x9c\x80\x13p\x02N\xc0\x09l\x87\x80+;\xdb\xa1\xe5\
q\x9d\x80\x13p\x02N\xc0\x098\x01'0:\x04\xbc\
&N\xc0\x09lB\xc0\x95\x9dM\x00y\xb0\x13p\x02\
N\xc0\x098\x01'\xe0\x04\x9c\x80\x13p\x02\xe3@\xe0\
\xea:\xba\xb2s5\x13\xf7q\x02N\xc0\x098\x01'\
\xe0\x04\x9c\x80\x13p\x02N`\x02\x08\xb8\xb23\x01'\
\xd1\x9b\xb0s\x02\x9e\xd2\x098\x01'\xe0\x04\x9c\x80\x13\
p\x02N`r\x09\xb8\xb23\xb9\xe7\xd6[\xe6\x04\x9c\
\x80\x13\xd8.\x01\x8f\xef\x04\x9c\x80\x13p\x02N`\xa2\
\x08\xb8\xb23Q\xa7\xd3\x1b\xe3\x04\x9c\x80\x13p\x02N\
\xc0\x09\xec\x1d\x01\xcf\xc9\x098\x81q'\xe0\xca\xce\xb8\
\x9fA\xaf\xbf\x13p\x02N\xc0\x098\x01'\xe0\x04\x9c\
\x80\x138\x08\x02cX\x86+;cx\xd2\xbc\xcaN\
\xc0\x098\x01'\xe0\x04\x9c\x80\x13p\x02N\xc0\x09l\
N\xc0\x95\x9d\xcd\x19y\x8c\x9d\x13\xf0\x94N\xc0\x098\
\x01'\xe0\x04\x9c\x80\x13p\x02N\xe0\xd0\x08\xb8\xb2s\
h\xe8\xbd`'\xe0\x04\x8e\x1e\x01o\xb1\x13p\x02N\
\xc0\x098\x01'p\x90\x04\x5c\xd99H\xda^\x96\x13\
p\x02N\xc0\x098\x01'\xb0F\xc0mN\xc0\x098\
\x81}&\xe0\xca\xce>\x03\xf6\xec\x9d\x80\x13p\x02N\
\xc0\x098\x01'\xe0\x04\x9c\xc0V\x08x\x9c\xbd'\xe0\
\xca\xce\xde3\xf5\x1c\x9d\x80\x13p\x02N\xc0\x098\x01\
'\xe0\x04\x9c\x80\x13\x18\x01\x02\xae\xec\x8c\xc0I\xd8y\
\x15<\xa5\x13p\x02N\xc0\x098\x01'\xe0\x04\x9c\x80\
\x13p\x02\xc3\x08\xb8\xb23\x8c\x8c\xfb;\x01'0~\
\x04\xbc\xc6N\xc0\x098\x01'\xe0\x04\x9c\x80\x13\xe8!\
\xe0\xcaN\x0f\x0c\xb7:\x01'\xe0\x04\x9c\x80\x13\x98$\
\x02\xde\x16'\xe0\x04\x9c\xc0Q'\xe0\xca\xceQ\xbf\x02\
\xbc\xfdN\xc0\x098\x01'\xe0\x04\x9c\x80\x138\x1a\x04\
\xbc\x95G\x90\x80+;G\xf0\xa4{\x93\x9d\x80\x13p\
\x02N\xc0\x098\x01'\xe0\x04\x9c\xc0Q \xe0\xca\xce\
Fg\xd9\xc3\x9c\x80\x13p\x02N\xc0\x098\x01'\xe0\
\x04\x9c\x80\x13\x18[\x02\xae\xec\x8c\xed\xa9\xf3\x8a;\x81\
\x83'\xe0%:\x01'\xe0\x04\x9c\x80\x13p\x02N`\
\x9c\x08\xb8\xb23Ng\xcb\xeb\xea\x04\x9c\x80\x13p\x02\
\xa3D\xc0\xeb\xe2\x04\x9c\x80\x13p\x02#N\xc0\x95\x9d\
\x11?A^='\xe0\x04\x9c\x80\x13p\x02N\xc0\x09\
\x8c\x07\x01\xaf\xa5\x13\x18=\x02\xae\xec\x8c\xde9\xf1\x1a\
9\x01'\xe0\x04\x9c\x80\x13p\x02N\xc0\x098\x01'\
\xb0\x07\x04\x0eU\xd9\xd9\x83\xfa{\x16N\xc0\x098\x01\
'\xe0\x04\x9c\x80\x13p\x02N\xc0\x098\x81\x81\x04\x5c\
\xd9\x19\x88\xc5=\x9d\xc0\xa1\x10\xf0B\x9d\x80\x13p\x02\
N\xc0\x098\x01'\xe0\x04\xf6\x90\x80+;{\x08\xd3\
\xb3r\x02N\xc0\x098\x81\xbd$\xe0y9\x01'\xe0\
\x04\x9c\x80\x13\xd8\x1d\x01Wvv\xc7\xcfS;\x01'\
\xe0\x04\x9c\x80\x13p\x02N\xe0`\x08x)N\xc0\x09\
l\x9b\x80+;\xdbF\xe6\x09\x9c\x80\x13p\x02N\xc0\
\x098\x01'\xe0\x04\x9c\x80\x138l\x02[)\xdf\x95\
\x9d\xadP\xf28N\xc0\x098\x01'\xe0\x04\x9c\x80\x13\
p\x02N\xc0\x09\x8c\x1d\x01Wv\xc6\xee\x94y\x85w\
N\xc0S:\x01'\xe0\x04\x9c\x80\x13p\x02N\xc0\x09\
\x1c%\x02\xae\xec\x1c\xa5\xb3\xedmu\x02N\xc0\x09\xf4\
\x12p\xbb\x13p\x02N\xc0\x098\x81\x09'\xe0\xca\xce\
\x84\x9f`o\x9e\x13p\x02N\xc0\x098\x01'\xb05\
\x02\x1e\xcb\x098\x81\xc9#\xe0\xca\xce\xe4\x9dSo\x91\
\x13p\x02N\xc0\x098\x01'\xe0\x04\x9c\x80\x13\xd8-\
\x81\x89H\xef\xca\xceD\x9cFo\x84\x13p\x02N\xc0\
\x098\x01'\xe0\x04\x9c\x80\x13p\x02\xfd\x04\x5c\xd9\xe9\
'\xe2\xee\x9d\x13\xf0\x94N\xc0\x098\x01'\xe0\x04\x9c\
\x80\x13p\x02N`\x84\x08\xb8\xb23B'\xc3\xab\xe2\
\x04\x9c\xc0d\x11\xf0\xd68\x01'\xe0\x04\x9c\x80\x13p\
\x02\x87K\xc0\x95\x9d\xc3\xe5\xef\xa5;\x01'\xe0\x04\x9c\
\x80\x138*\x04\xbc\x9dN\xc0\x098\x81\x03'\xe0\xca\
\xce\x81#\xf7\x02\x9d\x80\x13p\x02N\xc0\x098\x01'\
\xe0\x04\x9c\x80\x138\x08\x02\xae\xec\x1c\x04e/\xc3\x09\
8\x01'\xe0\x04\x9c\x80\x13p\x02N\xc0\x098\x81\x03\
'\xe0\xca\xce\x81#\xdfy\x81\x9e\xd2\x098\x01'\xe0\
\x04\x9c\x80\x13p\x02N\xc0\x098\x81\xad\x13peg\
\xeb\xac<\xa6\x13p\x02\xa3E\xc0k\xe3\x04\x9c\x80\x13\
p\x02N\xc0\x098\x81\x0d\x09\xb8\xb2\xb3!\x1e\x0ft\
\x02N\xc0\x098\x01'0.\x04\xbc\x9eN\xc0\x098\
\x01'\xd0O\xc0\x95\x9d~\x22\xeev\x02N\xc0\x098\
\x01'\xe0\x04\x9c\x80\x13\x18\x7f\x02\xde\x02' \x02\xae\
\xec\x08\x82\x1fN\xc0\x098\x01'\xe0\x04\x9c\x80\x13p\
\x02N\xc0\x09L\x1e\x01Wv\xd6\xce\xa9\xdb\x9c\x80\x13\
p\x02N\xc0\x098\x01'\xe0\x04\x9c\x80\x13\x98 \x02\
\xae\xecL\xd0\xc9\xf4\xa68\x81\xbd%\xe0\xb99\x01'\
\xe0\x04\x9c\x80\x13p\x02N`\xbc\x09\xb8\xb23\xde\xe7\
\xcfk\xef\x04\x9c\x80\x13p\x02\x07E\xc0\xcbq\x02N\
\xc0\x098\x81\xb1#\xe0\xca\xce\xd8\x9d2\xaf\xb0\x13p\
\x02N\xc0\x098\x01'\xe0\x04\x0e\x9f\x80\xd7\xc0\x09\x8c\
\x03\x01Wv\xc6\xe1,y\x1d\x9d\x80\x13p\x02N\xc0\
\x098\x01'\xe0\x04\x9c\x80\x13\xd86\x81\x03Tv\xb6\
]7O\xe0\x04\x9c\x80\x13p\x02N\xc0\x098\x01'\
\xe0\x04\x9c\x80\x13\xd81\x01Wvv\x8c\xce\x13:\x81\
]\x12\xf0\xe4N\xc0\x098\x01'\xe0\x04\x9c\x80\x13p\
\x02\xfbJ\xc0\x95\x9d}\xc5\xeb\x99;\x81\x92\xc0C7\
\xdf\x9c?t\xf3\x8d\x92\xf5f\x19\xea\xdfN\xc0\x09\x18\
\x01\x17'\xe0\x04\x9c\x80\x13p\x02{M\xc0\x95\x9d\xbd\
&\xea\xf9M<\x81\x17\x9f\xb95\x7f\xe0\xd6[\xf3\xe7\
\xdfv[~\xe7\xed\xe7\xf2s\xe7L\xeeXg\xde~\
\xee\x8e\xfc\xf6\xf3\xe7\xf2\xca|\xa21\x85AR\x85\x1f\
U\xf3\xdc\xf9;\xf3sw\x9c\xcf\x87\x99\xe3\xceeX\
\xbb*\xffqo\x9f\xd7\x7f\xfd}\xee<\xb6\xc1\xc3\xfa\
\xc8M\xe4\xfc\x1dw\xe5\x1b\xc9f\xbc\xab\xfbl\xa0i\
}\xcf\x1e\xc8y\xe5q\xc7\xb9;\xf3\xbbn\xbf3\xbf\
\xf7\xecy\x8d\x0b\xe7\xf3\x17\xdez{\xfe\xe2[n\xcf\
\xf7`0\xf4,\x9c\x80\x13\xd8\x03\x02\xae\xec\xec\x01D\
\xcfb\xf2\x08<x\xeb\xd9\xfcE\xb7\x9d+\x06\xae\xbb\
5\x88\xd9`v\xee\xfc\xdd\xf9mw\xdc\x93?\xd1\x98\
\xc6\x13\xf5Y\x5c\xae\xcf`.\x99\xc2\xbcd1\xae\xaf\
3\x17\x12\xb9\xe3)T\xa6\x85/\xac\xc4\xab\xccE\x85\
\xcf\xf7\xc5\xab\xe2\xbb\xb9\x9e\x9f\xf3p\x1e\xf3\xba_\xfc\
:\x98\xa0\xeb@}\xdf\x82\xce\xe9\xbc\xfa\xc5\x1d\x9b\xca\
c\xc7\xd7\x85\xd2\xee\xb8\xdc\xaa\xde\xb5i\xf5\xf1\xd3X\
4S2_\x9f\xc6\x9c\xe4\xb2I\xa3\x81\xf3w\xdc\x9b\
\xdfy\xfe\x9e\xfc\x9e\xdb\xef\xc9\xef\xbb\xfd\xae\xfc\xbe\xdb\
\xee\xcc\x9f\x7f\xeb\x9d\xf9\x0bn=\xef\xca\xd0\xe4M\x1b\
\xbcE\x07B`g\x85\xb8\xb2\xb33n\x9ej\xcc\x09\
<p\xe6\xc6\xfc\xfe[\xcfh\x00:\x97\xdfs\xee\xae\
\xfcn\x89\x0dJwh`\xba]\x03\xd4\x13Rd.\
4fpA;2\x97jS\xb8\xac\x81\xecR\xbd!\
s\x0aW\xe46\xb1A\xba\x15\xea\xe82\x19,a\xc5\
\xdfLI\xc7\xe2\xf5\x98]\xd9We%\xac\xc8\xcb\xfc\
\xdd\x8d\x82\xcd\x98s\xe8 F\x87\x92!\xa6\x9fo\xdd\
#~\xbd\x97\xfd\xc7Q\xe3\xc0\xba\xda\xbd\xb1tP\xc3\
F\xd2\x85\xd2\xef\x94\xdb\x16\xca\xefn!NGc@\
[\xf1l,X\x95\xa8\x8e%-\x80-\xc7\x0d,%\
\x0d)DRRM\xb9\xaa50WK4\x8e\xd4\x8b\
\x9d\xfe\x9b\xef\xbc;\xbf\xe5\x0e-\xa2\x9d\xbf+\xbf\xf3\
\xec\x1d\xf9}Zd{\xe8\xa6[\xf31\x1f^\xbd\xfa\
N`\xe4\x08\xb8\xb23r\xa7\xc4+\xb4W\x04\xfa\xf3\
y\xc1\x99[\xf3\xbb\xce\x9e-\x1e/{BJ\xcc\xc5\
F\x1d\x97\xeb\xf5b\xf0\x99\xab\xd55 %\xda\x9d\xa9\
c1\xa9I\x12,\xc5\x11\x96\xa3\x04M\x99\xad(F\
;h\xe0\x0df\x9aD\x1a\xa8#\xa4\x0c\xc8\x11d\xc6\
W\x99\xd9\x8a\x7faj\xb2\x9b+n\xdacZ\xdaL\
\xee\xac7\x9e&\xc6\xee.yN\x02\x87.\x22\xa49\
1\xccL\xf7\xf9|\x0f+w\xab\xfe\x9b\xd5o\xab\xf9\
\xecW\xbc\xcd\xea\xe7\xe11F\xf6>\xb2\xfe\x90T\xfd\
\xa8\xfes\xb0\xd9U'\x9e\xe6\xd0\xfd\x03\xddG\xb8\xca\
LCP\xfa\x1d\xf6\x17[(?\xdd\xa4~\x16\xbe^\
\x82\x16i\x02:\xaaWW\xf7v;\x0ahE\x11\xda\
q@S\xa6\x8d%\xcd8\xd6\x98\x92`\xb1\x16cN\
\x0a\xd0\xe5z\x0d\x97\xea\x09.6L\xeaxb\xaa\x81\
{n\xbb#\x7f\xd1-g\xd5r\x01\xf0\xc3\x098\x81\
]\x13peg\xd7\x08=\x83Q%\xf0\xc0-\xb7j\
\xa5\xec\x5c~\xfe\xf6;\xf2\xdb\xb4rvQ\xbb5W\
j3\x98\x8f\xa7\xa4\xc4L\xa1\x15dj@Z\xd6\x84\
\xb4\xa5\x81\xaf\x1d\x22\x0dT,$\x035\xb8\xb2h\x1a\
5\xe4PCj\x94g\x88%I\x96\xa1\x96\xa5\xb2\xa7\
\x08\x0a\xccC\x8e~!s\xf4\x8a\xc5\x0b\xa6\x0e\xc9\xbf\
\xd7\x84\xf2\xddHz\xf3\x98D\xfbFm\xb7\xb0\xdd\xb6\
\xd9\xf2\xd8\x8d\xec\xb6\xfc\xa0\x1ev#\xd9m\xfe\x9b\xa5\
\xef+\x1b\xdbuo\x96\xff~\x87W\xe7\xce\xca\xe9\xaf\
\xbb\xf9\xb9\xac\xefg\xfayT\xfc\x86\x99\xfd\xf1\x87\xb9\
\xfb\xd3\x0f\x8b\xb7m\xff\xa0\x9ev7\xa2\xfet\xa32\
\xfb\xeb}\x95\x9b)\xb0\x1b\xc9\xbb\x80$\x97\x1af\x92\
b\xed/S\xbe]\x8d\x13&\xed<\xd7\x0e\x15\xd0\x06\
\xd0\xd1\xb0\xd2\x91\x12\xa5\x94r\xa9\x83\x0052DH\
\xb5\x8b\xdd\xd1\x82\xda\x92v\x85\xe6\x92)\x5c\xd0xu\
\xfb\xed\xf7\xe6\xe7\xcf\xde\x9b\xdfs\xeb\xdd\xf9}g\xee\
\xce\xef\xbf\xe5\xae\xfc\x05\x92\x07n\xba+Wb?\x9c\
\x80\x13\xd8\x22\x01\xbb\xd3\xb6\x18\xd5\xa39\x81\xd1'\xf0\
\xa2[\xce\xe5\xf7\xdez\x87\x14\x9c\xbb\xf2\x8b\xf5\xa9\x95\
\x9d\x9b:\x16\xb4\x82\xb6\x94\xc4\xb0U6{<\xca\x06\
\x96\x94\x11R):)\x03z%C(T\x90\xde\xd6\
jL\x05\xa5\xe8\x98\x04\x99&f\xc7j\xccl%\xba\
\x9b%\x08\xe7\xe0\x1c\x8c\x80_\x07F\xc1\xfb\x89A\xd7\
\x81\xf9\xed\x85\x18a\xcbg\xbb\xa6\xa5\xd9/)\xcf\xf8\
\xe0\xdcW\xc6\x97\xbc\x9a~\x99Y\x8eA\x1d\x8dI\x1d\
\xed\x00-\xc7\x11\x96\xe3\x04\xf6\x9bN{\xea\xe0\x92\xc6\
2\x1b\xcf\x9ehL\xe3\x82\xe4\xb1\xe9i\x9c?\xfb\xfc\
\xdcZ\xec\xe2\x04\x9c\xc0\xe6\x04\xec.\xdb<\x96\xc7p\
\x02#L\xe0\x81\x9b\xcfi\xb5\xabTr\x96\xedq\x01\
I+\x22\xec\x11\x82\x8e\xae\xf0L+i&62\xac\
)-\x90\xf2\x02\xa95\xf0\x8f\x13p\x02N\xc0\x098\
\x81C!`c\xd2\xb0\x823\xed\xf9d\xda\x15J\xcd\
\x5c\x91\xd4\xdc\x92f \xee\xb9\xf5.\x7f\xdcm\x18<\
\xf7\xdf\x19\x81\x09M\xa5\xa9\xe0\x84\xb6\xcc\x9b5\xd1\x04\
^|\xf3\x99\xfc\xfe3gs{\xb6y\xbe\x16cQ\
\xbb6KI\xc0R\xb1\x22F\xed\xe0\x84\xf2\xb9\xe9\x10\
\x8a]\x1bStz\x81\x84~\x8f\xde@\xb7;\x01'\
\xe0\x04\x9c\x80\x138\x04\x02\xb6\x1b\x94\x13\xb0\x05:\x13\
\xb3\xdbp\x95\xae\xf8\xa5\x9a\xb5\x99t\xa5\xec,$\x11\
\xec7?\xe7\xcf\xdd\x9d\xdf}\xfb\xf9\xfc\x05\xb7\xddf\
Q\x0f\xa1\xd6^\xa4\x13\x18m\x02\xbamF\xbb\x82^\
\xbb\x91%p\xe0\x15{\xf1-7K\xb99\x9b\xdfv\
\xfe\x8e\xfc\x91\x99)<:]/~\xd8i\x1d\xfe|\
-\x92\xc2c\x12\xc3~\x00\xda\x8aB\xb1\xb3\xd3-\x94\
\x1dj\xe0\xd0H\x01\x93\xb5j\xbb\xc2\xb3\xc6\xc2mN\
\xc0\x098\x01'p\xb0\x04lW\xa7WzK/\x94\
\x1c\x0dY\xa6\xf0\xa4\x9a\xa9\x99\xdb\xec\x95\xd8K\x10\x9a\
q\x82\xc5\xb8\x8e\xb9\x9a\x8d\x85u<\xd1\x98\xc2\x99\xbb\
\xee\xcc\xef\xb8\xe3\x5c~\xff\xed\xae\xf8\xf4\xf2t\xfb\xd1\
&\xa0[\xe8h\x03\xf0\xd6\x8f>\x01{\x15\xe7\xbd\xb7\
\x9e\xcb/\xd6g\xb4\x8a5\x85++oP[\xa8\xd5\
`\xbf\xc3Y.\xden#%'\x8a\xb5\xa3\x13\xa1\x1d\
\x22\xed\xeaD\xe8\xda\x8f@%\xc5@\xa1f\xda a\
\x03\x86\xac~8\x81} \xe0Y:\x01'\xe0\x04\xf6\
\x96\x80\x8dY&6\x8e\xf5\x8a\x8dg)b\xa4H\x8a\
1\xaf\x19\xad(>\x89\x14\x9fF\x1d\x17\xa4\xf8\x9c\xbd\
\xe3|\xfe|\xdf\xed\xd9\xdb\x13\xe2\xb9\x8d%\x01Wv\
\xc6\xf2\xb4\x1d\x8dJ?x\xe6\x5c~\xdf\x99\xbb\xf2\xcb\
\xb5\x19\xad^\xcd\xa0\x19\x1a\xe80Q\xe7\x1e!G\x04\
h\x04Hev\x19\x15~\xa9\x99+/\x1b\xc8dV\
\x92#(\xaaDf&\xc9\x8b0h\xb7\xe7hp\xf4\
V:\x01'\xe0\x04\x0e\x85\x80\x17\xba#\x02\x99R\x99\
\xe4Z\xac\x1b&\xd0x\x17\xe5\x01\x85d1\x98\xc7\xc8\
\xa5\xfct\xb4\xd8\xd7\x8cj\x98O\x92ba\xf0\xc2T\
\x03\xe7\xce\xdf)\xa5\xe7|\xael\xfdp\x02G\x92\x80\
+;G\xf2\xb4\x8fv\xa3_\xac]\x9c{n\xbf'\
\xbfR\x9b\xc2\x5c\xd2\x90\xa2S\xd7\x8eM\x82n\xd0*\
\x16cU\xbe\xec\xe0\xa9\x8e\x1eR^z%\x98_%\
\x8aY\x1d\xe5\xc0\x01\xe4\x04\xfa\xedU\x1c7\x9d\x80\x13\
p\x02N\xc0\x09\x8c\x0a\x01\x1b\xaf\x86\x89\xd5\xd1\x1e\x81\
\x8b4\xa0E\x19Q\x8c}\xb0O\xd0\x18\x17!\x952\
\xd4\x8ab,\xc5\x09\xec\x1f\x99\xda\xff\xf19{\xc7\xdd\
\xf9]\xb7\xdf\x9d\xdfw\xdb\xdd\xf9\x837\xdf\xee\xca\x8f\
\xe1:`\xf1\xe2\x0e\x87\x80\x8d\xc1\xcd\xf6\x00\x00\x10\x00\
IDAT+;\x87\xc3\xddK\x1d@\xe0E\xb7\x9d\
\xcb\xef>wO~\xa9.%\xa7\xd6\xc0B<\x85f\
\x5cC'H\xc9\xd1\x0e\x0e\xa4\xc4\x14\xff\xeb&\xcb\x10\
g)j2\xa34GH\xb9Nb\xf3\xcbJ\x7fv\
\x01h \xd07Hi:\x81\x85\xc2\xd3E\x8eN\x9e\
\x99w!y\x9e#S~\x95\x98\xdb\xa4\x08\xdc\xc7/\
\x92E\xbd\xc8\xc1\xe6>\x16}$\xb2&\x07s%K\
\xff#\x01a\x8c\x1b\x19B\x80\x09\xc9\xabZA^\xed\
wU\xa4#\xeeArO\xfa\x17r}>G\x1c\xeb\
\x9e5\x9f\x5c\xcf\x95,\xdd\xd08U\xc8JI\x83\x14\
\x9e\x8c\x19r\x09$\x1a\xbd\x104&\xdax\x18w\xb5\
\xbf\xd3\xc9\x10u%\x1a\xfbr\x04\xb4\x0b\xa5'\xc6\x5c\
-\xc2\xc5F\x84\xc7\xa7#<6S\xc7\x9d\xb7\x9f\xcb\
_|\xf3\xad\xf9J1n8\x81\x89%\xe0\xca\xce\xc8\
\x9e\xda\xa3S\xb1\x17\xdevW~\xcf\xed\xf7\xe6s\xc9\
\x94\xb6\xde\xeb\xc5NN3\xd4\x8b\xdd\x9cv\x88\x8a\x15\
\xaa\xd4\xaeTu\xeaF% \x07\x91IrD\x19\xa4\
\xf8Pbf)\xb6\xc2\x15\xe5\x80I\x90ib\xe9\x14\
\xd5\x0c\xf4\x0f\x1c\x85\xa7\x7f9\x01'\xe0\x04\x9c\x80\x13\
\x18\x13\x026\x8e\xa5!CW\x92jl4\xe5\xc7\xc6\
E\x1b\xf7b\x0dv\x95\x04\x8b\xa86e\x0c\xe8D\x01\
\xad8h\xb7'`>\x89ac\xee\xc5\xfa\x0c\xee;\
s\x87FJE\xf2\xc3\x09L(\x810\xa1\xed\xf2f\
\x8d\x01\x81\x07o\xb95\xbf\xff\xb6{\xf3V\x98BK\
\xcaMG\xd2e\x1d)\x12\xa4!@\x8bR\x85bb\
\x1dz\xce\x5c\xee\xac\x10s\x9b\xe4\xea\xe0\xadc\x8f\xb4\
+S\x98\xea\xe0M\xf9Y'R\x89(\x16A\xbbB\
T\x86\xf6?\x0a\x14\x0d&\xa4\x85(\xd0\x8f\xf1 \xe0\
\xb5\x1c9\x02$A\xee\x9f\x8c\x5c\x83\xbdBN`\x1b\
\x04\xc8\x8d\xef\x8daYi\xb8\x83I\x15n\xf6~\xc9\
\x09\xb4\x22`9\xc9\xd0\x91fS\x8d\x89!\xcf\xb4\xd0\
\x97!I\xf3Bj2k)\x8a\x05\xc1\x90\x05\xe5\x1b\
`\xe3a\x8e\x08\xed\x90\xa0\x19\xd5\xb1\xa0\x85\xc6\xbbn\
\xbb;\xb7\xffYW\x95\xe9\xa6\x13\x98$\x02a\x92\x1a\
\xe3m\x19\x0f\x02\x0f\x9e\xb9%\xbf\xef\xec\xad\xb9\xbd.\
sY\x9dm\xcb~Ti\x1d\xaf\xa4\xab&t\xd5\xab\
\xdb?R\xb3\xc7\xc8L\xa1\x01r\xf9f\xb0\xce=\xb7\
0\xb9J\x1fY\xa4\xb6P\x9d\xbb\xbcA\xb3\xcb+\x98\
\xa9\x08\xe6\x17VL\x8d\x0b\x0a\x816\xf4\x0bc\xd5,\
]\xfe\xed\x04\x9c\x80\x13\x18?\x02^\xe3\xc9&`c\
\x98\xb5p\x98\x993CJH2h-oU\xca1\
\x13Rlr\x84,\x07\xa5\xf0\x98i\x02\xb9\xa1\x05B\
\x1b_S\xed\xf6\xb4\xb5\xb0\xb8\x1cGRxj\xb8T\
\xaf\xe3\xae\xb3w\xe4/8\xe3\x8f\xb6\xc1?\x13E\xc0\
\x95\x9d\x89:\x9d\xa3\xdf\x98\x17\xdcz{~\xa5V\xc7\
\xbcd9N\xb42Em\xc3\x03\xdd\x08Rf2I\
\xaeFH\xd8\x01$!O\x8bU*\xa8SG\xf1Q\
\xcf.U%\x97\x82\x94K9\xca\x22\xb9M\xa3\xe9\x91\
\x5cv\xf6\x8a\x8d\x14+\x1d\xbc\x8d\x06\xd4\xa8\x10\x94\xd6\
\xc4\x82\x8al\xfd\xcb\x098\x01'\xe0\x04\x9c\xc0\x88\x11\
\xb01\xca&j\x83\xcc\xde\xaajX\x83FN\xd8\xa2\
`\xaa\x1d\xa5LR\x98Z\x06\xccegN)>\xd4\
n\x0f\x8b]\x9eH\x91\xa9\xf15c\x8a\x0es4U\
\xc8B\x1c\xe3rR\xc3\x85z\x03go?\x9f\xdfs\
\xeb\x19\xc5\xc28}\xbc\xaeN` \x810\xd0\xd7=\
\x9d\xc0\x1e\x13x\xe1\x99\xf3\xc5[`l7g)\xae\
\xc3\x1e[k\x87\x18\xed\x08hi\x0b\xde\x9e;\xeeF\
\x19\xd2\xd0E.\x01\xbb\xea\xa2\xbbRkJSA0\
a\x1e\x10\xf2\x08\x94@\xa1\xea\xbfa\xe9LR]\xcd\
\xe5V\xbe)N\xa5X3\xe4\xad4P\x9aR\xa4\x07\
\xad\xda\xe1\x1f'\xe0\x04vL\x80$\xc8\xfd\x93\x1dW\
\xcc\x13:\x81\x11 @n|olV\xc5b\xecZ\
\x89dv\xb3\x9aI\xa9 \x91$\xce\x02\x92\x0c\x88\x8a\
q\x11\xfa\x04[\xcf\xd3NO\xd0X\xaaEDE\xee\
JRB~(\xc22\xd9\xa1\x81\x93\xc8\xe5\xce\x0a\xe9\
\x86Lcq@+\x0aX^\xf9\x7f=\xf3\xc9\x14\xe6\
\x92\x19\xdcq\xdb\xf9\xfc\xc1\x1boQi\xca\xde\x0f'\
0\xa6\x04t\x1b\x8ci\xcdw[mO\x7f \x04^\
\xa8\x9d\x9c;\xce\xdd\x99\xdb\xf6\xf8\x5c-\xc1\x92\xbd]\
\x8d\x092\xed\xac\xa4\x1a\x08\x9a\xea\xb1\x9bQ\x8af\xd4\
EKJN'\xb4\xd1e\x1b)\xba\xea\x8aM\xd1\xc9\
\xd5\x91\xe7RV2\x09\x10\xa7\xf1\x8a$\x88\xb2\x18\xa9\
:\xeen\xc8\xd1Ugm?\xd2\xac$c\xa6\xf6e\
\xc5DL\x96\xe2\xa0vwL\x14\xbd\xc8K*S\xe1\
\xef_N\xc0\x098\x01'\xe0\x04F\x85@PEL\
L\xa9\x19$6\x86\xd9\xe2_\xbd\x0b4:\x01ui\
4\xb1\x14\x1fJ\xe9\xc9\xb5\x08\x98\xad<\x9e\xd6\x0e\x01\
\xa6\xc0\x98t\xa4\xc8t\xe5N\x15V\x8a\x94\x9f\x90\xa2\
\x1bu\x90\xab\x90\x5cc\xa6\xa5\xcd\x11k|\xae!E\
\x1d\xedP\x97\xf23\x85\xc5x\x1a\x0f\xdex[\xaej\
\xf9\xe1\x04\xc6\x92\x80\xddOcYq\xaf\xf4\xe8\x13\xb8\
\xf7\xb6\xb3\xf9\x95Z\x0d\xb6\x9b\xb3\x98$\xea4\x13u\
\x9e\x11:\xd6\xe1\x9a\xa8\xd3\xb5\xde3U\xcfm\xabM\
9\xd7\xdad\x17\xa6\xfa\xdf5\x0f\xb3\xa9#7C=\
s\xa1\xac\x98\xdd\xd2X\xda\xcann\xb3\x9bT\xfef\
\xaf\xa4\xca\xb32+\x7f7\x01g\xe0\x04\x9c\x80\x13p\
\x02\xa3C\xc0\xc63\x93\xfe\x1aUc\x1b5&\x96\x02\
P\xca\x8e\x86R@\xca\x8e\xbeth\x97\x079\xb2\x15\
)_\xceS\xba\xed\xf7:Z\xfbS\x18\x14\x8ab\x17\
\xc8\xf24\xb1\xf2r\x10\xa9\x16#\xbb\x8c5^G\xc5\
\x22\xe5|<\x85\x17\xde\xe4\xff\x98T`\xfd\x18C\x02\
6\xa7\x1c\xc3j{\x95G\x99\xc0\x8bn\xba-?w\
\xf6\xce\xfcr2\x8d\x05\xed\xe44\xad\xc3d\xa4\x8e\x95\
\xab\xd2U\x17k\x1d\xaeu\xccQF\xed\xd2P;6\
&\x91\xccH\x1dw\x04h\xf7\xc7:\xe4\x0e\x81\x8e:\
\xde\x8e\xadBi\x07\xa7\xab\x9d\xa0Tv\xdb\xbd1\xa5\
\xc5\xd2s\xb5\xd3\x0f0;\xe46\xc9\x94K\xae\xb4\xca\
\x0a\x8c\x89\x90(\xb3\x22ku\xfaZ\xc9\xc2&\x1f\xab\
\xe3nd\x93\xec\x8f|\xf0n\xd8Z\xda\xdd\x02$\x09\
r\xb8\xec6\xff\xcd\xd2\x93\xc3\xcb&\xb9Y\xf2C\x0f\
\xb7s\xb0\x9fr\xc8\x0d\x9c\xf8\xe2\xc9\xb5k\xac:\x8f\
U\xa3\xc9\xb5\xb0\xca\xcf\xcd\xed\x11\xa8\x98\x0e3\x87\xe5\
f\xe3\x96\x89\x8d]&\x08:\x17}b\xbfW\xb5\xc7\
\xb7+\xc956\x96cb\x06\x1bi\xa3<+~\x9b\
\x13g(\xcc(\x87\xc6\xc6RP|\x02r\x0d\x8c\x19\
\x92b\x5c\xce\x11\xe4\x9b\x95\xc2\x14\x90dH5\xf6\xe6\
X\xd2\x98i\xaf\xaa\xbeXk\xe0\xb6\xdb\xee\xcd\xcf\xde\
vw\xfe\x82\x1b\xcf)G\xf8\xc7\x09\x8c\x05\x01\xbb\xba\
\xc7\xa2\xa2^\xc9\xf1 \xf0\xfc[\xcek7g\x0a\x0b\
I}e'G\x1di\xb1\x83\xa3K\xcd\x14\x90\xa2\x19\
\xd6\xa1\x16\x96\x95\xce7\xc8\xbcZJe%\xa8#\x0e\
H\xd5\xd7\x17\xb2\xd2\xa1[\xa7\x0e\x85P\xdd-\x95o\
iB\xf9`\xc3OUren\x18\xd9\x03\x9d\x80\x13\
p\x02N\xc0\x09\x1c2\x01\x1b\xaf\x06I1&jl\
\xac\xc2\xaajV\xe3\xa1FU\xa90\x5c'$A\x96\
\x02\x85\xac\x09\xcaO\xb1\x08\xa8\xfd 3%i\x00\xba\
!\x14\x8f\xc3-\xc5\x91\xc6\xf6\x04\xf3\x1a\xdf/\xd5\xa7\
\xe0\x0aO\x89\xcc\xbfG\x9f\x80.\xe3\xd1\xaf\xa4\xd7p\
<\x08\xdc\x7f\xf3\xed\xf9r\xacNQ\xd2Ugj\x1d\
qY\xf3P(!\x94\xa3\xea\x84\xcd\x84:Rym\
\xf9 -\x87\xf5\xd1I\xaev\xdc\xe4\xd5\xf6\xf5\xb1\xdd\
\xe5\x04\x9c\x80\x13p\x02N\xc0\x09\x18\x01\x1b\x87\xed\xd1\
7\x13\xb3\x9b\xdfF\x92\x13\xd0\xfab!i\x00\xdaq\
\x84\x87\xbe\xd5\x7f\xcb\xb3\x113\x0f\x1b\x0d\x02\xba\x5c\xf7\
\xa7\x22\x9e\xeb\xd1!\xf0\xc2\x9bn\xc9\xef\xbe\xe5l\xbe\
X\x0bXV\xe7W\xfe\x18\x12\xc8Vvt\xac\x13U\
\x1f\x09\xfbgg\xd6\xa9\xdaE\x17\x90\xc9\xbduF\xa4\
\xe5\xb0\x16\x9fd\xa1\xe4\xac\xf9\xb8\xcd\x098\x81Q#\
@\x96\xf7)9\xd8\x1c\xb5\xfaz}\x9c\xc0^\x12 \
\x07_\xf7d\xe9\xbf\x97e\xed$/\x1b\x8b\x8b\xf19\
\xc7\xea\x1eO\x95\x8f\xf9\xe7+\xf5$\x89<\x94\x02\x99\
&iD);1\x96j\x09^|\xb3\xff_\x9e\x8a\
\x9b\x9b\xa3I\xc0\xae\xf5\xd1\xac\x99\xd7j\xe4\x09\xdcw\
\xe6[\xf2\xf3\xb7\xdd\x9a_\xaa\xd70W\x8f\xb5\xb5\x9d\
`)\x09\xda\xee&\xbaRt2\xae5\xc1\x94\x1c\xaa\
C\xed\x95\xb5\xd0\xe16\x92\xeb\x94\x1ar\xbd{x\xca\
\x91\x0b\xf1\x0a9\x01'\xe0\x04\x9c\x80\x13\x18\x09\x026\
\x16\x07\x10\x91\xc6T\x13\xb3\xf7\x0aI\xd8\xc7\x1e\x91\xcb\
e\xad\xc4\xc6u\x13{zc9\x0e\x98\xafE\xb8\xac\
9\xc0]g\xcf\xe6\x0f\xdcr\xb3FyK\xe5\xe2\x04\
F\x8b@\x18\xad\xeaxm\xc6\x81\xc0\x8bo\xfc\x96\xfc\
\xec\xed\xb7\xe4O4f0W\xaba1I\x0ai\xc6\
1Z!B\xf1\xb65);9\x02\xacCU?Y\
\x98A\x8d\x0b\xda\xd1A!rl\xf3 -\xa7\xf5\x89\
H\x82\x1c.\xebc\xbb\xcb\x098\x81\xd1!\xe05q\
\x02N`?\x09\x90\xc3\xc7FRaRMl\x8c\x0e\
\xd9\xd6k\x91\x120\xc5\xc7\x1eckE\x91\xc6\xfeX\
\xf3\x80\x04W\xa4\xf0\x5cl\xd4q\xaf\x16@\xb7\x9e\x9b\
\xc7t\x02\x07C\xc0\xe6\x9f\x07S\x92\x972\x11\x04\x1e\
\xba\xf1\x96\xfcrc\x16\xf3\xb5Y\xed\xe24\xb0\x1c\xd5\
\xd1\x8a\xe2\xe2\x95\xd2mmo\xa7! \x97\x92\x03\x09\
\xd5b\x93(\x83\x5c\xfa\x92\xbb:\xac\xa3\xb4\xd5\xa1\xca\
\xbd\x99Ir]\x14\x92\x85\x92\xb3\xce\xd3\x1dN\xc0\x09\
\x8c\x14\x01\xb2\xbcO\xc9\xc1\xe6HU\xd6+\xe3\x04\xf6\
\x98\x009\xf8\xba'K\xff\xab\x8a;\x04\x8fB\xd9Q\
\xb9fV\x22gq\x90e=s\x99\x95@\xe3\xbc\xd9\
3-l6e_\x0e1\x96\xe3\x04Kq\x1d\x8b\x92\
\x85\xda\x14\xee\xbb\xcd_Q]\x00\xf4\xaf\x91!\xe0\xca\
\xce\xc8\x9c\x8a\xf1\xa8\xc8\x95Z\x1dKRp\xd2\xd0P\
\x85\x1b\xc8\x18!ET*8y\x0cf\x01\xcc\x03\xec\
5\x97\x91\xb4\x19{|\xcd\xc4:Q \x83\xbdE-\
'\x90\xcb#\x93(\x93M\x0fR\x09zb\x91\xeb\xdd\
=Anu\x02N\xc0\x098\x01'\xe0\x04\xb6@ \
(\x8e\x89\x0cT\xa6\xd9\x87\x89\x8d\xdd\x16f\xa6\xed\xf0\
t\xb5\xb8i\xd2\xd1\x1c\xc0\xe6\x01]\xcd\x0bZ\xa1\x8e\
\xe5\xa4\x81\xfbo\xbbK\xfbF\x16\xdb\xc5\x09\xec\x9c\xc0\
^\xa5\xdc\xca\xf5\xbdWey>cL\xe0E7\xdf\
\x94\xdf~\xfb\xed\xb9=\xb2\xd6e\x82\xd0\x8d\x10w\x03\
\x92,A\xac\x8e.\xce#)8\xa6\xe4\x98\x00\x916\
r\xa2</Lb\xedSu\x92\xd6Qf\x0a0\xf7\
Zhi#Y\xec\xda\x90\xa5Y\xfa\xae}\x0f\xfb\x9f\
\x05\x83\xfc\xd7R\x0d\xb6\x91e\x19\xe4\xfe\x98\x83Ku\
\xdf\x8a\x00\xb9;\xeeU>\xa3j\x92\x1b\xb7o\xd05\
\xdb\xeb\xb7Y\xbb\xc82\xff\xfexU\x1e\xfd\xfe{\xed\
&\xcb\xf2\xc9\xc1fU\x8fa\xe6^\xd7\xc7\xf3[O\
\x80\x1c|^\xc8\xd2\xdfb\x93\xa5=h\xe2jB\x96\
\xee\xde0\xb2\xf4#\xd7\x9b\x16\xe7(\x0b\xb9\x9e\x07\xb9\
\xde=\xec\xba\xaf\xfc\xc9\xf5\xf1I\x1e(N\x92\xeb\xc6\
\xdaHn\x13r\xbd?\xb4\x83cB^\xed\x9fk\xc1\
S\xa3>\xe2<A\x92\xdal\xa0\x86\xae\xe6\x08M-\
\x8a\xde\x7f\xfb\xbd\xae\xf0\x1c\xe8\x19\xf5\xc2\x86\x11\x08\xc3\
\x02\xdc\xdf\x09T\x04\xee?\xf3\xad\xb9=\x8b;WK\
\xd0\x0a\x89ve\x02\xe2,B-\x0d\x88\xa5\xb5\xc4f\
jG\xc7\xfeyY\xa1\xe4d\x80\xed\xec\xacm\xdc\xc8\
\x03&(>\xa6\xe0TRx\xec\xc9\x97g\xe2\x04\x9c\
\x80\x13p\x02\xbd\x04\xaaI\xf50\xb37\xae\xdb\x9d\xc0\
\xf6\x09\x04\xd8$2\xca\x08\x93\xa0\x81\x9dy@\xae%\
\xd0\xf2\xf7<\x11\xee9\x7f\xb7+<\xf0\xcfa\x13\xb0\
\xeb\xf4\xb0\xeb\xe0\xe5\x8f0\x81\x17\xderKn\xff<\
l\xde\x14\x9d\xa8V\xbc|\x00\xea\xcc\xa2,\x93\xc2#\
\xd1\xeeM\xbf\x92c\x8a\x0e\x0a\xe5F\x0aN\xf1\xbft\
2\xa8\x0fD&\xbb\xfa\xc4\x11n\xadW\xcd\x09L\x10\
\x01o\x8a\x13p\x02N`\x1b\x044b\xc3\xa4?\x09\
\xa5\xae\x98\xf4\xfb\xdb\x8b\x0dL\x12\x0d\xf06\x0fHR\
 H\xf4\x8d\xaev\x0a\x97B\x84\xf9Z\x84;\xee\xba\
3\x7f\xf0\xac\xbf\x9e\xba\x9f\x9f\xbb\x0f\x8e\x80+;\x07\
\xc7z\xecJz\xe0\x96[\xf3\xcb\xb5\xa9\xe2%\x04\x1d\
\xd6\x8a\xdf\xe6X'\x06)-(z\xbe\xbc\xf8_9\
\xc1:B\xb5.\xact\x93\xa6\xd4\xc8\x09X<\xf9\xa9\
\x1fD\xa9\xfc\xc8\xe8=\xca\x80^\x1f\xb7;\x01'\xe0\
\x04\x9c\xc0\x1e\x11\x18\xb6\xa3S\xf9\xefQ1c\x93\x8d\
Wt=\x81l\xbds[.[\xd4\x8c\x91\xa3\xa6q\
\xdc\x1eY\xa7\xec\xd0\xbc\xc0~\x8f\xdb\x95\xbdC\xa2\x13\
Q\xf3\x87\x08Kq\x82\xb9Z}[\xf9{d'\xb0\
\x97\x04\x5c\xd9\xd9K\x9a\x13\x94\xd7\x0bn=\x9f_j\
\xccb9n \x0b\x0dmU\xd7\xb41\x1d!\x02A\
uh\x9d\xa4\x834\xee \x97\xa6C\x13\xe60\xbb\x89\
i@\x99zB\x93T\xcb>\xa6\xfc\xf4\xee\xe8\xd0\x94\
#u\x90\x9c ^\xde\x14'\xe0\x04\x9c\x80\x13p\x02\
\xe3F\xc0\x14\x9eJ6\xab{9v\xc3t\x9aB\xe2\
\x95'<l\xa13g\x86\x8e\xc6{\x93n\x94!\xd5\
\x00\xdf\x05\x91j\xd6\xd0b$\xa5'\xc1\xddw\xde\x93\
?x\xbb?\xd6\x86\xd1\xf9\x1c\x99\x9a\x84#\xd3Ro\
\xe8\x96\x09\xdcs\xc7\x9d\xf9\x85\xe9F\xb1\x12\xd3\x8a\xea\
\xc8\xf2\x04q7A\xad\x1b\x8a\x0e\xce\x14\x98v\x94\xa2\
\xa5=\xeb\xae:7Sf\xcc\xcf:\xb7L\xee\xc2.\
\xd3\x14\x1c\xf3K\x03 \xdd\xa6\x10\xe9E\xea\xfe`\xfa\
P![\xae\x94Gt\x02N\xc0\x098\x81m\x11 \
\x09r\xb8l+3\x8f<q\x04\xaaqy\xbb\x0d\xd3\
\x90\x0e\xadg\x16\xbb:\xb1\xd4\x19@\xca\x8d\xc6\xfcN\
\x9c\xa1e\xa2\x81\xbe\x13R\xd8\xf8\x9f!\x97\x19I\x11\
\xaaa)\xaa\xe1JR\xc3\xbdw<_K\x9e\xdb-\
\xd5\xe3;\x81\x9d\x13\xb0kv\xe7\xa9=\xe5\xc4\x11\xb8\
\xeb\xees\xf9\x13S\x09.\xd5\xeb\xda\xd5\xa9\xa9\x0bK\
\x10e5\xd4\xa4\xb1$\xea\xb9\xa2<C\xc6\x14\xad\xa4\
\x8be\x89\xad\xe0TJ\x8d):\xc5\xaa\x8e\xae*\xe9\
E\xe8D9Ruz\xb9\x96\x832\x09\xd4\xe9U\xc0\
\xe4](N\x85w\xe5\xe9\xa6\x13p\x02N\xc0\x098\
\x01'p`\x04*\x85\xa7\xd7\xec/\x5cC:z\xc5\
\xc6\xedb\x0cG\x06j\x5c\xb7\xa78l\xe1\xb3\xa5\x1d\
\x9d\xa6-\x84J\xe1\xe9X\x02e\xc4<\x80\x9a$\xa4\
2\x9b\x8c\xb1\x10\xc7\xb8X\xab\xe1\x8e;\xfdMm\xc2\
\xe3\xc7\x01\x11\x08\x07T\x8e\x173\x06\x04\x1e8w[\
\xbe\x14\xd7\xd0\x0a1\xf2\x10\xc1:?\xabv\x90\x82\xa3\
\xde\x0a`\xb9\x18c\xfef31%Fz\x90\xe2f\
\xb0O\xd1\x01*`%\xaa\xbc\x089\x0b\x13\xea\x16\xa1\
\x8f\xc5\x91\xb1\xe22\x9b\x8b\x13\x18?\x02^c'0\
\xea\x04\xc8\xe1\xbb:$G\xbd\xfa^\xbf\x03 \xb06\
Vo\xbd0\x9b\x03H\x7f)\x12\x98\xdd,f\x9a\x9f\
\x99\x90\x12T\x8a\x85H\xa4\xe8d\x0aH\x19`\x8f\xb4\
55\xbf\x98\x97\xd2\xf3\xfc\xf3g\xcb\xe9\x81\xa2\xf8\xe1\
\x04\xf6\x93\x80+;\xfbIwL\xf2~\xe8\xb6{\xf2\
\xfb\xcf\xdd\x97/D3\xc8\xba\x09\x1a\x1d\xa2\xde\xea\xa2\
\xdem#b\x1bY\xdcF'\xee\xa2%\xb1\x9d\x1c\xaa\
\xe3\xaawkH:\x09\xa8\xce+\xd7\xa0\x19\x10i\xe5\
'B\x92G\xda\xda^\x91, \x96;(\x84\x0a\xcf\
i\x0aT)\xe6.DiI\x82\x5c\x13\x1c\xe0\x87\x5c\
+\x97\xbc\xda~\x80U\xf1\xa2\x0e\x81\x00y\xf59'\
\xd7\xfcv[\xa5\xea\x87\xe0\xc3\xcc\xbd\xca\xbf?\x1f\xb2\
lC\xbf\xff^\xbb\x87\xb5\xab\xf2\xdf\xeb\xf2<\xbf\xed\
\x11\xa8\xce\xc3ff\x7f\xaeU\xfc~\x7fsWaf\
\x9a\xbbG\xb6m\xb5<L\xfa\x13\x92\xe5\xf5Knl\
\xf6\xa7;h\xb7\xd5}72\xa8\xbe\xe4Z\x9b\x07\x85\
\xf7\xfa\x91kq\xc9\xab\xed\xbdq\x07\xd9\x03X\x8c\xce\
\xfd&\xb9>/[\xca\xec\x954\xcf\xa5\xce\xe4\xe8(\
^\x17@\x9a+\xbe\xe6\x05\x89\xc6\xfcz\x16\xc1\xa4\xa6\
\xb1?^\xc9\x14#o\x86\x00\x00\x10\x00IDAT\
_\xc3?L2\xae\xe4\x92\xa5hk\xee\xf0Dm\x06\
\xe7\xef\xb8+\x87\x7f\x9c\xc0>\x13\x08\xfb\x9c\xbfg?\
\xe2\x04^|\xf6\x9e\xfcB}\x1asq];:u\
\xe4\xea\x91BF$\xab?<\xec\x22\x0b]\xa4\x91$\
dP\x90ZDD\xb2$\xea\xdc`\x82\xf2CuY\
&\x8a\x86RB\xb1\x19\xc4\x9e8eL\xffv\x02N\
\xc0\x098\x01'p\xb4\x09l\xa6(\x8d2\x9dL\x95\
+%\xc8\x86b\xac/\xc7}\xac\x8c\xff\xa5\x1f\xf4\xb1\
v\xcaXw\x98\x82\xd4\x8c\xeaX\x88\xa7p\xf7\xb9I\
}\xa4m]\x93\xddq\x88\x04\xca\xab\xf4\x10+\xe0E\
\x1f.\x81V\x14\x90JC\xd1\xc2L\xa1\xc8H\x87A\
\x86\x1cfV~U\x0dIVV7\x9d\x80\x13p\x02\
N\xc0\x098\x81]\x100%`#\xd9E\xd6#\x97\
\xd4\xdai\x95\xaaL\xb3\x87L+\xa4\xda\xfdi\x87\x80\
\x17\xddz\x879\xcc\xdb\xc5\x09\xec9\x01Wv\xf6\x1c\
\xe9\xce2<\x8cT\xf7\x9f\xbf5_\x8eP(6]\
)8&\xa6\xe0X\x8fc\xa6)<\xe4z\x05\x87\x5c\
\xef>\x8cz{\x99N\xc0\x098\x01'\xe0\x04\x9c\xc0\
h\x13\xe8Ulzkj\xfe6\xf9\xd4:+\xcc\xde\
\x0e\xd4\x0eO\x84\x07\xce\xdcf\xd3\x8f\xde\xa8nw\x02\
{B\xc0\xae\xb7=\xc9\xc83\x19/\x02w\xdc}6\
\x7f\xa2Q\xc7R\x14\xa1\xa3\x1e\xc7^2`\xca\x8d)\
<f_\xd7\x1a)8\xe4\x9a\x92C\x12$\xd7Eq\
\x87\x13\xd8c\x02\x9e\x9d\x13p\x02N`\xa2\x09\x04\xed\
hl$\x93\xd0xSfL\xac-\x95Y\xd9\xa9I\
G\xa6\x95U\xdb\xd9YL\x22\x5c\x98\xaa\xe1\x9e\xb3g\
\x5c\xe11@.{J\xc0\x95\x9d=\xc59\x1e\x99\xdd\
{\xc7\xed\xf9\xe5\xda\x14\x16\x93:\x9aZQ1\x05\xc7\
$\xd5\xee\x8e\xfa\x9db\xa7G}P\xd1\x98\xde^\x87\
\x5c\xaf\xe0\x90\xeb\xddE\x02\xffr\x02N\xc0\x098\x81\
} \xe0Y:\x81\xf1%P):\x95i-1\xbb\
=6\xdf\xd1T\xc2\x16^\x17\xa2\x18\x97\xebu\xdc\xe9\
\x0a\x8f\xe1q\xd9C\x02\xae\xec\xec!\xccq\xc8\xea\x81\
\xb3\xb7\xe7\x0bI\xa3x\x19A\x97u)6\x11\xecu\
\x90\x95d\x08Ry\xd6\x04r\x17b/\x19\x90\x10\x11\
 \xb3\xf0+\xc2\xe0\x1f'\xe0\x04\x9c\x80\x13p\x02N\
`\x9b\x04l\xb2\xbf\x91l3\xbb\x91\x8bnm\x1bT\
)\xf3\xb7\x97\x1b\xd8[\xddl\xee\xd1\xd5\x0eW\x97\x11\
ZQ\x82fT\xd7B\xec4\xee\xbeu\x0b\x8f\xb4\x0d\
\xca\xdc\xfd\x9c\xc0\x00\x02\xae\xec\x0c\x802\xc9^s\xb5\
R\xd1A^\x07\xb3\xb8xe\xa4\xad\xac\xe4\x04*\xe9\
m?\xa9\x80^\x0f\xb7;\x01'\xe0\x04\x9c\x80\x13p\
\x02\xbb&`\x93\xfe\x8dd\xd7\x05\x8c@\x06\xd6\xbea\
\xd5H5\x03-\xc4&\x1f\xb6x\x9akN\x82DJ\
O\x0d\x0bI\x1d\xf7\xdcrk>,\xad\xfb;\x81\xed\
\x10\xd0\xa5\xb6\x9d\xe8c\x1b\xf7\xc8W\xfc\xfe3\xdf\x9c\
\x9f9\x7f[>\xcf\x80N7 n\x025I\xa4\xae\
\xc4\xfa\x19Sx*17V>y\xaa\xf5\x97,/\
~Dh\x9d\x96\x89\x05\xc9\x17&f\xdf\x8dX~\x1b\
\xc9n\xf2\xb6\xb4$\x8b\xdf\x17\x91\x83M\x8b3\xceB\
\x96\xed\xeaoC\xc5\xb4\xdf\xff\xa8\xb9\xc9\x8d\xf9T\x9c\
\x86\x99\x9b\xf1\x22\xcb\xfc\xc9\xdd\x99\xfd\xe5T\xf5\xe9\xf7\
\x1f7w\xd5\x8ea\xe6\xb8\xb5\xa7\xbf\xbe\xe4\xc6\xe7}\
X\xbb+\xff\xfe\xfcF\xd5]\xd5\xd7L\xab\xa3\x99&\
f\xdf\x8d\x90%\xbf\xfe<,\xef\xad\x08\xc9\xd5\xa4U\
\xfc\xca\x83\x5c\x0b\xab\xfc\xf6\xda$\xb9\xab\xf1\x85\xdc8\
=\xb9\xbf\xe1\x15\x8f\x8a]efY\x06\x93*|\x98\
Y\xc5\x1ff\x92e\xfd-}\x15\xc7\xec$\x81@\xe4\
I\x84Lf\x84\x08!%\x22\xcdMB\x1a!\xd5B\
l'\xd4\xb0X\xab\xe3\xde3\xfe\x1b\x1e\xf8g\xd7\x04\
\xc2\xaes\xf0\x0cF\x9e\xc0\xfd\xb7>/\xbf8U\xc3\
\x5c\xbd\xa6\x15\x93H\xf5\x8dP\xd3rJ]\x1d\x0b\xf3\
p\x95\xd2B)@\xd0\xa72e\xf5c\xe2\x08x\x83\
\x9c\x80\x13p\x02N\xc0\x09\x1c\x1e\x01[X5\xb1\xb9\
\x86-\xbc&ZA\x8d\xa5\xf4\x04\xcdK\xba\x8c\xb0\x1c\
GX\xa8\xc5\xb8\xff\xccM+\xb3\x92\xc3\xab\xab\x97<\
\xde\x04\x5c\xd9\x19\xef\xf3\xb7i\xed\x1f\xbc\xf9y\xf9\xa5\
z\x1ds\xda\x12^\x8e\x12)61\x82\xba\x8d$\x05\
bu,f\xd7\x12\x0b\xa0\xce\xc5\xc4\x94\x9fJ\xac\xc3\
\xa9\xa4\x88\x83\xa0\xf2J\xc9\xb5Cd\x22\x8f]\x1d$\
w\xb52\xb6\xab\xc2=\xb1\x13p\x02N\xa0\x22\xb0\x0f\
&\xe9\xfd\xdb>`\xf5,'\x80\x80)9\x19\xb5\x83\
$\xa1f&\x91\xe6#\xeb\xe7%@'\xc4X\x8ac\
,h\x07\xe8\xa1\x9b\xbeY3\x97\x09h\xb87\xe1P\
\x08\xd8\xcc\xf5P\x0a\xf6B\x0f\x86\xc0\x9c\xb6\x81\x97\xe3\
:\xda!A\xa6\x95\x92LJJQ\xf2J\x07Cu\
\x1f\xa5\xc2\x03\x10@\xe5\xae\xfc\xb0\xf2\xe9u\xe7\x16q\
\xc5\xdf\x0d'\xe0\x04\x9c\x80\x13p\x02N`\xf2\x08\x1c\
\x5c\x8b2-\xc2J\x90kI5/\x8a\xcd4\xcfH\
5CmGD+\x8a\xb1\x98\xc4\x85\xbf\x7f9\x81\x9d\
\x10\xd0\xa5\xb4\x93d\x9ef\x1c\x08\xdc\x7f\xe3\xcd\xf9r\
\x98B\x07u O\xc0\xac\xec,2i4\xdd(\x85\
I^(=X\xa7\xe8(\x18\xbd\x02\xff8\x01'\xe0\
\x04\x9c\x80\x13p\x02N`\x8f\x08\xd8\x1c#\xe4\xd9\x8a\
\x92\x93\xc1\xe6\x22\x19\xbbHCi/\x16U\xb53\x0a\
-\xd2v\xa3\x08\xad\xb8\x86\x87n\xbe9\xdf\xa3\xe2=\
\x9b#F`\x8f\x94\x9d#Fm\x0c\x9a\xfb\xc0\xb7\xdc\
\x5c\xbcb\xba\x13JE'\x92\xa2\x13eA\x1d\x0b\x8a\
\xce\xa4\x15w\xd5yt\xb5\xdb\x83U\xc5&\xa8\x1b\xb1\
\x0e\x08\xfa\xd8\x85QI\xe5'\xef\xd5CQQ\x88V\
_V=w`!\x09r\xb8\xec KO\xe2\x04\x9c\
\x80\x13\x18\x09\x02\xe4\xf0\xbe\x8d\xe4H\xd4\xd1+\xe1\x04\
\x0e\x87@\x06j\x16\x11\xe5\xc5L\x029\xb3bn\x92\
\x86R\xe1\xc9\xe4\xb6;\x84y\xd0<%Zy\xa4-\
9\x9c\xaaz\xa9cO\xc0\xe6\xb3c\xdf\x08o\xc0\xd5\
\x04\xe6k54\x8b\xdf\xe8D\x88\xa4\xe8\xd4\xba\x11\x92\
\x94\xea\x5c2d!\x93\xa2S\x8au0\xa6\xe4\x98T\
JMPv\x95]V?vB\xc0\xd38\x01'\xe0\
\x04\x9c\x80\x13p\x02\x03\x09P\xbe\x91\xf4\x1cBs\x12\
\x9a\xa2\x93\xa3+\x8f\xae&#\xb6\xbb\x03(Pq\xaa\
\xf9H\xc6\xa09M\x8c{n;\x97\xbf\xe0\xcc\xd92\
P\xe1~8\x81\xad\x10\xb0\xebh+\xf1<\xce\x18\x11\
\xb8\xeb\x96\x9b\xf2\xa5X\x1dC \xac\x83\x089\xa1>\
\x04I\x96#\xcaP\xec\xe4\xe4\xd2fL0\xe0\xa3(\
P\x92\x22\xc4\xec\x85\xc5\xbf\x9c\x80\x13p\x02\xbb \xe0\
I\x9d\x80\x13p\x02\xbd\x044\x0d\xd1|\xc4\xa6\xa1\xb6\
{\x03h=Vs\x96R\xcd\xb19\x88\x85[\xfc\x1c\
1:\x8c\xd0\x8a\x22,$\x09\xe6\xb4\x98k\xfe.N\
`\xab\x04\xec*\xdbj\x5c\x8f7\x06\x04^x\xd3\x8d\
y+\xa9\xa1-e'\x93t\x99\x22\x85T\x96\xdc$\
E0\x85'\xcd\x8b\xf7\xd9G]\xa8\xa3\x01l\xbb\xd8\
$\xd7\x8eO%\xb6\xb2b\x92)})\x19\x14\xb3\x10\
*\xaf\xa0^\xc8D\x86\xfc\xf6\xef \x09r\xe7\xb2\x93\
\x9aU\xff\x0f\xc0\xcc\x9d\xa4\xefMCr\xd5i\xf9\x99\
T\x1e$w\xd56\x92\xab\xff\xff\xa8\xca\xb32\xc92\
\xef\xca}TM\xe3m\xd2\xdf~ro\xf8X\xde\x1b\
IUn\x7f\x1c\xfb\x1f\x16&\x95\x7f\x15\xaf2\xc9\xbd\
\xa9_\x95\xdfa\x99U\xfb\x86\x99\x9b\xd5kX\xba\xca\
\x7f\xb3\xf4\xbb\x0d'\xcb\xf3@\x0e6\x0f;\x7f\xb2\xac\
W\x7f=\xb6\xcb\xa7\x8a_\x99U~\xfd\xee\xca\x9f\x1c\
\x5cn\x15\xbeUs\xb3\xfc\xc9\xb2\x1cr\xb0i\xe5\x90\
eX\x08\x01&d\xe9\xee\x0d#K?ro\xcd\xaa\
\xfe\xc3Lr\xc3\xf2\xac\x8a\xfb*\x83\xfa\x98\xaa\xae\x83\
\xc2\xaa\xca\x90e\xbd+\xf70\x93,\xe3\x91\x83\xcd\xaa\
,3\xaf\xca#\x0f\x1a\xbf\xcc\x97\xfa\xa2\xc6\xc2\xb0*\
\xc1\xfe\xef\x8e\xbd\xaa@\xfb7\x99\xec\xa9\x14\x9d.\x13\
);54\x93:\x96\x92\x06\xce\x9f\xbb;WB?\
\x9c\xc0\x96\x08\x84-\xc5\xf2HcC\xc0\x1e]\xb37\
\x97t\xd5\xf1\xa7:\xbb\xb6R\x92k\x8b\xd8\x84\xe4j\
;J%E\x11V}*Uf\xb0\xd9\x13\xad\xb0Z\
z\x93\xc2\xe1_N\xc0\x098\x01'\xe0\x04\x9c\x80\x13\
\xd8\x0e\x01)<\x18$\x96\x87\xfc)E\xc7\xc23)\
>)C\xb1\xbbc;<\xed\x10a)N\xf0\xa2\xdb\
\xce\xe5\xf0\xcf\x04\x11\xd8\xbf\xa6\xac\x9f\xed\xee_9\x9e\
\xf3\x01\x10x\xf1\xb7\xde\x92\xb7#\xeb\x10\x08\xeb\x18R\
)7\xb6\x15\x9cI\xc7\xc9\xb52\x92\xca\xac$\x8f\xe4\
\x08\xf9\xea\xe3j\x07P=/\xc2\x098\x01'\xe0\x04\
\x9c\x80\x13p\x02;\x22@j\xde\xb2\x9227\xe5'\
\x94o\x98]\xf1r\xc3\x09\x0c%\xe0\xca\xceP4\xe3\
\x17\xd0L\x22\xb4\xb5\xda\x91F\x91\x16C\x22@\x0aN\
.A`\xa1\xd4\xac*>RtR\xed\xf6\x98\xe2\x83\
1\xfdx\xb5\x9d\x80\x13p\x02N\xc0\x098\x81\xa3A\
\x80\x5cSt\xac\xc5\x99\xe65\xf6\x1b\x9e\x87n\xf1\xdd\
\x1d\xe3\xe1\xb21\x01Wv6\xe63\x16\xa1\x0f}\xeb\
m\xf9\xbdgn\xcf\x17\x93\x1aZRd\xba\xf6\x08\x9b\
:\x86l\xa5o\xc8\x11`vR\x1e\xea 2\xb5\xca\
\xdc&\xa6\x00\xc9\xe9\x87\x13p\x02\xe3M\xc0k\xef\x04\
\x9c\x80\x13\x988\x02$Ar\xb5]$\x0bw\x0e\x16\
\x8b\xbb\x8b\xf5\xfaj\x98[\x9c\xc00\x02\xae\xec\x0c#\
3F\xfe\x0bRr\x16\xb5\xa3\xd3\xd4\x8eN[\xdb\xba\
\xa9vs2m\xf1j{G\xad\x08\xc5K\x08\x22u\
\x0cr\xac\x1ed\xd9a\xacz\xb8\xc5\x098\x01'\xe0\
\x04\x9c\xc0\xc4\x10\xf0\x86\x8c;\x01\x92\xeb\x9a@\xae\xb9\
S-\xeaV\xbf\xddy\xfe\xb9\xf3\xf9\xba\x88\xeep\x02\
}\x04B\x9f\xdb\x9dcF\xe0\xde\xdb\xce\xe6\x8b\xb5\x18\
\xad$AG\x0aO.e\x07Rv\x22T\x7fD \
\x0b\x85\x87\xea\x0eL\x22\xb9\x83\xec&\xe6\x86\x7f\x9c\x80\
\x13p\x02N\xc0\x098\x01'0\xa2\x04H\xae\xab\x99\
=\xa1b\x8b\xbb\xb6\xc8\xbb\x90\xd4\xf1\xc0Y\xff\xdf;\
\xeb\x00\x0dr\x1ca\xbfp\x84\xdb>\xf6M\x7f\xd1\xad\
\xdf\x92/\xc654\xe3\x18\xf6\xecjWJN\x06\xfb\
\xc1^\x90r\x13`\xff[\xc7\x14\x1a\xfb\xdf:f\x06\
\xb58\x92v\x13\xd4KX\x98\x89\xbc\xfcp\x02N\xc0\
\x098\x01'\xe0\x04\x9c\xc0\xf8\x10\x08\x11\xec\x09\x96\x8e\
\x16x\x9bQ\x8cE-\xf8\x8eO\xe5\xbd\xa6\x07M\xc0\
\xe6\xbf\x07]\xa6\x97\xb7G\x04\x16\xeb\x0d4\x93\x1a:\
\xba\xd13\xdd\xf89\xca\xd3\x19eRt2\xa0Pp\
\xd2\x1c\xccr O\x01\x99An\xfb_;\xe6gb\
~\xf6\x0e\xfc^\xc9\xb2\x0c\xf6\x0e~\x13\x92 yU\
\x8d\xab\xf8W\x05l\xd3\xa3\xcag\x98\xb9\xcd\xec\xb6\x1d\
}P\xb9\xdb\xced\x83\x04\x96\x7f\x15Lr\x1d\xcb\xde\
\xb0*\xcevM\xb2\xcc\x93\x5c3\xb7\x9b\xc78\xc77\
\x86\xfb)\xbbeS\xd5\xad?\x1f\xb2<_\xfd\xfe\x93\
\xe6&\xcbv\x92\x83\xcd\xcd\xdaK\x0eNG\x96\xfe\x9b\
\xa5\xdf,\x9c,\xf3!\x07\x9b\x9b\xa5\xdf\xefprp\
\xbd\xc8\xd2\x7f\xb3\xeb\x8b,\xe3\xf5\xd7\xb3J\xb7\x99\xd9\
\x9fn\xbb\xee\xcd\xf2\x0f!\xc0\x84,\xebI\x96\xe6v\
\xcb9\xac\xf8dY_r\xb09\xa8^\xbdL\xc8\xc1\
\xe9\xc8\xd2\xbf7\xee \xfb\xa0\xfc{\xfdH\xae:\xab\
\xf4\x95\x07\xb9\x16V\xf9\xed\xb5I\xb2\x18\xf3\xc8\xdd\x9b\
\xfdu\xb3\xf6d\x9a\xd3\xa4 :Z\xf0m\xfb?\x1a\
\xedG\xe4\xee\x1e\x02\xe5\xec\xb8\xc7\xc3\xad\xe3A\xe0E\
g\xcf\xe4\xcd\xa8\x8e\x8e\x06\x0b[\xdd\xc8W\x14\x9d\x90\
\x07h\xf3F\xb7?JeGz\x0e\xd5$\xf3\x93Q\
\x84\x99\x12T\xed\xf6\xd8#m$A\x0e\x16K\xe3\xe2\
\x04\x9c\x80\x13p\x02N\xc0\x098\x81\xd1\x22\xa0\x09\x8e\
*d\x0aO[s\xa0\xe7\xdf\xe9\xffhT8\xfc\x18\
@ \x0c\xf0s\xaf1 \xb0$E\xa7\x1d\x12m\xe3\
r\xb5\xb6f+\x14\x19\xdd\xfff\x16\x0a\x0e3\xd8?\
\x14\xcd-p%\xa6\xf9\x97\xbb?~\xfaW\x90\xb8\xe1\
\x04\x9c\x80\x13p\x02\xdb!\xb0\x85\xb8$\x87.\xa4\x91\
\xdcB\x0e\x1e\xc5\x09\x0c&\xc0<C\xb0\xc9\x0c\xb2\x22\
B\xc6\x18MI\xe1\xf0/'\xd0G\xc0g\xbb}@\
\xc6\xc1\xf9\xd0\x99\xb3y+\xd4\xd1e\x82\x1c\xe5)\xb4\
a\xc3\xee\xfb\xa0\x0e\x00+7\xbf\x99\x99\x1ad\x92*\
\x82)<&\xf2*\x0e\x8b_X\xfc\xcb\x098\x01'\
\xe0\x04\x9c\x80\x13p\x02cD\xc0\x14\x1e\xda|'\xcb\
\xd1U\xbd\x9bZ\x00\xbe\xf7\xdc}\xb9\xac\x87rx\xa1\
\xa3K\xa0\x9c)\x8fn\xfd\xbcf\x03\x08,\xc75t\
uS#\xaf)4@z\x0c\xec\xa67\xe5\x06\xda\xc9\
)D\x1d@\x1a2\x98t\xa3\x0c&\x1ds3 \x95\
@JR^\x98\xca\xc2\x0f'\xe0\x04\x9c\x80\x13p\x02\
N\xc0\x09\x8c\x0b\x81b\xae\xd3\xd1\xfc\xc7$C\xae\x95\
\xdc\xb6\xe64\x8bq\x1d\xf7\x9fu\x85g\x5cN\xe3A\
\xd53\x1cTA^N/\x81\x9d\xdb_|\xdbm\xf9\
r\x94 \x85\x14\x9d<\x02s;\x85\xd9\xba\x0c\xcd\x95\
\xa9#\xd0\xbd\x8f\xae\x82mW\xc7$3\xbb\xc4\xfcM\
,\x11I\x90\xc3\xc5\xe2\xb88\x01'\xe0\x04\x9c\x80\x13\
\xd8.\x01r\xf8\xd8Br\xbb\xd9y|'\xb0\x8e@\
\xd0\xa2\xae\x89\xbd\xac \xd5\xa4\xa6\xcd\x08\x8bQ\x84\xb9\
z\x0d/:\xeb\xbf\xdfY\x07\xeb\x88;4\xf5=\xe2\
\x04\xc6\xac\xf9\xcb\xba\x91[Q\x8c\x1c\x91j^\x9e>\
{\x1c\xcdlv\xd3\x9b\x92\x03):\x99\xed\xe2\xac\x88\
\xed\xeat\x15\xbd\xa3H\xa6\xf4\xa4+f\xa6\x1c\xfcp\
\x02#A\xc0+\xe1\x04\x9c\x80\x13p\x02N`\xcb\x04\
\xeci5\x9b\xc5d\x08y.\xb5'GW\xcaNK\
\x8b\xc1\x8bq\x82\x05\x7f;\xdb\x96I\x1e\x85\x88\x9a\xf6\
\x1e\x85fNF\x1b_t\xf6\xe6|\xa9x\x84\x8d\xb0\
\xe7T\xe3\xccnr\xbb\xd9\xad}\x95\x09)B\xe6.\
\xa5zQ\x81)D\xa5\xcf\xda\xb7\x16B\xd4A\xac\xb9\
\xdd\xe6\x04\x9c\x80\x13p\x02\xa3A\xc0k\xe1\x04\x9c\xc0\
f\x04\xca)l\xc6r\xde\xd3e*\x85G\x22\xefV\
\x14\xf0\xd0\xad\xe7\xf3\xcdr\xf0\xf0\xa3A@\x97\xc4\xd1\
h\xe8$\xb4r.9\x86\xa6V-\xec\xee\xade\x1d\
\xd4\xb3\x16B\x96\xa2\xda\xc2\xcd\xa0\xd3\x99\x07pE\xa2\
,\xa0\x86\x18\xf5B\x82\xcc [\xaeX9riA\
\x85hE\xc4\xd2\x0f\x13\xec\xf3\x87$\xc8\xe1\xb2Y\xf1\
\xc3\xea\xbdU\xff\xcd\xf2'\xcb\xba\xf5\xc7\xdb\xab\xfc7\
\xcb\xa7\xbf\xdc~\xf7\xa0\xf4\xfdq\xc6\xd9=\xa8}\xbd\
~\x9b\xb5\x8d,\xcf\x1f\xb93\xb3\xb7\xacA\xf6\xcd\xca\
?\xea\xe1\x83\x98\xf5\xfa\x1d6\x9f\xde\xbalf?\xec\
\xba\x0e*\x9f\xdc\xf8\xba\xae\xda\xd4\x9f\x96,\xd3\xf5\xfa\
\x93\xa5_\x08\x01\x95\xf4\x86\x8f\xa2\xbdj\xdf0s\x14\
\xeb\xdc[\xa7a\xf5\xae\xfc{\xe3\x0e\xb2W\xf1\x86\x99\
\x83\xd2l\xc7\xaf\xca\xb7?\x0dY^+\xfd\xfe{\xed\
\xae\xca_1\x8b\xb9Neg\xa6\xd2\xd2\x18y\x96 \
\x07\x91G)\x10u\x01v\xe4\xd7E\x9a\xe6hj\xc6\
\x03\xff8\x01\x11\x08\x12?\xc6\x80\xc0\xf3o\xbb\xb7\xf8\
\xbf:\xdd\x90 \xa3N\x9bV0\x08\xdd\xdc\xb0;\xfe\
\xea\x060\x87\x94\x9eR\x82\xa2Tb\xfe\xf0\x8f\x13p\
\x02N\xc0\x09\x1cy\x02$A\x96R\xc1\xa8&\x93f\
V~n:\x81\xd1#\xa0y\x90\x96nQ<\xd2_\
\xd6\xce\xe6Dae^\x94\x13\xe8\x84\xa8\x0c\xf0\xef#\
O\xc0\xae\x96\xc9\x830\x81-j\xeb\x9eMu\xf3J\
o\x81\x99]\x0dP\xdd\xa0\xd5\x0c\xdd\xcc$W\x07,\
r\xbd}3\x14\xe4\xfa\xf8\xe4z\xf7f\xe9=\xdc\x09\
8\x01'\xe0\x04\x9c\x80\x13p\x02\x87I h\x817\
\xca4\x7f1-GJP\xaa\xb9LW\xbb\x94/\xbe\
\xd9_Tp\x98\xe7eT\xcavegT\xce\xc4&\
\xf5\xe8\xd8\x8d\xab8\x19\xa8\xbd\x1c\xc2\xdcm\xf9\x15\xf7\
\xb5\xfc\xfdp\x02\x1b\x11\xf00'\xe0\x04\x9c@?\x01\
R\x93\xc3\x15\xa9\xc2lG\xa7\x92\xca\xcfM'0j\
\x042U\xa8\x9a\xff0\x0f(\x95\x1d \xb2\x00\x0b\x93\
\xc2\xd3\x8e\x02\x9a1\xe5\xf2\xe3\xa8\x13peg\x0c\xae\
\x80\xfbn;\x9fw\x22\xc0nl-^\xc0\xa4\xad\x9b\
\xd8\xde\xae\xb6r_\x8fA+\xbc\x8aN\xc0\x098\x81\
p\xab\xdc\xfd\x00\x00\x10\x00IDAT\x91!\xe0\x15\
q\x02N`\xcc\x09dRhL\x82\x94\x9d(\x0b\x88\
%\x91\xec\x94\xa4\x9a\xdd\xb6\x22b)\x09x\xe0\x8c\xbf\
\xa8\x00G\xfc\xa3\xcb\xe1\x88\x13\x18\xf1\xe6?p\xeb-\
\xb9\xdd\xac\x1dm\xc7\xdaMmk\x14\x19C\xf9(\x9b\
\xfc\x10\x08r\xb8l\xd6<rxZ\x92\x9b%\xf7p\
'\xe0\x04\x9c\x80\x13\x18S\x02\xd5\x0e\x8e\x99U\x13H\
\xae\x8e)\x95\x9f\x9bG\x81\xc0\xf8\xb51\x87MaC\
\xf1\xfbdSvlW\xc7LkI\xaay\x92\xbd\x91\
m9\x8a\xb1\x90\xc4\xe6\xe5r\x84\x09\x84#\xdc\xf6\xb1\
h\xfa|\x1c\xb0\xac\xd5\x89\x14\x1a\x80\xf2\x1c\xc8rP\
\x92\xe5D\x17\xf9X\xb4\xc1+\xe9\x04\x9c\x80\x13p\x02\
N\xc0\x098\x81\xbd\x22\xa0)\x10\x0aQ\x866\x91\xb5\
\x97/\x95\xbb:\xf2\x90\x12d\xcaN;\xc4\xc5cl\
\x8bI\x84\xfb\xcf\x9c\xf5\x09\x93\xa19\xa2b\xd7\xc8\xb6\
\x9b\xee\x09\x0e\x86\xc0\x0bn\xbd1o\xc61\xdaRv\
\xb2B\xd9\x01l\xd5\x22\xac\xde\xb2\x01\xb9n\xea\x83\xa9\
\x8d\x97\xe2\x04\x9c\x80\x13p\x02\x93D\xc0vt*\xa9\
\xdaE\x12d)\x95\x9f\x9bN`\xd4\x09\xd8d\xd6\x14\
\x1e\x13H\x0b\xcaAd\xba\x8e[\xda\xd9ij\xd1x\
\xc9wwF\xfd\x14\xeek\xfd\xec\xfa\xd8\xd7\x02<\xf3\
\x9d\x13hjU\xc2V&\xd2\x95w\xc5\x9b\x92c\x12\
\xe9&\x0eRr\x22\x99\xd0nO5X\xed\x87\xb9Y\
\xed\xc9rP$\xd7\xcc\xde4\xe4\x9a?y\xb5\xbd7\
\xeeV\xed\xbd\xed\xdcj\x9a\x9d\xc6\xab\xca\xeaOO\xae\
k\x0b\xc8\xc1\xee\xfet{\xed&\x07\x97K\x96\xfe\xbb\
-\x8f\x1c\x9c\xcf0.\xdb-\xaf\xcag\x98I\x96\xe5\
\x93;3\xb7[\x9f\xfe\xf8\xe4\xc6\xe5\xf6\xc7w\xf7z\
\x02\xe4\xee\xf8\x91\xbbK\xbf\xbe6\xdbw\x91k\xe5o\
?5\xd4=\xe7\xbb\x92,\xcb\xb0\x91lV'r\xad\
\xfe\xe4\xc6\xf6*\xaf\xde{\xb1\xf2\xdb\xa9\xd9\x9b\xd7 \
\xfbV\xf3\xedO[\xa5#\xb7\xd6\xa6*\xfeA\x9b\xfd\
\xf56wo\x1d\xc8\x8d\xebo\xf17\x92\xde\xbcvb\
\xb7\xbc\xabtdY\x97\xca\xdd\x1bV\xf9\x1d\xb4iu\
\xd8HR\xe4\xc8$\xc3\xe2t\x14\xda\xc9\x81V\xf1H\
[\x84\x87n\xbaU\xae\x83n\x85\x977\x0a\x04\x5c\xd9\
\x19\x85\xb30\xa4\x0e\x1d\xd6t\xabF\xc8u\xa3VQ\
\xb4V\x01[\xb9\x88\xa4\xe4D~\xdbVX\xdct\x02\
N`\xa4\x08xe\x9c\x80\x13p\x02\xfbM S\x01\
\x99\xe6I(D\x1b:r\xeb\xb0I\x92\x0c\xe4A\xf3\
'\x22\xd7\xe2p;\x04\xd8ox\xcc\xdb\xe5\xe8\x11p\
egD\xcf\xf9\x8bn\xba=O\x99 c\x0c\xe4\xd4\
Q\x9d\xaaL\xb7m\x06Stl\x97\x87\xf9\xc6\x0d \
\xcb\xd5\x1ar\xb0\xb9qj\x0fu\x02N\xc0\x098\x81\
\xc3\x22@\x0e\xee\xb7\xc9\xd2\xff\xb0\xea\xe5\xe5\xee\x80\xc0\
\x0e\x92\x90\xe5y&\x07\x9b;\xc8r\x22\x93h\x8a\x84\
,dH)\xc5\xa7\x9a*\xa9\xa54)\xe6HRz\
\x10K\xd9\xd1|J~~\x1c=\x02=\x97\xc5\xd1k\
\xfc(\xb7\xb8\x15\x12t\x0bE'R5\x032}\xdb\
\xab\x14M2\xdd\xd0\xcc3\x04\x09\x8a\x10\x05\xee\xd3A\
r\xe8#Z$\xf7\xa9T\xcf\xd6\x098\x01'\xe0\x04\
\x9c\xc0x\x13 \xe9\xe3\xe7\xbe\x9eB)7\x9a\x0f\xd9\
\x9c\xc8\xa4\x9a\x1f\xe5*\xd3\x16\x82\xcb\xb7\xb3\x01Qf\
S]\xa2\x1b\xfcE\x05B32\xc7AV\xc4\xae\x80\
\x83,\xcf\xcb\xda\x02\x81\x87\xbe\xe5|\xde\x0e\xf6\x08[\
\x22\x85&\x80\xc5V,\x8aU\x8b4d\xc8us\x9b\
\xfaC):a\x0b\xf9y\x14'\xe0\x04\x9c\x80\x13p\
\x02N\xc0\x09L\x12\x81b\xfe\xa3\xf9\x90\xcd\x89\xd2\x90\
#\xd5\xfc\xc8\x04\xf2\x0b\xc8\x11g\x19jZ)V\x10\
L\xf9I\x09\xb4\xe2\x80\xe7\x9f\xb9\xc9\xf4\xa1IB\xe1\
m\xd9\x84@q\xadl\x12\xc7\x83\x0f\x98\xc0R\x12\x15\
+\x109\xb4\xab#E\xc7\x8a\xb7\x9b\xb4\x1b\xe5\xf2\xcf\
uC\xdb}\x9aI\x11\xb2\x90\x8d\x85\xe4\x04\xac,m\
\xdcF\x0fu\x02N\xc0\x09L\x22\x01\xd2\xfb\xefI<\
\xaf[m\x13\xe9\xe7\x7fcV\x99\x82s\xe4\xd2d2\
\x02\xd9\x8a\x99K\xd9Q\x004eB\x9c\x02\x89\xc4\x14\
\x9e\x94\x01\xed\x10\xb0,\x85\xc7\xc2]\x8e\x0e\x81pt\
\x9a:\x1e-}\xe8[\xcf\xe4\xf6\xaa\xc4.cH\x9d\
Q\xa5u\x07#\xe8f\xce\xb4\xb3\x03):@.\xdf\
L\xdeT\x0cY\xf7\xf5 \xe9\xca\xd2\xbe\x12\xf6\xcc\x9d\
\xc0\x0e\x08x\x12'\xe0\x04F\x9e\x00\xe9\xe3\xe7A\x9c\
$\x9b\x0feRplW'5\xadF\x85J\xef\x81\
=\xc6\x16K\x1f2\xa1\x16\x8es);]\xcdz[\
1\xf1\xd0M\xdfhS)\xc5\xf4\xe3(\x10\xd0i?\
\x0a\xcd\x1c\x9f6\xda\x16kK\x1b:vC\xda\x0f\xee\
\xac\xe6\xf6\xdb\x1c\xcab\x22\x03\xd9\x8a%\x97\x12dn\
\x17'\xe0\x04\x9c\x80\x13p\x02G\x99\x80\xb7\xfdh\x11\
0e\xc6dE\xb7Q\xe3m:\x1b\x8a\xc7\xd5\xe4\x80\
-\x06\x13\xa5>cs&{\x89\x81\xed\xec\xd8\xefv\
Z\xa1\x86\xa58\xb1h.G\x84@8\x22\xed\x1c\x9b\
f\xda\xab\x11;\xa6\xecD])5\xf6\x16\xf9\xae\xb6\
rRDi\x8e\xb8\x8bB \xbb\x0et\x8b\x17\x14\xec\
\xaei$A\x0e\x97a\xef\xaf\xaf\xfc\x07\x95N\xae\xe5\
7(|'~UyfZz3M\xcc\xbe\x9fb\
el${Y6\xb9\xc6\x8d,\xed\x9b\xe5\xbfQ\xdd\
,\x8c,\xf3!\xd7\xcc\xcd\xf2\x1c\x14Nr\xd5\xdb\xf2\
]u\xec\xd2Br\xc3\xebo\x97\xd9o\x9a\x9c,\xcb\
\xef\x8fhm4\xe9\xf7\x9f4\xb7\xb5q#\x19\xc5\xf6\
\xf6\xd6w\xbf\xeb\xd7[\xd6N\xec\xfb]\xbf\xdd\xe6O\
\x96\xd7?9\xd8\xdc,\x7frp:rk\xfe\x9b\xe5\
_\x85\x93\xeb\xf3\xab\xfc\xabsR\xb9\xcd4\xbf\xea\x7f\
\x13\x99\xfb0\xc5\xea\xb2\x91\xecw\xdd\xc8\x92[\x7f9\
U\x9dH\xae\x06U~\x95\x07\xb9\x16V\xf9\xed\xb5Y\
\x959\xcc\xdc\xac<j\xb7\x86\xd2b\x22i3&q\
J\xed\xe6pE\xe1\xc9`\xcf\xfa\xa7\xda\xd6\xe9\x86\x0c\
m\xcd\xab\xda\x81\xb0\xdfC\xa7a\x1aK\xc9,&\xfc\
\xe3\xcd\xeb!\x10z\xecn\x1d\x01\x02\x9d\x10\x90\xea\xc6\
4\xc9e\x929\x22\x10\xb1\xdd\xd02\xc3\x8aP\xbe`\
\x04\xff8\x81\xfd$\xd0;\x08U\xe5\x90\x04YJ\xe5\
\xe7\xa6\x13p\x02N\xc0\x098\x81\x83&P*<\x9a\
\x19\x15\x8aOe\x96\xb5\xb0G\xdbLl>%=\x08\
\xb6\xb3\x93j\xeed\xd2\x09\x09\x1e8sc\xb9\xf5S\
F\xf7\xef\x09&\x10&\xb8mc\xd7\xb4\x87n\xbc%\
\xcf\x18\x90C\x22E&\x97d\x84vx\x80\x5c\xe6\xbe\
5\xc83\x1eJ\x80\xe4\xea\xc4\x9e\xbc\xda>4\xa1\x07\
8\x01'\xe0\x04\x9c\x80\x13p\x02#I\xc0\xe6V\xa6\
\x00\x8dd\xe5\xbcR{N\xc0\x95\x9d=G\xba\xf3\x0c\
SM\xa6S\x02Y\xa4\xaf\x01\xd9\xd8\x12D\xaf\xd2\xa3\
M\x9f\x01\xb1\xdc\xcb\x09\xec\x1d\x81\xa3\xba\xb3\xb3w\x04\
=''\xe0\x04\x9c\x80\x13\x185\x026\x9f\xea\x06\x9f\
\x02\x8f\xday\xd9\xaf\xfa\xf8\x99\xde/\xb2;\xc8\xb7\x1b\
E\xc8u\xf3e\xc5\xceN\x99\x81)7&\xb6\x0a\xb1\
\xf2 j\x11\xc0\xbc0\xfc\xcb\x098\x01'\xe0\x04\x9c\
\xc0~\x13\xf0\xfc\x9d\xc0D\x11\xb09U\x97\xfeS\x80\
\x89:\xa9\x1b4\xc6\x95\x9d\x0d\xe0\x1ct\x90\xfd\x80\xae\
\xa33b\xca\x0d\xc9\x9e\xc7\xa7\xa4\xd9\xc8-\x0f\x1d\xbd\
\xfe<\xe8*\x1e\xb9\xf2H^\xc5\x9c\x5c\xf3\x9bt \
\xe4\xd5m\x1d\xb4\xdb3\xe9\x1c\xbc}N\xc0\x098\x01\
'09\x04\xec\xe7\x02\xa9\x16\x98w\xde\x22O9N\
\x044\xb5\x1e\xa7\xeaNn]\x1f\xba\xe9L\xde\x89\x02\
2\xea\x94Hr\xe2\xaa\xdf\xe9\xd8J\x84\xc9\xe4R\xf0\
\x969\x01'\xe0\x04\x9c\x80\x13p\x02N`\x7f\x09\xd8\
\x1c\xab\x13b<p\xeb-ZM\xde\xdf\xb2<\xf7\xc3\
'\xa0\x99\xf5\xe1Wb\xd2k\xb0\x95\xf6\xd9?\xb9\xb2\
7\xb1eZi(\x14\x9a|\xfd\xa9\xc9{\x9e[\xcb\
\xa5\x0cm%O\x8f\xe3\x04vK\x80\xe4\xea\xceV\x95\
\x97\xef\xecT$\xdct\x02N\xc0\x098\x81q$\x90\
i\x1e\xd5\x95\xb44\xe7\x1a\xc7\xfa{\x9d\xb7G`\xfd\
\x8cz{i=\xf6\x1e\x12h\x86\x08\x1d\x04tAd\
9\xb5\xad\xa3\xc5\x86L\xd2SF\xe1\xdd\xe3\xb6\x93G\
\x12\xe4p\xe9\x89>\xd6Vr}\x1bC\x080!\xd7\
\xfb\x93\xdbso\x06\xa5wb?\xc8\xbeY\xfa\xad\x86\
\x93\x5c\x17\xb5*k\x9d\xe7\x00\x07\xc9\x0d\xcf\x7f\x95O\
\xaf9 \x9b\xa1^\x83\xd2\x91ke\x0eM\xb8q\xc0\
\x81\x85\x92ku%\xaf\xb6oV\x91\xde\xf6\x0f\xb2\xef\
6\xfd\xa0<{\xfd6\xcb\x7f\xb7\xe1\xe4\xd5L\xc85\
\xbf\xdd\xe6\xbf\xdb\xf4\xbd,*\xfbn\xf3\x1c\xa7\xf4U\
\x9b\x87\x99[mK\x7f\xfa\xad\xa6#\xd7\xae\x05\xf2j\
\xfbV\xf3\xd9\xafxdY\xa7\xde\xfcI\x16c\x83\x8d\
\x0f\x98\xc0O\xef\xb9\xdc\xacyU\xdc\xfex\xe4\xd5\xdc\
\xfa\xe3\x98\x9b\x1c\x1coX\xbe\x96\xa6W\xc8\x8d\xd3\x93\
e8\xb93\xb3\xb7\xac\x8d\xec\xe4\xfa\xfc\xed\xda\x08\x8c\
4\xdf\x0ah\xc9\xdc(\xad\x87M\x06\x01\x9b/OF\
K\xc6\xb8\x15\xf7\xdfr&\xb7\x15\x06{3H\x0e\xdd\
\x94\xb6\xab#\xb1\xff\x0c\x5cm\xe8d\x1c\xd2@\xc5\x1b\
\x12\xe2\xdeN\xc0\x098\x01'0\x16\x04\xbc\x92N\xc0\
\x09\x1c$\x01[<F\x1e#\x0d\x09^x\xeb\xad\xf9\
A\x96\xede\x1d<\x01Wv\x0e\x9e\xf9U%vB\
\x8cv\x14\x90iw\xa7\x0a4\xdd\xa6Rt*?S\
x\x0a\x91\x87\xdd\xa8\x99L?\x9c\x80\x13p\x02N\xc0\
\x098\x01'0Q\x04\xb6\xd0\x18\x92 \x87\xcb\xc6Y\
\x04\xa5\xd5\xbc\x0b\x11\xecg\x04\x1b\xc7\xf5\xd0q'\x10\
\xc6\xbd\x01\x93P\xffR\xd1\x09\xc8a\xa7# h\x8d\
!\x02\x11\xe9&6;\xfc\xe3\x04\x9c\x80\x13p\x02N\
\xc0\x098\x01'\xb0'\x04\x8a\xc5d\xed\xec\xe4\x8ca\
\x0b\xce{\x92\xa9g2\xb2\x04lv=\xb2\x95\xdbb\
\xc5\xc6>\x9a\xed\xe8\xa4\x0c\xc8\xa4\xdc\x10\x91T\x1e\xa9\
:Rx\xecf4\xc1\xcaG^\xb0\x1d\x1d\x93\x15/\
7\x9c\x80\x13p\x02N\xc0\x098\x01'\xe0\x04\xb6C\
 \x0fZX\x0e\x80\xe6^\xf6?\x0e_t\xf6F\x9b\
b\xc1?\x93I@gz2\x1b6.\xad\xb2WN\
\xa7$lW\x87\xe4j\xb5mG\xc7\x14\x1d\xf3\xb1\xd0\
\x22\x80Ya\xf8\x97\x13\xd8\x98\x80\x87:\x01'\xe0\x04\
\x9c\x80\x13\x98l\x02$A\x0e\x97\xcdZO):\xd0\
\xf2r\xa6Ef\xfb\xcd\xf4f\xf1=||\x09\xb8\xb2\
s\xc8\xe7.\xd5\x19\xc8u\xb3\xc1~\xaf\xa3\x95\x06\xbb\
\xf1\xa8\xad\x9b\xb0r\x03\xf7WOA\xfd^\xeev\x02\
N\xc0\x098\x81\x8d\x08x\x98\x13p\x02N\xa0\x8f\x00\
s\x80\x99=U#\xb19\x18\xfc3\xa9\x044\xd5\x9e\
\xd4\xa6\x8dG\xbb\xba\x8c\x90\xd9M\xb6\xa2\xc5\x147\x9f\
\xce\x8a\xeeA\x98Wa\x82Ec\x98\x07X\xb892\
yYx\xc6\xcc\x9c.N\xc0\x098\x81]\x10\x08;\
O\xeb}\xd0\xce\xd9yJ'pH\x04\xbcX\xc0\x16\
\x9bM\xa0\xc5\xe5\x5c\xbb;\xcedr\x09\xecb\x84\x9b\
\x5c(\x07\xd9\xb2fRGW\xca\x0e\xa5\xf4\xc4 b\
\xe4\x08y\x86T\x7f]\xea;&r\x85E\xda\xfd\x89\
\xa5\xec\xc4\xb9\xd9\xe4\x17\xe5\xc8$\x07YW/\xebj\
\x02$A\xae\x97\xdeX\xe4\xfa0r\xbd\xbb\x8a[\xfd\
\xdf\x82\xca\x1c\xe6_\x85o\xd5\xac\xf29\xaa\xe6N9\
\x91\xeb\xcf\x139\xd8\xbd[\xae\xe4\xe0|\xc9\xd2\x7f\xb7\
\xf9o\x9e>(\xcap!\xcbz0\xe4\x18$Z\x0f\
U\x7f\x95\x03\xcc\x06J\xc5?\x031H\xb0\xcf\x9f\xaa\
\xfca\xe6n\x8b\xb7|\xab<\xc8\x92U\xe5\xb60\xb2\
\xf4#\xf7\xc7\xac\xca\xda\xcc$\xd7\x97\xbfQ|\xabw\
%\x1b\xc5\xdbJX\x95\xcf0s\xb3<\xc8\xf5\xf5&\
\xd7\xbb\x87\xe5\xbbU\xff\xcd\xca\xdf\xef\xf0\xcd\xea9\xa8\
|r\x8d\xc1\xa0\xf0^?r-.\xb9}{\x95\x17\
\xb9>mX\xf9?wU\xf80\xb3j_\x7f8Y\
\xe6\xd7\xef\xbf]w\x95\xff0\x93\x1c\x5c\x8e\xc5\xb7\xf9\
U+\xb4\xd0\x0e\x1ddY\x86\x5cs\xab\xed\x96\xef\xf1\
\xc7\x87\x80\x8dr\x9b\xd4\xd6\x83\xf7\x93@W7c.\
E\xc6\xca\xd0|buJ\x90\x87\x0c)\xa1\x09\x02\xa4\
\xec\x14\xa1\x9aT\x04\xac\xee\xec\xc8\xcbvvLd\xf5\
\xc3\x098\x01'\xb0C\x02a\x87\xe9\x80\xcc\xfa(\xc9\
\x8e3\xf0\x84N\xc0\x098\x81C\x22\x90j\x91&\xd5\
\xc4\xcb\xfa1h1\xf9\x90\xaa\xe1\xc5\x1e\x00\x81\x9d\x8f\
r\x07P\xb9\xa3PD\xa5\xac\xd8\xcdf\xb2Y\x9b\xed\
\x84\x99l\x16\xcf\xc3\xf7\x91\x80g\xed\x04&\x84\x80\xc6\
y-\xa2dj\xcd`\xb1\xfe\xa9\x10-\xc8\xe4C\x85\
\x18\x16\x86 MHB\x12\xe4\xd5\xa2\x82\xfdp\x02C\
\x09\xd8\x0a\xfcF24\xa1\x078\x81m\x11\xd0\x1e5\
}f\xb5-dc\x16\xd9\xcf\xee!\x9e\xb0\x87n\xfe\
\x96|P\xf16\xb9\xe8\xf7\xe7\xc0\x98\xfd\xb1\xdc=j\
\x046\x1a\xa8-l\xd4\xea\xeb\xf59Z\x04V\x1fM\
S\x07C\xaeWF\x0aEe\x00\x0e\xeb\x9f*!-\
M\x042\x02Y\xd9\xcd,e@r\xf7r\x02N\xc0\
\x09\x8c\x1c\x01\x9fb\x8d\xdc)\xd9\xd3\x0a\xb9\xb2\xb3\xa7\
8\xb7\x97Y\x1a\xb4\x9a\x00\x09\xd7\xd2\xd9$b\xcd\xb5\
\xde\xa6\xf9\xc8\xaa\x87\x9f\xb8U\x14nq\x02N`W\
\x042\x80\xeb\xa5\xb7\x1f2{\xaf(&2\xeb\xb7$\
y\x9f\xa0x\x14\xc4z\xa7~A\xf1a\x9e\xa1W\x0a\
O\xffr\x02\x93G\xc0[4\x06\x04X\xf4W\xb63\
\x0dX\x1f7\x06U\xf6*\xee\x90\x80\x8dH;L\xea\
\xc9vK \xd5\xb6\xe9\xb0\x1b,\xeb\xc9\x9cy\x8f\xa3\
\xcf\xbaQX_Tw:\x01'\xe0\x04\xfa\x08\xf4\xf6\
4}Ar\xf6\xf7OW\xc7\xb6!\xc4D\x91\xa5\xf8\
\xd87\x8a\x09Da[\xd9\xed\xe1P\xb3\x8c\xe5\xdfN\
`0\x01\xdb\xfd\xdeH\x06\xa7r_'\xb0=\x02\xd6\
\xcf\xd9o\xa4\x1f\xba\xe5\xdc\x06\xb3\xad\xed\xe5\xe9\xb1\xfb\
\x09\x1c\xae\xbb\x1a\xa5\x0e\xb7\x16G\xb4\xf4^e\xc7n\
6\x93\xcdPP\xb7\xa2\xc9f\xf1<|4\x08l4\
P[\xd8h\xd4\xd2kqT\x09\x90\xa6\x88@\xcaH\
\xbf\xe4\xf2\xcb\xb1\xd9\x87\xa4T\x9c 1\xd3\xf2\xea\x13\
ea\xfdU\xb5\x9b\x03\xff8\x01'\xe0\x04F\x84\xc0\
\xda\x04\xd8\x9e\xb0!\xbaa\xcdgD\xaa\xe8\xd5\xd8#\
\x02~f\xf7\x08\xe4N\xb2\xe9\x06\x16\x8f\x83\xec$\xad\
\xa5\xb1I\x84\x99\x93&\xde\x1e'\xe0\x04\x0e\x80\x80=\
\xba\xb6I1U\x1fS\x99\xd5\x80\xa1\xa9\x01\xec\xe5\x06\
\xe6O\xe4\xa0\xf2\xa9\x04\xca\xb7\xf0\xcf\xe5\xe9\x87\x13p\
\x02N`\xa4\x09XoFd\x0cH\xab\x0en\xa4\xeb\
\xeb\x95\xdb\x09\x01?\xb5;\xa1\xb6Gi\xba\xba\xb9 \
\x85\xa7\x90\x95<\xed1\x11\x13\x92 \xb9\xe2\x0b\xf4O\
\x1e\xcc\x0d\xff\x1c:\x01\xdb\x9d\xa9\xa4\xaa\x0c\xc9\xe2\xdc\
\x91D\xf5\xff\x08\xc85?\x928\xa8\x0f\xc9\xa2.\xfd\
\xe5\xf5\xd7\xb9?\xfc\xa0\xdc\xe4\xc6\xf5#7\x0e?\xa8\
z\xee\xb4\x1c\xb2\xac?9\xd8\xdcb\xbe\xfb\x16-W\
\xffco\x81\xb4\xff3\x91\xa6)L\xcc\x8e<\x07U\
jd#D\x96\x22\x8e\x88z\x12C\x86\xfa\xa2T\xa2\
^*\x97\x99v\x01\x89\xfdo\xb0X\x09L\x82R2\
\xcb\x15'\x05\xb2.\x12%\x8a\xa2\x08U\xdeq\xac|\
V\xdcv\x1d\xaa\x98\x81\x07IU#\xdf\x95\x0c\xccx\
\x0f=I5z%?k\x8b\xc9\x8a\x13\xe4ZX\xe5\
7\xaa\xa6\xd5\xbb\x12\xabce\xb7ka#\xb1\xb8\x1b\
\x09\xc9\x82\x039\xd8\xdc(\xad\x85\x914\xa3\x90\xaaN\
\x85C_\xe4Z\x98\x9c\x13}Tm\xaf\xcc\xea\x9cl\
\xd6\xe8*\xfe0s\xb3\xf4\x9b\x85\x93\xdc\xf0\xfc\x92W\
\x87o\x96\xe7^\x86\x0fkw\xe5\x8f<\x14\xfdK\xa6\
\x05\x9bN\x0e\xb4\xf7\xb2p\xcfk\xa4\x08\x84\x91\xaa\xcd\
\x11\xaa\xccC7\xdf\x98\xdbcl)\x8fP\xa3\xbd\xa9\
N\xc0\x09\x8c\x0e\x81\x95\x81\xde\x06~\xab\x14\xc9b\xe2\
b\xf6J\x96\x97\x971So \xef\xa6\x98\xbft\x19\
y\x96\xa1&E\x05R\x86jR\x94(E\xe7\xd8T\
\x03\xd3\xb5\x04\x9d\xe5%4\x97\x17a\xfe\x8dz\x22=\
'\xc5\xf1\xe3\xc7\xd1\xedv\xb1\xb4\xb0\xa0$9L\xd1\
1\xa5\xc7\xfcL\x01\x22Y\x15u\x95Y\xd5\xeb\xaa\x00\
\xf7p\x02p\x04N`w\x04l\xf2K)8\xcc\x02\
2hWG]\x91\xcd\xc9v\x97\xab\xa7\xc3\xf5\xb8]\
\x00\x00\x10\x00IDAT\x1eU\x02v\xbeG\xb5n\
\x13]\xafn\x88\x8b\xe7Cs\xda\x8d\xa6\x05P\xb56\
\x93lv\x147g\x0e\xad\x9a\x96\x02\xff8\x01'\xe0\
\x04vH U\xa7\xa3M\x18\xadkj\x17\x05\x1a\xed\
%T\x9f\x14\x810\xb9\xe1\xba\xeb0w\xc5\x94\x9c\x14\
\xd7]{\x0dbK\xd0j\xa1\xa18\xcb\xf3\xf3@\xda\
\xc1\xa7>\xf1\x97xX\x12\xabs:>=\x85ns\
\x19\x0bJ\x13)\xd7G>\xf9WH\x92\x08\xd7]w\
\x0d\xa6\xa4\x00\xb5;M\xf9\xa6\x08q\x84\x8e\x14%\xf8\
g\xa4\x09\x90\x049\x5cF\xba\xf2^9'\xb0\x09\x81\
\xde\x09\xb0\xcd\xc5\xba\xba\xd67I2\xba\xc1^\xb3\x0d\
\x09\xf4\x9e\xeb\x0d#z\xe0\xde\x12\xe8\xe8\xa6J5a\
\xc8\xb8\xb7\xf9znN\xc0\x09\x1c\x1d\x02\xb6\xfb\xb1{\
\xb1N\xa8\x1c\x0aH\x16J\x0e\xf4\x91\xee\x82G?\xf5\
)\x9c<v\x1c\x89V>\x97\xe7\xe6pL\xca\x8c=\
\xb2\xd6\x5c\x9c\xc33\x9f\xfad\xdc\xf2\xcd\xdf\x88\xf7\xbd\
\xe7\xbb\xf1\x93?\xf2C8s\xd37\xe3\xd8T\x1dY\
\xbb)\xc5&\xc6\xb4v|\x9e\xf1\xb4\xa7\xa2\xdb\xee\xe0\
\xc2\xe3O\x14\x8f\xb15\x1a\x0d\xd8#8\xb6\xbb3;\
;\xabR\xfcp\x02N\xc0\x09\x1c\x02\x01\xedlC\x12\
$\xb9\xcd\xc5\xc0\xe27;\x0f\xdc|V\xcb\xc9\x87P\
\x1f/r_\x09\x94#\xdc\xbe\x16\xe1\x99\x0f\x22P\xfc\
\x18N\x13\x8bAa\xfb\xec\xe7\xd9;\x01'\xe0\x04V\
\x08\x04\xed\xb4\xd80\x10@F\xb0\xc1\x1fRl\xa8\xe1\
\x9e\xda\xf2\xb9\xfe\xd45\x98\xbbt\x11\x0d\xed\xc4\x9c:\
6\x8b'>\xf5\x88\x14\x9a\x06^p\xd7]x\xe7[\
\xdf\x82\xb37\x7f\x0b\x9e\xfe\x94\x1bp\xfd5\xa7p\xcb\
\xf3\xbe\x01\xef\x7f\xef\xbb\xf1\xe2\x17\xdc\x87\xebN\x9d\xc4\
\xc7>\xf2a<\xa6\xf8\xcc3\x1c;>\x8bZ-)\
\x1ee\xb3\xc7\xd7\xac\xf0\xa5\xa5%\x90\x5c\x15\xf33\xe9\
U\xde\xcc\xed\xe2\x04\x9c\x80\x13\xd8\x0f\x02\xec\xc9\xd4^\
NP\xce\xcbB\x8f\xaf['\x85\x80\x9f\xd5C:\x93\
i\xd0$C\xab\x099zo\xb7C\xaa\x8c\x17\xeb\x04\
\x8e4\x81\xa3\xd9x[\xcd\x84V5!\xe5\xa62#\
\xed\xeb\x18\x0dSt %\xa5\xb5\xdc\xc4\x0d\xd7]\x8f\
\x8b\x17\x1e\xc7\xe3\x8f<\x8cs\xb7\xdd\x8a\x0f~\xe0\xfd\
\xf8\x86\xaf\xf9*\x9c\x9an\x00R\x88N\xcfLa*\
\x09H\xbb\xdd\x22\xf5W~\xf9\xdf\xc5\x9b^\xff:\xbc\
\xe9\x8d\xaf\xc7\x8c\xe2D\x04\xba\xad6:\x9dN\xf1\x06\
\xb7\xa0\xbe\x8f$L\xa9\xb1\xb2\x5cF\x97\x00I\x90\xc3\
etk\xee5s\x02['\x90\xab\x0f\xcc\x15\xdd\x9e\
\xb61\xa5GV?&\x8c@\x98\xb0\xf6\x8cMs2\
\xd5\xd4n.\x19\xc8\x89U1\xf7Fb'\xacW6\
\x8a\xebaN\xc0\x098\x81\xcd\x08\x90\x5c\x9d\xd0Z\x5c\
SB*\x99\x9b\x9b\xc3c\x8f=\x86\xaf\xfd\xea\xaf\xc1\
\x07\x7f\xec\xc7p\xdbM\xdf\x8af\xbb\x85f\xb3\x09*\
r-\xe423\xc4\xc81\x15\x07d\xdd\x0e\x16\xe6\xe7\
1\xd5\xa8\xe3+\xff\xee\x97\xe2]\xefx'\xbe\xe0\x0b\
\xbe\x00\x8b\x8b\x8bh\xb7\xdb\xda\xdd\xa9\xa1\xd3.\xdf\xfa\
v\xcd5\xd7\x80\xb4\x5c\x94\xd1\x80\xc3\xea0\xc0\xdb\xbd\
\x0e\x82\x80\x97\xe1\x04\x8e \x81L\xddQ~\x04\xdb}\
\x14\x9al\xf3\xe6\xa3\xd0\xce\x11lc\x00\x8bU\xd5\x11\
\xac\x9aW\xc9\x098\x81\xb1 \xc0<W?R\x8a)\
\x07\xbd\x92!G\xaf\xf4\x86\x99\x1dY\x0aJY\x09\xcc\
a\x12i'\x87J\x11e\x19\xa8\xb4\xc8S<\xfbY\
\x9f\x89\xd7\xbc\xf2\x15x\xf0\x85\xf7\xe1\x9a\x13\xc7`\xbf\
\xb5\x99\xa9\xd51\xd3h(N\x0a{;\x1b\x94\x06\xaa\
G\xaa\x9d\x9dz\x9c\xe0\xe4\xb1c81\xd5P\xdc\x1c\
\x9fv\xc3ux\xd5C/\xd2N\xcfk\xf1\xacg<\
\x03\x17\x1e}\x14\xf5\x98813\x85\x87?\xf9\x09H\
=BD\xcd0\xfah[\xbd\xcbE\xa0\x80\xd2\xec\x8b\
\xe0N'\xe0\x04\x9c\xc0.\x09\xd8\xdbpm'\x87\xea\
\xc3\xac\x17RwX\xf47\x83\xb2u\xbf\xf1&\x10\xc6\
\xbb\xfa\xe3[\xfb\x90G\x9a\xa4\x04\x09\xd6\x096\xf9d\
\x0a\xef\x159\x8f\xf4a\x93\xb6\xdd\xc8f\xf06\xcb\xbb\
7\xfdFq{\xe3\x99\x9d$H\x9au_\xc5~\x0c\
n\xf5\xb2BH\xae\x96I\xd2\xbcv-$\x8b<\xc9\
5\xb37Sr\xcd\x9f\xbc\xdanu3\xe9Mcv\
\xb2\x8cka&\xe6\xd7+d\x19\xde\xeb\xb7\x13;Y\
\xe6C\x0e6\xad\xec\x8dd'en'\xcdFeS\
\x0a\x86\xf5#\x95D\x88\x94\xb5)\x07+\x22U\xc2^\
\x9e\x06*$\xae!Jj\x1a\xd2s\xd8\xe3d\x96o\
\xa3V\x03\xba\xadBB\xd6A\x22\xa5'\xb5\xd7G\xcf\
_\xc13\xae\xbf\x167}\xc3\xd7\xe1{\xbf\xf3-\xf8\
;\x7f\xeb\x0bVr\x06jQ\x04\x16\xb9\x98:\x22f\
Aee*V\x0b7qTS\x98T\x9fN\x07\xb9\
d:\x22\xd0MQS\xf0\x97\xfc\xb5\xe7\xe2\xcd\xaf}\
\x15\xee=w+\xa6\x98\xe2\xf1\xbf\xfa\x18\xae\x99i\xa0\
\xae\xfc2\xed\x06e\xdd6\xecZ5e*S.\x0c\
1\xac\xee\xadv\xb70#\xd5?\xa9\xd7\xd4\x94\x80N\
\xda\x96_\x07`\x86A\x1f\x92 K\xb1v\xf6\xc7!\
\xcb0\x92\xd2\xd1\xf2\x0d\x85\x5c\x8bKn\xdf\xde_\xf6\
\xa8\xba\xc9\xf5m\x0b:\xaf&\xa3P_\xb2\xac\x9b\xd5\
\xc7\x84,\xddV7\xb2\xb4\x93;3-\x8f\xc3\x14r\
\xe3zWu#\xd7\xc73\x0e&v}\xefF\xaa\xfc\
\xfb\xf3\xb0{\xd1\xa4\xdf\xbf\xdf]\xa5\xdf\x8eI\xaeo\
\x0b\xc9\xab\x92W\xe5\x5c\x15\xb0\x87\x1e\x99\xfa\x8fn\x94\
!\x0d\xda\x99N\x81z\x17P\x17\x88,D\xf0\xcf\xe4\
\x11\x08\x93\xd7\xa4\xc3n\xd1\xd6\xcb/\xe1\x97\xdf[O\
\xe51\x9d\x80\x13p\x02\x1b\x13\xc8W\x82\x19\x97\x03\xb7\
M\x5cLl\x82\x94$\x89\x06\xf5\x1cK\x0b\xf3\x88\xa3\
\x80X\xca\x8b\xc9\xe2\xdc%\xe4\xdd&\xfe\xde\x97~1\
\x1ez\xe0E\xb8\xfd\xe6\x1b\x0b%\x87\x00*\x81\xe2B\
\x1f\x16\xa6)<\x01\x94bb\x93\x93\xae\x14\x1c\xa8\xe0\
D\xbb;&\xf6\xbfy\x1aRf\x12\xc5\xb7Z\x9c\x9e\
\x9e\xc6-\xcf\xfb&\xbc\xe5\x0d\xaf\xc37~\xcdWa\
\xf1\xd2E|\xea\x93\x1f\x97J\x96\x17\xf5\xc8\xa4\xf0X\
\xdd\x22\xa5\xb1\xfcfg\x8fcjj\x0a\x8d\xc6\xb4v\
\x89R\xcc\xcd/\xa2e\xaf\xbd\xd6\xaeRM\x8a\x9a)\
m\xcaz\xc3\x83\xb4\x9ao\x18\xc5\x03\x9d\x80\x138\x82\
\x04l\xc7\xd8vv\xd4e\xc1v\xb5#Y\xc2\x11\xe4\
pT\x9a\xec\xe7\xf6\x90\xce\xb4\xadI\x9a\x1cR\xf1^\
\xac\x1388\x02c\x5c\x12I\x90\xc3eT\x9af\x03\
w\xf1\xbc9WjD\xf5.&Y\x17\xf6\xa8Z\xa7\
\xdd\xc4\xfc\x95\xcbh/-\xa3!edfj\x1a\xf6\
\xc8\x99\xb6I\xd0\x5c\x5c\xc2\xe3\x8f=\x86\xcf\xfe\xccg\
\xe1\xadoz3^\xf5\xb2\x97\xe03?\xedi\xa8\xb2\
\xb2A\xa2WVJ(\x8c\x5c\xda\x8d\xe6\x08`\x14\x0a\
iK\x19\xe9\xb4\xdb\x90v\x82\xa0\xdd\x81\xe5\xa5\xa5\x22\
^\xd0w\xab\xd5\x94b\x03|\xc6\xd3\x9e\x81\xe7\xdfs\
/\xde\xf1\xb6\xb7\xe1\x0b\xfe\xfa\xdf@\xd6i\xa3\xbd\xb8\
\xa8z\xc5\xaa\xdf\x22\xa0\x9d\x9eH\xa5?\xf2\xf0_I\
![D\xbb\xd9B\x14\x02\x1a\xf5:\x22\x06\x05w\xd0\
\xedva\xf9+\xdbm\x1dd\xd5\xaa2\x19I\x90\xc3\
\xa5\x8c\xe5\xdfN`4\x09\x90\xc3\xaf]r\xf3\xb0\xd1\
l\x95\xd7\xca\x09\xec=\x01\x1b\x83\xf6>W\xcf\xd1\x09\
8\x01'\xe0\x04\xf6\x95\x80\xd4\x19\x98\x92cb\x8aN\
oa\xf68\x86I\x00aoT3%\xe1\xda\xd3\xa7\
1\xdd\x98*^%}\xf9\xf1\x0b\x08\x9a\x0c--\xce\
\xe3\x19O}\x0a^\xfb\xaaW\xe2]o\x7f+>\xef\
s?\x1b\x99\xb4\x17*\xb3\x05)AAf\xffa~\
&\xe6O\xe5o\x0a\x8f\xd9mG\xa6&\x85\xc4\xec\x85\
(\xff)\xed\xe6@\xf9ei\x0aK\xd3\xedt\x11)\
p\xb6\xde\xc0\xdfx\xces\xf0]\xefx+^x\xdf\
\xbd\xb8\xe6\xc4q\x5c\xbe\xf0\x04N\xcc\xcc(^\x8e\xc5\
+\x97\xf1\x94\xeb\x9e\x84z-F\xaa\x1d\x1f\xfb_=\
\xf5\xa4\x86\x9avt\xba\x9d\x0c\xf6\x92\x838\xaa)\xa7\
\xad\x1f$\xd7E&\xd7\xbb\xd7\x05\xee\xb3\xc3\xb3w\x02\
N`4\x09\xf4\xf7\xa5\xa3YK\xaf\xd5v\x09\xd8\xf8\
\xb3\xdd4\x1e\xdf\x098\x01'\xe0\x04F\x80\x80\x0d\xcc\
&\xb9vqL\xb0\xf2x\x99U\xcd\x94\x9d$\x0e\x98\
\xa9\xd7\x8a\xc74Z\x0b\x0b\x08Y\x8a\x13\xc7\x8f\x15\xaf\
\x84\xee,/\xe3\xf63\xb7\xe0;^\xfd*\xfc\x83\xbf\
\xf7e\xdaa\xe9\x22Q\xc2\x9at\x80\xb6\x14\x8a\xe33\
\xd3Re\xd0#Ya\xc7\xca\xc7\x06\x8fL\xf6\xa6v\
r\x96\x9a\xcbHs\xb9\x94\xd6~[\xa3m\x17\x94/\
/P\x84<\xd7\xceL\x84\xa9Z\x03SI\x0cH\xf1\
i.-bY\xca\x94)>\xff\xf0+\xfe.~\xf8\
\x07\x7f\xa0Pz\xe6/]\xc4c\x0f?\x0cS~\xb4\
\x85\x83\xe3\xd3Sh$\xb5\xa2n\xcb\x0b\x8b23\xb9\
\x1b\x85 \xcb\x94\xf9\xe6\x07I\x90\x5c\x8dHr\x9d{\
5\xc0-N\xc0\x09\x1c\x16\x01/\xd7\x09\xec+\x01\x1b\
\xaf\xf6\xb5\x00\xcf|0\x01[\x8d\xaddp\x0c\xf7u\
\x02N\xe0\xb0\x09\x90\xe5\xc4\x98\x1cl\x1ev\xfd\x06\xf5\
!\xa6\xe4\x98\x04)>\x99vR\x96\xa4$\xd8[\x86\
\xecu\xd0\x0b\x97/\xe3\xc2\xa3\x9f\xc2\xdf\xfa\x82/\xc0\
\x0f\xbc\xf7\x1fI\xd9\xb9\x09O\xbe\xfe\xfa\xe2%\x02\xd3\
\xdaE\xb9x\xf1\x0a\xda\xcd\xb6\x94\x89\x00\xe9(=\xcd\
\xcbV\xed\x5c\xb5\x05t\xba\x1d\xed\xbe\xd4Q\xd7\x8e\x91\
y\xb7:m\xe9 \x19\xac^\xf6\xb2\x81N\xb3i\xde\
\xa5H9\xe96[\xc8\xd3\x0c\xb3S3\xda\xc5\x99F\
\xac\x90v\xb3\x83\xb6\x14\xaf\x1b\x9f\xf7\x0d\xf8\xb1\x1f\xfe\
!\xdc\xfc\xbc\xe7\xe1\xd2\xe3\x8f\xe3\xf1\xc7>\x85\x87?\
\xfe\x97\xc8\xda-LO\xd5am\xb2]*\xfb\xed\x91\
\xed\x22\xe5\xa6\xe5)\xfdF\x07\xb9V[\x8bG^\xed\
&Y(?\xe4\xd5\xa6\xa5qq\x02\xa3J\x80\xbc\xfa\
\x9a%\xb7\xee7\xaa\xed:\xe8zY\x7f\xa5\x0dh\xf5\
\x98(\xfa\xae\x83.\xdf\xcb\xdb\x7f\x02\xe3\xa7\xec\xec?\
\x13/\xc1\x098\x01'0\xf2\x04\x8a\x01zeG\xc7\
\xece\x85\xa5\x94\xc8/h\xd8&r)\x0am\x5cw\
\xea\x14\xf2n\x17\x8f~\xf2\xaf\xf0\x9b\xbf\xf8\xb3\xfc\xbe\
\xef}\x0f^\xf3\xf2\x07p\xfa\xf8\xf1B\xc9\xb1\x1f\xe7\
\xce\xcf/@[3\xb8\xee\xf4\x09L5j\x98\xbbr\
E\x1b+\xed2\xcb\x9eo\x9b\x10\x98\x00V\x02\x10\xc7\
\x09\xda\xda\xa9Y\xd6\xeeN&\xbfX\xbb0\x0c\xa1P\
\x1e\xe2Z\x82\xa4\xd1\x80\x1cH\x15\x9e\xb6;\xb0pK\
\xa3\xcc\xb1xe\x0eP\xbdf\x1b\x09N\x1f\x9bA\xde\
Nqbv\x06/}\xf1\xf3\xf1\x9do{+~\xf7\
\x97\xfe%\xaf9q\x02!\xcf\x90\xb5:\xa8'\x11\xec\
\x0dr]\xe5S\xfc\x8e'\xb2}!l\xf9Cr\xcb\
q=\xa2\x13p\x02N\xc0\x09L\x0e\x8109M\x19\
\xaf\x96\xacMN\xc6\xab\xde^\xdb\xd1#\xe05:\xda\
\x04\xa4\xde\xac\x00\xc8`\xd3\xf9\xa0-\x19J\xd1\xb1\xdd\
\x9c8D\xf8\xf8_\xfe\x05N\x1d\x9b-~\x97s\xa9\
\x99\xe6\x9f\xf3\xac\xcfDk9\xc5\xf1\x99\x04Y'-\
^'m\xe1\xf6\x1b\x9e\x96vb\xecMh'\xa4d\
$\xb5\x9ar\xc1\x8a\x84\xc2\x04\x82\xd4(+\xce\x86\x8e\
\x80\xae\xac\xff\xf9\xf7~\x17\xbf\xf0o~\x19\x1f\xfe\xd8\
\x9f\x17qR\xf95\xa5\x9ct\xb3T\xee\x1c\xa9\x14\x9a\
(\x8e\x11\xd9\xefy\xb4\xbb\xd3\xb6\x97\x16tS\xcc\xa8\
N\xc8\xca\xf0\x8ev\x93L\xe9\x9a\xa9E\xc5n\xcf_\
{\xeesp\xb9\x93\xe7gn\xbe\x09\xd7\x9c:Y\xfc\
O\x1e{\xec\xed\x84\xd2\xd4\xe2\x18])O\x96\xd6j\
\xa1\xe2vt\x90\xdcQ:O\xe4\x04\x9c\xc0\xe4\x11\xa8\
6\x8a\xf3\xc9k\x9a\xb7H\x04v3V(\xb9\x1f;\
%`\x13\x8aLS\x01{$\xc3\xc4\xdc\xbdy\x99\xdb\
\xa4\xd7o\x90\xdd\xe2l$\x96\xb7I\x7f\x9c*\xaf^\
\xff\xcao\x94\xcc\xde\xfa\x0d\xb2\x8fR]\x0f\xa3.\x83\
\x98\xf4\xfa\xd9\x1b\xabH\x82\xe4j\xf5H\x16\xee\xde0\
\xb2\xf4#\xb7g\xaef\xdac!\xd7\xf2\xe8\xad\xcb \
{O\xb2\x1dY\xc9\xb5\xb2\xc8\xed\xdbwT\xe8\x01&\
\xb2s\xb4\x91D\x11!}\x06y\x9e\x16\xe7\xf4\x8av\
djRR(%bq~\x0e\xad\xc5\x05\x9c\xbb\xf5\
\x0c\xbe\xeb\x1do\xc7?\xfc\xca/GB\x80R8\x1a\
R*\xb2N\x8e8\xd2\xee\x88vN\xd4\x15!\xcb\xba\
\x92\xac\xc8\xc7\x06\xfcf\xa7\x8dE\xfb-\x8e\x023@\
JN\x90@\xae\x80\xb9\xc5%\xfc\xf1\x9f\xfc\x09^\xfe\
\xcaW\xe1\x87\xfe\xf1\x8f\xe0\xc7~\xe2'\xf0\xce\xef\xfa\
n\xfc\xeb_\xfe\x15,\xa7\x19\xe2z\x82+\x8a\xb3\xa4\
]\x18D1\xa0\xdd\x1e%D\xae\xb2c)+H\xea\
\xca1h\xa7'R\x1d\xa8\x1d\x9b\x04\xb5$A*\xe5\
\xab\xad\x1d\x9eX\x91\xa7\x94\xecy_\xffu\xf8\xde\xef\
\xfe.\xdcv\xf3\xcd\xc5o\x8fl\xc7\xa9\xad:\xcd\xcc\
\xcc\xc0\x1e\x93C\xcf\x87dQw\x92W\x99\x16\xad\xf7\
\xfa\xab\xdcf\x1e\xa6\xf4\xd6i\x90\xfd0\xeb\xe6e\x1f\
\x1d\x02\xe4\xfa{\xa7\xeasvK`\xd05\xdd\xebw\
\xd8\xf9\xdb\x82\x10w[\x09O?\x16\x04\x5c\xd99\xa4\
\xd3d\x93\x87C*\xda\x8bu\x02N`B\x08\xd8+\
\x98\x97\xe6\x17p\xec\xd8\xb1Bq86=\x8dn\xa7\
\x85\x85\xb9+\xf8<\xed\x8e|\xef{\xde\x8d\xdb\xa5\xec\
\xdcp\xdd\xc9\xe2-hA#{\x12\x07$\xd2q \
\x05)H\xa9\x08\x0c\xb0\xdd\x17SB\xa6\x95~\xb9\xd5\
\xc4\xc3\x8f~\x0aIRC\xad1%\x05\x87\x98\x97\x9f\
6\x85\x90\x02\xf8\xf0_\xfc%N\xce\xce\xf0e\xafz\
5\xfe\xe2\x13\x9f@H\x1a\xb8\xee\xc9O\xc1\x13\x97\xe6\
\xf0\xa3?\xf1\x938\x1eG\xfc\xdd\xff\xfe?1\xab:\
%\xf5\x1a\xec\x7fY\xb4:\xea\xf1T&k\x09\x82\xfc\
 e\xac\xa3<\xdb\xb6\x03\xa4\x9d\x1fS\x5cLa\xab\
\xa9bSR\xc4\x94\x05\x96\x97Z\x98\xaa\x11\x91\xea|\
\xeb-7\xe1\xadoy3\x9et\xed5\x85\xc2d~\
\x90r\x06\xff8\x01'\xb0\x05\x02\x1ee+\x04\xfc\x89\
\x9b\xadP\x1a\xcf8a<\xab=\x19\xb5\xae\xb6M'\
\xa35\xde\x8a\xc3 @\xf2\xaaUlr\xcd\xef0\xea\
\xe4e\x1e\x1c\x01SPLZ\xda\xedH;]\xd4\xb5\
\xab\xd3^n\xe2\xb7\x7f\xfe\xe7x\xe7\xed\xe7\xf0\xecg\
>\x03\xc7\x1aR8\xba9\x9a\xcd\x16\x82z\xfc\x98\x80\
\x0e\xc4Rzl\xd7\xd7\xfe\x17N\x94h/%\xcfq\
\xe9\xf2\x1cj\xf5\x06\xae{\xd2\x0dX\xeav\xd0\x96\xaa\
\xd3\xd4nLC~s\x8b\x8b\xf8\xc1\x1f\xfb ^\xfb\
\xa67\xe2\x1f\xder&\x9f9y\x1a\xb5\xe9cXV\
\xb9\xcdn\x8a\xc6\xec1\x84Z\x1d_y\xcb\xad\xf9?\
\xfe\xe0\x8f\xa3A\xf2\x91'.bQ\xbb;\xa1\x16\xd0\
T\x1d\x16\x97\xdbh\xc9\x0d\x95m\xbf\xe7I\xa4\xf8\xc4\
\xda\xe5\xb1\xf2M\xe11\xe5\x0d\xfaX\x1dkR|\x82\
\xec\xa6\x94\xddp\xedq|\xc6\xa7?\x15/{\xe9K\
\xf0Y\x9f\xf1L\xd8\xeb\xa8\x95=z\xc5\xa2\x8e\x9b\xf4\
\xd6\x7f\x90}\xdc\xda\xe3\xf5u\x02\xe3N\xc0\xe6e\x0f\
\x9e\xb9%\x1f\xf7vx\xfd\xd7\x13(\xc6\x92^/\xb7\
\xef?\x81\x87\xbe\xf5L\xbe\xd5\x15\x84<\xcf\xb1\x91\xec\
\x7fm\xbd\x04'\xe0\x04F\x91\x80\xbd\x9d\xcc\xe4\xd4\x89\
\x93\x98\xbb|\x05\x11X\xfc\x98?\xc8\xf3w\xfe\xf0\x8f\
\xf3\xbf\xf69\xcfB\xaa\x0d\x15Shl\xa7d\xaaQ\
G-*\xbb|S,\xcc\x1f\xfaL\xcdL\xeb\x1bR\
kr\x1c?y\x1c\xad<\xc3R\xbb\x85Z\x9c \xe8\
/\x0a\x01\xff\xee7~\x03\xaf|\xcdk\xf1o\x7f\xed\
\xdf\xa3\x95\x02yT\x03\x13)Q*\xb3\xd9\xcd\xa4\xc8\
d\xa0\x14\xad\x99\xe3'@\xa5\xfb\xe4\xa3\x8f\xe1+\xcf\
\xdc\x9e\xbf\xf6\xcdo\xc5\xaf\xfc\x87_\xc7\x5c\xb3+\x7f\
\x22(N\x1e\xc5\x90\xde\x83\xa5f\x07\x1d\xa5\xb5\xfe\x0d\
\xfa\x98\xd2f\xf5\xb2\x7fL\x9a\xa9\x0e\x0d)`m)\
F\xc7\xa7\xebXV\xdc<\xcd\xf1\xd9\xcf|2\xee\xbc\
\xe3<\xecQ6S\x86\x94l\xf5\xa8\x94\x85U\x8f1\
\xb0Tu\x1ef\x8eA\x13\xbc\x8aN\xc0\x098\x81\x91\
'P\x8e|#_M\xaf\xa0\x1384\x02^\xb0\x13\
\x18Y\x02\xedv\x1b\xdd\xb4\x83\xd9\xa9iL5\x1a\xe8\
J9x\xea\x93\x9f\x82\xcf{\xce\xe7J\x0d\x01\xb4\xa1\
\x82D\xcaJ\xd0VN\xd1#\x1a\xf0\xe2\x00\x00\x10\x00\
IDAT\xd9k\xf1\xa4\xddZF\x96u\x8b\x9d\x1d\
X\x80Zg\xcb\x98K\xcd6Z\x19\xe4\x15\x10\xa4\xb0\
\xb4\xe4\xff\x91\xbf\xfa+\xbc\xea\x8do\xc2w~\xcf{\
pa~\x1eS\xda\xbd\xc9\xa8p):K\xed.:\
9\xd1\x98\x9e)\xa4\xd9\xea\xe2\xe2\xdc\x02\xda\xcac\xe6\
\xd4i\x5c\xf7\x94\xa7\xe0\xaf\x1e\xf9\x14l\x97\xe7\x0do\
y+~\xe3w\xff[\xf1H[\xd0\xb6MWy#\
\x8e\xd1\xd2\x8e\xd0\xd2r\xabPz\x18\x02\xea\xf5:l\
\xe2\xdf\x95\xb2eQ\xa6j\x09(K\xc4\xacx\xa4-\
\x95\xfds\x9f\xfb,\xfc\xda\xcf\xfe4\x9bKK\xb0\xc7\
\xf0,\xbe\x89\x82\xfcp\x02N\xc0\x09\xec\x98\x80\xed\xea\
\xa8K\x83\xf5\x87;\xce\xc4\x13\x8e$\x81b\xfc\x1b\xc9\
\x9aMx\xa5\x8a\x9bJm\xd4\xbc@\xdf~8\x81\x9d\
\x11\xb0I\xdeF\xb2\xb3\x5c=\xd5X\x10\x90\x02\x90H\
a\xb0]\x9d\xd3\xa7N!\x95\x82\xb00\x7f\x05\xcf}\
\xf6sP\x8f\x81v'-\x14\x85vGJ\x89\xc2\xba\
i[\xcd\xcaPS`\x92D\x85\xddvUZ\x9d\xb6\
vu\x80\x9av~\xcc\xae\x00)-s\xf8\xb1\x9f\xfa\
I<\xf0\xd0\xb7\xe1\xe1\xc7\x1e\xc7\xa9k\xaf+^8\
\xd0\xd2VQT\xafKi!f\xb5\x8b\x93\xd4\xa7\x80\
8A'\xa5\x14\x1f\xa0>3\x8b\xd9\x93\xa7\xa4\xf0\xe4\
\xf8\xf8\xc3\x0f\xcb~\x12'\xae\xbd\x16\xff\xf7\xc3\x1f\xc1\
\xdb\xdf\xf5]8\x16\x93\xff\xf7#\x1f\x03#H\x88\xa9\
\xa9\x1a\x1a\xd3\x0d\xed^S\x82\xe2c;<&\xf6\xf8\
\x9aydi\x17\xd3R\x82\xcc\xdeU[\xea\xd2~~\
\xf0'~:_n.\x82\xe4\xaaX\xf8\xb8\x89\xf1\xdf\
H\xc6\xad=^_'\xe0\x04\x9c\xc0(\x12\x08\xa3X\
)\xaf\xd3\x1a\x81\x8d\x06B\x0b[\x8b\xe96'\xe0\x04\
\x8e\x1a\x01S\x0ajQ\x8cv\xbb\x89f\xb3\x09{\x0c\
\xec\xd4\xc9\x93\xa0@\xd4\x0b\x85\x06\xb0\xc7\xc1\x1a\xb5:\
\x12\xc5#\xa90J\xb9\xc9Q\xbc\x1a\x9a@M\xbb4\
\x1d\xed\xb0@a\xb5z\x0d\xbf\xf4k\xbf\x86W}\xfb\
\xb7\xe3_\xfd\xeb_\xc0\xe9\xeb\xae\xc7\xe5\x85y)7\
\x01'N\x9fF\xaa|si*q\xad\x81G/<\
\x81\xc5\xa5&Z\xda\xe1\xe9J\x09\xea\xa6yaow\
RDq\x0d\xb3'N\x22\xd4\x12,K\x99:~\xcd\
)<\xfd\xd3?\x0d_s\xdb\xf9\xdc\x1e\x87{\xef\xfb\
\x7f\x14O\x5c\xbc\x82\xa5vZ\xac\xa2F\x09\x8b\xff\xd7\
\xd3R\x5cj\x87'\x8a\x22U\xc7\xf2[F\x1c\x05\xcc\
\xcd\xcf\xc1\x06+\xfb]\x12\xf4iiwj\xba\xdeP\
\x1c5@n;\xc85\xbb\xb9\xc7\xa1\x7f\xb4:n$\
\xd6\x0e\x971 \xe0U\x1c[\x02\x1c\xb0\x8dc\xbb;\
c\xdb \xaf\xf8@\x026~\x0c\x0cp\xcf\xfd#P\
\xdcH\xb9\xa1_?8\xef_\x89\x9e\xb3\x13p\x02\x13\
G@}\x88)8'O\x9e\xc4\xa5KWP\x97\xd2\
b\xafd^X\x98\x83\xbd\xfc\xcc\xb4\x08Sb\xec\xf7\
/\xd6v\x9bT\xa7i\x8a4\xcf@\xfb\x0b\x09\x10\xa2\
B\x81a\x1c\xe1\xbf\xff\xe1\x1fb\x96\xe4\xf7\x7f\xe0\x87\
\xf1\xd8\x85\xcb8y\xcd\xb5\x98[ZFM\x8aM\x90\
\xa2\x94\xe59\x22)1\xedn\x07\xa6\x94\x9c\x96\xf2\x93\
$\x09B\xa1\x9c\x04\xc5\xab\x15\xf6N\xa7#\xe5K\xbb\
EY\x86\xe5\xe5\x96\x8a&\x9a\xad6.^\x99C\x1e\
\x22DRR~\xfbw\x7f\x0f\x0f\xbd\xe2\x15\xf8\xf5\xdf\
\xf8M|\xe2\x91\xc7\x8a:\xc4\xaa\x03B\xac\xf8\xe5\xd1\
\xd5\x8e\x8e)h\x99\xea{\xf2\xd8qy\xe6\x98\xd5.\
PK\xbb;\xf6\x7f\x80B\x90\x97\x0eUY\xdf~8\
\x01'\xe0\x04\x9c\xc0\xa8\x10\x18\xb5z\xac\x0c\x17\xa3V\
\xad\xc9\xae\x8f\x0d\xce\x95T-\xb5\x89\x88\xfd`\xd8\xc4\
\xec\x95\x7f\x15o\x98Y\xc5\x1bf\xdaD\xc4\xd2Z\xb8\
\xe5kR\xd9\xcd\xb4\xb0J\xcc\xdd/U\xd8~\x99\xfd\
\xe5\xed\xb5{\xb3zoV\xde^\xa5\xef/\xc7\xce\x83\
I\xbf\xffA\xbb\xad\x0e\x1b\xc9f\xf5\xd9(\xad\x85m\
\x96\xbe\xe2\xdb\x1f\xcf\xd2\x9a\xf4\xfaWq{\xcd\xde\xf0\
\xc3\xb0\xf7\xd6e\x90}\xbf\xeb\x14G54\xa5\x5c4\
\x1a\x0d\x04)\x0b\xb9vh\xeaqR\xfcV\x87\x04\x12\
\xf9\x05\x86\xa2\x1a\xd4\x8eL\x88\x12\x04\xd6\xe4\x8e\xa5\x0b\
\x05te\xfb\xe8#\x9f\xc2\xbb\xde\xfb\xfdx\xe3\xdb\xdf\
\x89\xaf\xb8\xe9\xd6\xfc\xd4\xb5O\xc2\xecI\xed\xe2(~\
\xa3>\x03\x86\x04\x94\xbd\x14)<\x11\x11)\xcb\x8e\x14\
\x18Z\x0e\xb9vg2\xe5$\xd3\xfc\x938\x14\xe1\xc8\
r\xd4T\x17\xabc\x90\x92\x14\xc9n\xffX44\xea\
\x80v|R)6\xef\xff\xd1\x1f\xc7\xdb\xdf\xfd\x1e\xfc\
\x97\xdf\xff\x1f\x96\x13T9\xed:AJ\x92\xed\xe8\xd4\
\x8a|\x22\xd5\x9f\x00\x22\x10\xaa4\xa6\x92\x18q\x14\xa1\
\xa3\x1d$y\xc3\xae\x93JH\x82\xa4y\xaf\x13\x92\x85\
\x7f\x08\x01&d\xe9^\x17i\xc5Q\xe5e\xe6\x8a\xd7\
\xbe\x19dY\x0fr\xb0\xb9o\x05{\xc6N`\x0b\x04\
\xc8\xc1\xd7%Y\xfao!\x8b\x91\x8fR,>\xf7\xd5\
\x92\x03v{\xfa\xa2\xb8s\xcc\x08h\xc8\x1a\xb3\x1aO\
Du\x1d\xfb\xdait\x9b\x13p\x02;%P\x0d\xd4\
9\xb8\x92\xc5\xfa\xbee\xbdk%\x8a\x8clE\xae,\
7\xf1\xec\xa7<\x99\xff\xf9\xf7\xfe+\xecMj\xa7N\
_\x87f\xb7\x8bf\xb3\x8d$\xae#\xa7\xe5`\xa2\x04\
\xfd\x07-\x17\x80\xday\x81T\x143K1\xbfRL\
a\xa8$CP~Q!\x99vx2)M\xf6h\
\xdc'\x1e\xfe$~\xfaC?\x83\x8f}\xe2\x93 \xcb\
v\xd4\xb4\x9b$-\x06\xc8\xa1\x8f\xca)L\xa0\x0c\x85\
\xfc\x87\xd4IA~8\x01'\xe0\x04\x9c\x80\x13\xe8%\
\xe0#F/\x0d\xb7;\x01'\xe0\x04\x0e\x9b\xc0\x01\x96\
\xbf\xb4\xb4\x84o\xbc\xf3\xee\xdc\x1e=\x9b\x9a\x9a\x92~\
\x91cvv\x16\xd3\xd3\xd3h\xb5Z{Z\x13rU\
U\x01\xc9BjS\x0dDq\x8c?\xfe\xe3?.v\
s\xac\xc0f\xab\x89H;7fwq\x02N\xc0\x09\
8\x01'\xb0[\x02\xae\xec\xec\x96\xa0\xa7w\x02N\xc0\
\x09\x8c)\x01S*\xea\xf5:\x9e\xf6\xb4\xa7\x15\x8a\xce\
\xfc\xfc<b)\x1f\xf6[\x1c\xdb\x91\xd9\xacYd\xa9\
\xb4\x90\x83\xcdAy\x90kq\x97\x97\x97q\xed\xb5\xd7\
\xe2\xf8\xf1\xe3\xa8\xd5jH\xb5\x83cu\xda\xac\x5c\x0f\
?Z\x04\xbc\xb5N\xc0\x098\x81\xdd\x10peg7\
\xf4<\xad\x13p\x02N`\x8c\x09\x90,vT\xecE\
\x07\xb6\xbbcJ\xce\xdc\xdc\x1c._\xbe\x5c\xec\xf0\xec\
\xb6i$\xd7eA\xaew[\x99\xc5\x0eR\x14\xb0\xb0\
\xbc\xa4\xdd\x1e \x89\x93\x22\x8d\xfd~\xb1\xb0\xf4|I\
\x17\xeaq\xb9\xd5\x098\x01'p$\x09x\xa3\xb7I\
 l3\xbeGw\x02N\xc0\x098\x81\x09!`\x0a\
\x85\xbd\xa1\xcdvX\xda\xedv\xf1\xf8Z\xb5\xb3b\x8a\
\xc8n\x9bIR\x0a\xcc\x9a\xf4\xe7g\xca\x95)Z$\
\x8b7\xb8q%\x82\xf9\x85(Zq\xc9\xa8\x02d\xcd\
Mz\xdcr\xfa\xe1\x04\x9c\x80\x13p\x02N`(\x01\
Wv\x86\xa2\x99\x90\x00o\x86\x13p\x02N`\x08\x01\
Sv\xec\xf11{\x9b\x9bE1\x85\xc7\x1ec;u\
\xea\x14\xec\x916\xf3\xdbHH\xaeSf\xc8\xe1\xee\xde\
|\xec\xf16\x13\xf3\xb3\xf2\xecQ:\xb3S_K\xda\
\xe1\xc9\xca7\x13\x00\xe6\x81\xf2\x93\x95\xc6\xeaw\xd6\x13\
\xb6\xea\xe9\x16'\xe0\x04\x9c\x80\x13p\x02}\x04\x5c\xd9\
\xe9\x03\xe2N'\xe0\x04&\x9b\x80\xb7n=\x81\xc5\xc5\
Et\xbb\xdd\xe273\xf6\xc2\x82\x8b\x17/\xc2v\x5c\
\xaa\x1d\x9e\xf5\xb1\xb7\xe7\x227\xd6Hl\x07\x87Q\x80\
\x99\xb6\xbbd\xb9\x9b\xe25\xd5\x98*\xeadn\x17'\
\xe0\x04\x9c\x80\x13p\x02\xbb!\xe0\xca\xcen\xe8\x8dA\
\xdaj\xf5\xd4\xaaJ\x12$\xcdZHoX\xe11\xe0\
\xcb\xe2\xec\xa7\x0c(r\x9d\x17\xc9\xa2\xce\xe4\xce\xccu\
\x99\xad8z\xdbC\x96\xf9\xae\x04\xad\x1aU\x9cU\x8f\
\x1dZ\x86\xe5C\x0e.w\xbb\xc5T\xf9\xef\xd4\xdc\xac\
\xbc\xcd\xf2\xdd,\xfdf\xe1U\xfe\xfd\xf1\xc8\xab\xf9T\
q{\xcd\xfetG\xcdM\xb2x\xb1\x80\xed\xd0X\xdb\
\x8d\x8d=~f\xbb \x94G\x9eC{$y\x11\xc7\
\xc2\xec\x1ft\x96\x02X\x1cKg\x8a\x8d\x99\xf6\xdb\x19\
{\x0b\x9b\xbd\x95\xcd~\xb3c\xfe\xcab\xddA\x12a\
\xe5\x7f\xd5\x98\x89M>\x96\xaf\x95kRE%\xb9z\
O[\x19\x16f;J3\xc7f\x8b:\x91\x01i\x96\
\x16/J\x80\xe2V\xe9\x0a\x93\xc5w\xf1e\xe9LI\
\xeb-\xa3\xb2[\x04\x92J\xbe^\xcc\x7f3!\xd7\xd2\
l\x16w\xdc\xc3\x8da\x9e\xe7\xab\xd7G\xbf{\xb3\xf6\
\xf5\xc7\xefwo\x96\xfe\xa0\xc2\xfb\xebe\xd7\x89\xc9A\
\x95\x7fX\xe5\x90k\xd72y\xb5}\xbf\xebE^]\
&\xb9\xe6W\x9d\x97\xfez\x90e\x9c~\xff~7Y\
\xc6#\xd9\x1fT\xb8\xab\xfc\x87\x99E$}\x91\x5c\xed\
+\xe4,\xecf\xbaL\x0e\x01Wv&\xe7\x5czK\
\x9c\x80\x138b\x04\x06\x0d\xe2\xc3\x10X\xdc\xfe\xb0^\
\xbf^\xbb\xc5\xebw\x9b\xdfv\x85\x5c?\x89\xb0\xf4\x96\
\xafIjj\x98\xb41\xb3\xe7\x16 Y5\xe5/'\
4\x0b/\x8c\xea\xb16\x0b7\xa9\xd2Z\xa0\xa57\xb3\
\x92~w\xe5\xef\xa6\x138j\x04\xec^\xd8H&\x9d\
\x07\xb9\xd6\xff\x90W\xdb\x87\xb7\xdfC&\x8d\x80+;\
\x93vF\xbd=N\xc0\x098\x81>\x026\xe1\xe9\xf5\
2\xb7\xe9\x13\xa5Y\xee\xfcXx\xbf\xdb\xfc*!Y\
YWM\x92\xc5*(9\xd8\x5c\x8d8\xc4b\xe5Y\
\x90\x99\x85\x98C\x92\xaar\xa6\xd4\x98\x92\xa3\xdaI\xe7\
\xc9\xb5\xeb\x93K=R\xa0\x8e\x22\xae\xe2\xc8Z\x1c\xe6\
.,+_\xe6\xde\x8a\xacDw\xc3\x09L$\x81\xcd\
\xee\x81\x89l\xb47\xca\x09\x0c \xe0\xca\xce\x00(\xdb\
\xf1\xf2\xb8N\xc0\x098\x81\xfd\x22\xb0\xd9dexx\
Y#\xd3\x07,N\xe9*\xbf{\xddf\xef\x952\xc6\
\xd5\xdf$\xd7y\x92,\x94\x9cu\x9e\x03\x1cd\x19\x8f\
\xe4jhoy\xb9\xbc+\xf7j\x84\x15\x8b\xa96\x16\
\x96\xa9\x11f\x96nm\xf6(\xdc\xdc\xe6/\xeb\xeaa\
~\xab\x0e\xb78\x01'P\xdc\xa3$\x87\x9a\x8e\xc8\x09\
\x1c\x15\x02\xae\xec\x1c\x953\xed\xedt\x02\x07C\xc0K\
9`\x026\xc9\xaf\xc4\x8a.\xed\xa5R`\xeeJJ\
\x7f\xdb/\xa9|\xd6Lr\xf8\x84\x88\xe4jD\x92\xc5\
\xc4i\xd5c\x0f,\xbdoU\xb3\xda\xd9o\x89z\xb3\
\xb5z\x9b\xbb2\xcd^\x89\xf9\x99\x0csW\xfen:\
\x81\xa3H\x80,\xefWr\xb0y\x14\x99x\x9b\x8f&\
\x01Wv\x8e\xe6y\xf7V;\x01'0\x01\x04z'\
\xfa\xd6\x9c^\xb7)\x0e\xe6g\xd2\xeb_\xb9\xb5ar\
\x95\xe2B\xaeM\x8a\xfa_@@\xd2\x92\xae\x13\x92E\
\x1e\xe4`\xd3\xca\xad\xa4JH\xae\xc55?\xb2t\x9b\
\xbdW\xe4[8I\xae3\x0bG\xdf\x97\x95\xd1\xebe\
\xee\xadHo\x9a\xfd\xb3{\xceN\xe0p\x08\x90\xdc\xf0\
\xfe<\x9cZ\x1d\x5c\xa9\xe4\xd1n\xff\xc1\x91\x1e\xfd\x92\
\x5c\xd9\x19\xfds\xe45t\x02N\xe0\x88\x12\xd8\xca\x84\
}p\x9c\x12X\x15V\xba\xcao\xf3+m\xe57\xb9\
~B`J\x8e\x09\xc92\x82\xbe\xc95\xbb\x9c\xab\x13\
(\xb3\xefF\xc8\x95|\x03\x91\xcb\xbe\xe2*\xf2\xb7|\
\xc9\xca\xc7\x5c\x92\x15'\xc9\xd58\xf2-\x8e\xfev\x15\
\x9e\xfe\xe5\x04\x8e0\x01\xbb'6\x92CC\xe3\x05;\
\x81\x03&\xe0\xca\xce\x01\x03\xb7\xe2~\xf0_}\x88f\
\xba8\x01'\xe0\x04vG  G\xd5\x8d\x07\xac=\
\x12V\xee\xebd\xccV\xb3\xcf\xd5\xeb\xd8\xc4'[\x8d\
\x0f)\x0c\x91\xbe\x22\x99\x94D\xc8\xa5t@\xe1\xb9\x94\
\x09\x84\x08\xf6!)\xa3*\x03\x8agnl\xe9c\xe5\
\xadJ\x95\xcc\xca\x90\x90,\xf2\x22#0\xb7\xec\x02h\
\x86\x84\x5c\xb1\xe5A\xb5\x89@\x12\x94\x0d\xfaXT\x13\
\xc8\x9dS\x1e~8\x01'0\x90\xc0\xea\xbd\xa7m\xdc\
A\xf6\x81\x89\xdc\xd3\x09L \x810\xe2m:2\xd5\
#\x09\xb2\x14k4\xb9f7\xf7~\x09Y\x96C\x0e\
6\xf7\xab\xdc\xc3\xcc\x97\x5ckk5\x00\xf4\xd7\x87,\
\xe3\xf4\xfb\xf7\xbb\xc92\x1e\xb9wf\x7f\x19\x87\xe9\xde\
\x8c\x0fY\xb6\xbb\xbf\x8e\xc3\xd2\xf5\xc7\xdb\xccM\x96\xf9\
\x93\x83\xcd\xcd\xd2\x1fTx\xd5\xde\xca\xb4\xff\xe1a\xb2\
\xd7\xe5W\xf9\x9b\x99\x81\x80\x14\x85nJ\x84\xb8\x81N\
\x9aI?\x89\xb0\xd4j\xc2\x94\x00\x85\x82\xa4$\x07\xa4\
\x5c\xd8nM\x14bDQ@\x14L\x80n\x9a#I\
\xea\x98\x9a\x99E\xbb\x9b\xa2\x9b\xe5J\x1b\x15ye\xca\
\x84\x8a\xaf\x0cP\x08V>\x9a81\xcb\x00\x95\x073\
{\xc4\xdal\x92\xe6]\x98 \xe4\x88\x92\x00FP\x9e\
\xed\xc2\xcf\xdcqM\x8a\x95\xb2#\x89Lu\x88\xa2D\
Q\x03\x82\xfc\xecHB\x84N\xbb\x0d\xcaA\x12$e\
+\x7f\x87\x94\xc9\x96\xe7\x91\xfc,\xb6\x89<V\x0e\xe3\
bV\x92\x0ag\xf1\x167\xf3\xdb\x8aX\xba^!\xb7\
\x97~P\x19\xbd\xf9\xed\x95}P9;\xf5\xdb\xacN\
\x9b\xe5\xbb\xdb\xf4\x9b\xe5\xbf\xdbp\xbb\x16M\xfa\xf3\xa9\
\xeama\x9b\xc9\xb0\xb4\x96G\x95v\xa38\x16\xcfe\
0\x01\xb2\xbcO\xc9\xc1\xe6\xe0T\x83}\xc9\xab\xf3\x18\
\x1cs\xcd\x97,\xd3\xac\xf9\x946;\x9f\xa5\xcd\xbf'\
\x85\xc0\xfa\x91bRZ5\x0e\xed(V\x5c\xf3\xd5\xc1\
}\x1c\xaa\xecu\x1c\x05\x02^\x07'\xb0F\xc0vr\
L\xa4\x97HI)\xbbs\xb3\x971\xa4\xe4\x14\xfd\x0c\
\x8a\x89?z>\x1a\xe3A\xb9O\x9e<\x89K\x97.\
\xe1\xca\x95+\x98\x9e\x9eF\x1c\xc7\x85\xcc\xcc\xccH\x8f\
\xc9\x14\xc3\x8eP(\x0d(z\xab\x952\x94\xb5\x85\x98\
T\xb1*\xd3\xfc*i\xb5Z\xe8v\xbb\x88kI\x91\
\x7f\x88\xa5\x8c--aaa\x01\x9dN\x07\xc7\x8e\x1d\
\x83)6\xddvG\xb9K\xb9\x80\x14\x1a)S2P\
\xab5@\xd2\xac\xf2\x5c1K\xd7\x81|\xfb\x84\xe7@\
0\x8f|!\xfd\xd7A\xbf{\xe4\x1b\xe0\x15t\x02N\
@\xe3\x8bC8\xd2\x04\xac\xe3\xdeH\x8e4\x1co\xbc\
\x13\x18q\x02\xda8\xd1\x8e\x08\x8a\xc7\xc0\x98g0\x95\
\xa0|$,\x83}(\x1fR\xdf=\xca\x09-`E\
\x96\x16\xe7\xf1\xa4\xeb\xaf\xc5\x89c\xb3\xca#CG\xbb\
B\xed\xe6\x12Z\xcbM\xd4k1\x90)\xa1\xa47\x8d\
\xbd\xf2\xd9\x14\xacB\x94\x8f)WV\x9a\x99\x95\xa0\x18\
Z\x82\x94\x99\x13R\x94\x88\xc5\xf9\x85\x22\xcf\x88\x013\
S\xd3*\xef8N\x9f:\x85G>\xf90\xba\x9d6\
\xa6\x1b54T\x9em\x12\xc5\xaa\xaf\x12\xc9\xbf\xa5\xdc\
\x07\x1f$\xd7\x02\x06\xd8\xacO\x1b\xe0\xbd\xa1\xd7N\xd2\
l\x98\xa1\x07N\x0c\x81\xfek\xc3\xdc&\x13\xd3@o\
\x88\x13\x98p\x02a\xc2\xdb\xe7\xcds\x02N\xc0\x09\x8c\
,\x01\x9b0m$\x1bW\xdcT\x8c^\xb9:vo\
\x07oJP\x90\x8e`~\x95t\xa5\xdc0KaJ\
\x0fd\xceL5\xa4x\xd4\xa5\xf8\xa4R|\xdaR\x95\
\x94\xff\xca\xee\x90\xe5nu\x85)2\xb9v{dV\
\xca\x8d\x99\x16\xde/\xb6\xb3CR\xbb45$I\x82\
(\x04\x98\x22\xd3\x5c^\xc6\xa5'.\xe0\xd3\x9f\xf64\
\xccL7Tt\x07\xed\xd6\xb2\xca\x5c.\xb2\xc8\xb2.\
b\xc5/\x1c\xf6e\x957SB\x09\x90A\xd9Jr\
I\xe9Sx\xeb\xab\xac#TL.\xd7\xc6G\x15\xb7\
\x8a\xd5\xef\xae\xfc\xddt\x02\xe3tm\xf8\xd9r\x02N\
`=\x01\x8d<\xeb=\xdc\xe5\x04\x9c\x80\x13p\x02\xa3\
O\xc0\xe6\xff6\xcd7\x09\x9a\xfc\x07\xd8\xe4>S\xc5\
s\x98\x9f,\xc5Q\xc4\xd3\x17Y\xfa\xdaw%'\x8f\
\x1dCkq\x01\xdaF\xc1\xe9\xe3\xc7p\xe5\xe2\x05t\
\xa4\x88\x9c>y\x02\x91\xd2\x04\xe5+\x03\xd0\xeeN!\
Rp \xc9TB.\x0d'\x93\xa4\x123{\xc5&\
\x86&\xb6C\x14\x87\x08S\x8d\x06\xa4}\xa0\xd3\xd4n\
M\x9aa\xba\xde\xc0q\xed&\xcd]\xb9\x84\xcbO<\
\x8e\x84\xc0\xb1\x99\x19\xccNM)w\xabNG\xf1\xb3\
R\xd4\x8a\xa0\xf2Ba\xa2\x08\xa7\xea\x85B\xe4\xb9\xc1\
au\xd8H,i\x15nv\x93~\xb7\xf9\xb9\x1cM\
\x02\xfd\xd7B\xbf\xfbhR\xf1V;\x81\xb1#P\x8c\
\x1b\xe3Wk\xaf\xf1\x9e\x11\xa8:\xefa\xe6\x9e\x15\xe4\
\x199\x01'\xb0\x0f\x042\xed\xc2\x98X\xd6\x99}\xad\
\x13JI \xb9\xe2\xb7>\xdc\x94\x87\xd3\xc7g\xf1\xf2\
\x97\xbd\x14\xbf\xf23\x1f\xe2\x87\xff\xecOpR\x0a\xc8\
\xe9S'\xf0\xf0\xc7?\x8e\x9a\xa5\xd3n\x0f\xf3T\x03\
E\x99\xd6\x14\xfe\xb3\xdb\x8a\x00\x00\x10\x00IDAT\
\x1f\xeb+,\xc3\x5c_\xf6(\x9b\x0c\x98ib\xf6J\
,\xee\xf4\xf4\xb4t\x92.\x96\x17\x16\xd1]n\xa9\xae\
P^D\xdal\xa3\xb5\xb0T(:\xbf\xfa\xb3\x1f\xe2\
\x9d\xe7\xcf\xe3\xb3>\xe3\xd3\x15\x06\xd58C\x1c\xabv\
i*\x07\x01\x94e\xcb\xb2zP\x99[HPl\xf3\
$\xcde\xb6R\xac\x8e&\xa5kk\xdf\xfd\xf1\xfb\xdd\
[\xcb\xc5cM\x22\x81\xfek\xc1\xdc&\x93\xd8Vo\
\x93\x13\x98D\x02a\x12\x1b\xe5mr\x02;&\xe0\x09\
\x9d\xc0\x18\x11\xd0\x9c\x1f\xb0\xc7\xccd\xd1\x81\xeac\x8a\
He_o\x9a\xe2 Q\x04S\x0fL>\xffo\xfc\
5\xb44s{\xf3\xeb_\x8f\xf6\xd2\x22\x1e\xf9\xc4\xc7\
\xf1\xd4']\x8f$\x8e\xa4|\xe4\xb0\xdf\x02\x95yd\
P4\xb9KW\xf9\x1d\xb4\x9f\x14J\xeb\xa0\xef\xac\x8b\
\xb6\xed\xe6d9f\xa7\xa7PS\x9e\x8b\xf3sX\xd2\
nR\x22\x85\xe6%\x0f\xbe\x18\x97[\xcd\xfc\xe6oy\
\x9e\xca\x02\x16\xe6\xe7\xb1\xbc\xb4\x84(\x8a\x81>\x05\x06\
+\x1f\xab\xb3YM\xe1)\xcd\xca\xc7\x5c\xbb\x13k\xdf\
\xeer\xf0\xd4\x93J\xc0\xaf\x8dI=\xb3\xde\xae\xa3@\
`\x83Q\xea(4\xdf\xdb\xe8\x04\x9c\x80\x138<\x02\
6\x81\xdaH6\xad\x99\x14\x1d{I\xc1\xfax\xe5\xe4\
_*\x8d\xf6DL\x19Y\x1f\xda\xef:\xae\xdd\x17\x1b\
\x08\xfe\xde\x97~\x09\xfe\xf1\x0f\xff\x10n\xb9\xf1[\xf1\
\xa9G>Y\xec\xba\x84<\x83\xe5`\x0a\x8f\xc5\x09\xca\
\xd1\xd2\x9bbU\x96\x02TfU\x0f{\xc4\xcc\xc2-\
\xae\x99\x91\x22$Q\x80\xbdq\xed\xf2\x13\x17\x11\xcb\xfd\
\x8d_\xfb\x0f\xf1\xfe\xef{\x1f\xbe\xfe\xab\xbf\x123\xb5\
:Z\xad&\x90g8vl\x06\xf5z\x1d\xeb?A\
\x0a\xd5z\x9f\xbdr\x19\xfb\xbd\xca\xcb\xf3q\x02N\xc0\
\x098\x81\xd1$`\xe3\xd7h\xd6\xec\x88\xd5\xca\x06\xdd\
J\xac\xe9\xbdvs\x0f\x93*\xde0sX:\xf7/\
\x09\x90\x04\xc9\xd2\xd1\xf3]\xf1\xec\xf1:\x92V\x92\x1b\
\xf2\x19\xc6\x89\x1c\x9c\xae\x1f\x22Y\xc6#\x07\x9bU\xfe\
\xc3\xcc\xfe\xfcF\xcd=\xac\xde\x95?9\xb8\xdd\xe4\x9a\
\xff\xa06U\xe9a\xbf\x7f\x91\xb2b\xafq\xb6W<\
\xcf\xce\xce\xe2u\x0f=H\x86\x08\xcaa%\xa9\x14\x8d\
n&\x85\xc2~\x07\x93\xaf\xf8\x01\xf6?B\x88\x14\xa6\
JdY\xaa\xf0\x16\xae=~\x0c\xf7\x9c\xbf\x1d\xefx\
\xcb\x9b\xf0\xeb\xff\xeag\xb8x\xe52\xb2N\x1b\xc1^\
\x93\xd6\xe9\x00\xda\xa1a\x9e\x822#\x06DRCL\
!\x8a\xcd\x1e\x94\x93vrL\xc1\x89\xcd\xae\xbaY\xfd\
\xa6\xea\x0d\xb4\x16\x971?w\x19\xbf\xf5\x0b\xff\x82o\
\x7f\xcb\x9bq\xff\xdd\xe7pbvJe\x03\xa6H\xd9\
oxL)\x82>i\x9a\x22W}\x11bd*\xa7\
\xd5j\x15*\xd6\xdc\xe2ba*\x0a\x1e\x7f\xfcq\x84\
P\x0e_$\x0b{\xe5\xce\xf3\x1c&\xd8\xe2\xc7\xe2\xf6\
J\xa6\xb6V\xd2\xeb_\xd9{\xb3%\xb9\xea\xec\x0f'\
\xd7\xc2V#\xf5Y\xaa4\xdb1\xfb\xb2\x18k\xe7f\
\xed>\xec\xc6\x91\x04\xb9&V\x1f\x92\xeb\xfcH\x9a\xf7\
:\xa9\xdaE\xf2\xaa\xb8\xe4\x9a\xdf\xbaD\xee\xb8\x8a\x00\
\xb9\xc6\xca\xeeo\xb2t[Dcl\xa6\x8b\x13\xd8\x0a\
\x81r\xb4\xd8JL\x8f\xe3\x04\x9c\x80\x13p\x02#A\
\x80dQ\x0fSp\xda\xed6\x8e\x1f;\x81\x10'\x98\
\x9b[(\xfc#}_Y\x5c\x92*\x02t\xa4\xc8D\
q\x5c\xee\x980\xc2\xf2b\x13\xadf\xb3P\x10\x9aK\
\xcb\x85\xc2\x11I9\x9a^\xd9Q\xb1A\xe1\x0b\xff\xfa\
_\xc3\xc5f+\x7f\xf0E/\xc4\xd3nx\x12.=\
\xfe\x18\x96\x97\x16Q(6\x8a\x1b\xa4\xd1,-\xcc\x15\
/\x1c\x88\x94 mw\xd0\xd1\xee\xcc\xb4vi(e\
hia\x1e\xb6\x9b\x03\xed\xd6<\xf6\xe8#\xb8\xfe\xda\
\xd3x\xd9C\x0fb.\xcd\xf3\xbf\xf6\xd9\x9f\x89\xae\x94\
\x99Du,[\x01E\xeb\xcaU\x1eI\xad\x06&1\
r\xa5\x0dQ\x84Z}\x0aO\x5c\xba\x04\xfb\xdf?]\
)\x22-)3\xdf\xf1\xe0\x8bI\x15\x9c\xafd@\x12\
\xe4\xde\x0b\xfc\xe3\x04\x9c\x80\x13p\x02\x9b\x10\x18\xfd`\
\x0dS\xa3_I\xaf\xa1\x13p\x02N\xe0(\x12\xc85\
\xb1\xefm7\xc9U'I\xc45\xed\x9ah\xe7\xc3\xe2\
5\x1a\x0d\x98Rs\xee\xdb^\x9a\xff\xd1\x9f~\x04\xc7\
f\xa6\xd1\x94R\x11BT\xec\x88T{:S\xf2\xaf\
+\xae)J\xd3\xd3\xb3\xca/\x14\x0aO1\x18H1\
jIi\xc9\xd3.\x8e\xd5k\xf8\x86\xaf\xf9*\xbc\xe5\
\x8do\xc0\xd9\xdb\xce\xe0\xf8\xf4\x14:\xa6$)N\x90\
\x9c\x9a\x9d\xc5\xc9\xd9\x19Pq\xa7\x1b\xb5\xe2\x8dj\x97\
\x1e{\x0c\xb5\x10\xf0\xe4\xeb\xae\xc3\xb2\x14\x9eX;G\
\xf7\xddu\x1e\xff\xe8\xdd\xef\xc2\xd7|\xc5\xdfEP\xf5\
\xbbJ\xdb\x88\xd7\xca\xb4\x1d\x9d\xa04V\x9fv\xb3\x83\
n;E\xd6\xcda\x1bC\x1d}\xd9\xe3x\xa7N\x9d\
RN\x80\xed\x18}\xfc\xaf\xfe\x0a7\xdf\xf7\x82\xbc^\
\x9bZUp\xd4\x88\xe2 \xb9\xeaG\xb2\xf0\xf3/'\
pX\x04\xec\xbe\xdcH\x0e\xab^^\xae\x138j\x04\
\xc2Qk\xb0\xb7\xf7p\x09x\xe9N\xc0\x09\xec\x8e\x00\
\xc9\xd5\x09}\xac\x1d\x9bZc\x1a\x0b\xda\xa1iwS\
\x5c\x7f\xc3\x93\xf1\xc8\xa7\x1e\xc3\x17=\xfb\xb3\xb8$\x85\
!\x91Ra\xca\x82):ff\xb2\xb4Z\x1d\x98i\
i\xe5DW\xcaJ\xab\xdd**\x15I1\x9a\xae7\
\x0a\xa5\x22\x95\x7f\x9a\xa68u|\x16\xcf\xbf\xe3v\xbc\
\xef\xbd\xdf\x8b/\xfa\x9b_\x88+\xdaeY\x9c\x9f\xc7\
\xe2\xc2B\xa9\xd0h{\xa5\xbd\xb8\x88\xa9$\xc1\xd3\x9f\
\xf2\x14\xcc_\xbe\x84\xc7\x1e\xfe$\xfe\xe3\xcf}\x88\xdf\
\xf9\xce\xb7\xe3y\xdf\xf8\x0dR\xbc\xa4(u;\xb0\xdf\
\xf34T\x86\x0d<s\xf3\x97Tv\x1b\xf6\xc8\x98\x15\
n\xf5\xa9iw)\xae%\x08q\x84(\x8e\xd1lw\
\x8b\xdd\xa9\xa6\xdaFE\xba\xa4r~\xf0\x03?\x8c+\
R\xa4f\x8e\x99\xa2&O\x1d$AR\xb6\xf2 \xb9\
\xce]\xfa\xfa\xb7\x13p\x02N\xc0\x09\x1cE\x02\xe1(\
6\xda\xdb\xec\x04\x9c\x80\x13\x18\x11\x02\xdb\xae\x06YN\
\xe4I\xc2\x14\x1c\xfbA\xbf)2\x8b\xcbK\x88\x92\x1a\
N\x9c:\x8d\xaf\xb8\xe9l~M\x12\xf8\xe1\xbf|\x04\
\x0b-\xed\x94\xa8\x94T\x9a\x8d\xf4\x1f\xd4\xeaR&\xd4\
\xf3/-5\xe5\x0b\x84(F-\xa9K\xe9\x00\xf2L\
9i7\xc9v[j\xf2\xb7\x1d\x9c \xcd\xc8\xde\x92\
v\xed\xc9\xe3x\xc3\xab_\x86\xef\xfe\xce\xb7\xe17\x7f\
\xfegH)BT\xfce)=\xc7\xb4S\x94jG\
\xe8c\x1f\xf90>\xe73?\x03\xef|\xeb\x9b\xb0\xac\
%\xedg=\xfdi\xb0\xb0,\xeb\xa0\x1e\x1313\xb4\
;\x8bH\xb3&N\x1c;\x86Xe\xd8\x8e\x8e)`\
\xaa\x09@\x14\x9f\x96\x94\x9cE\xed\xf2LM5\xb4;\
\x95#\x8a#|\xec\xe1G\xf1\xea\xd7|\x07>\xf5\xe8\
\xe3\xaas\x82\xe5\xe5RA\xb3\x04*\xca\x8cB\xc8\x95\
L\x0a\x97\x7f9\x01'\xe0\x04\x9c\xc0Q'\xa0!\xef\
\xa8#\xf0\xf6;\x01'\xe0\x04F\x9f\x00I\x90\x5cW\
\xd1(\x8a\xb0\xb8\xdc,~\x8f3s\xec\x04\x1e\xbfp\
Q\xbb\x22\x09\x1aS\xd3\xf8\xf2\x1bo\xcb\xdf\xf4\x96\xb7\
\xe2W~\xf5\xdf\xa3e?\x89\xa1\x94\x19\xa5^n\xa7\
\xc5n\xc9\xd4t\x03\xa6\xfc\xc8K\xf9B\xcaN\x86\xea\
E\x07\xa6\x80t\xda\xcaW\xca\x936\x87pR\x8aI\
=\x0aXj\xb6\xf0\xf9\x9f\xfb9xl\xb1\x95\xbf\xfc\
\xa5/\xc15'\x8e\xe3\x98\x14\x92O~\xe2\xe3\x98m\
\xd4\xf1\x86\xd7\xbd\x16\xef\xf9\xaew\xe1\xb9\x9f\xfb\x1c,\
.-J\x19\xeb \xa8\xb4z\x88\xf4\x9d\x96\xf6\x22\xcf\
\x08i\xda\x86\xaa\x84Z\xadV\x88\xed\x225\x9bm,\
I\x89\xa1vu\x1a\x8d\x04\xf3\xcbm)6\xc4\x07?\
\xf8Sx\xf3[\xde\x82\xcb\x97\xe7`\x8f\xc1\x1dS\xb9\
\xf6[$Srz\xc5\xdabn3MH\x82\xdc\xb9\
X\x1e.\x07M`r\xca\xb3kq#\x99\x9c\x96z\
K\x9c\xc0h\x13peg\xb4\xcf\x8f\xd7\xce\x098\x01\
'\xb0\x8e\x00\xb96y\x0f!\xa0\xd3\xed\xc2vmf\
g\x8fcy\xa9\x85\xc5\xc5e\x1c?~\x12'O\x9e\
*&\xfa?\xf9\x93?\x89W\xbf\xfa\xb5\xf8\xed\xff\xfc\
\xdf\x8a|\xea\xb5\x08\xcdf\x17\xda\xc0A\xda\x85\x14\x92\
\x1c\xd2\x7f\x10K\xab\xa9\xd7\xebH\x92D\xf6X\x0aH\
\xac\xf8Y!\xcb\xcde\xc5\xcf\x0b\x85\xa6\xd5I\x11i\
\xe4\xf8\xfb\x7f\xe7\x8b\xf0\xf6\xb7\xbe\x19gn\xbe\x11/\
\x7f\xe9\xb7\xe1\x1f\xbd\xe7{\xf1\x95_\xfee\x90\xd6\x04\
\xe6\xc0\x89\xe9\x19\xed\xe6Drv@\xe5\x12#\xd2\x1f\
T\xbf+*\x7f\x01Id\xbb3\xcb\x0a\x09 -\x06\
\x10I\xc9\x99\x9a\xaa\x17\xf9\xa7*\xfa/?\xf6\x09\xdc\
}\xef\x0b\xf1\x9b\xbf\xfd;X\x90R\x17\x94&Uc\
\xa7\xa6f\x10\xd4\xf6L;K\xfd\x93Ie\xe8\x87\x13\
p\x02N`r\x08xKvM \xec:\x07\xcf`\
g\x04rC\xcf\xe2\x87\xc3;\xcb\xc0S9\x01'p\
\xd4\x09\xb4Z-\x1c\xd7\xae\x8b\x99\xcb\xcb\xcb\x98>6\
\x8bzc\x1a\xcb\xed\x16\x9a\xad\x0e\xba\x02t\xcd\x93n\
\xc0'\x1f\x7f\x1c\xdf\xfb\x03?\x80w~\xcf{\xf1\xbf\
\xff\xec/\x10\x1a1:\x04B\x020\xa6\xbe\x00\xdb\xe5\
i\xb5\xbbX\xd0\x8eLK\xf9B\x9f\xaev_\x02\x88\
\x19\xed\xda Ka\xff+g&\x89p\xbcQC[\
q\x9fz\xfdi\xdc\xf8\xbc\xaf\xc7\xd7\x7f\xdd\xd7\xe0\xd8\
\xec\xb4b\x02\xf6\xf2\x81F\xc4\xc2\x9eh/\xa7\x16b\
\xd9stT'S\xcc\x8e\xcd\x9c\xc0tc\x16\xa9\x14\
\x95\xbav\xa0\xa4\x17\xa1+\x05f\xa9\xddA\x88C\xf1\
\x22\x82\xff\xf2\xdf\xfe'\x94\x07\x1fz\xd9\xcb\x90\xe6D\
\xcb4\x1fF\xc5\x8e\xd5\xec\xf1\x13\xf8\xe8_\xfe%\xe2\
\xa4\xa6\xfe3\x14J\x98\xaa\xbaz\xf4*?\xab\x9en\
q\x02N\xc0\x09\xf4\x13`&\x1f\x13\x19v\xd8\xbc\xcc\
\xc4\xec.\x13E LTk&\xa41\xbd\x83\xf5f\
vR\x93\x8a5\x01\xb9\xde\xbd[$\x9b\x95\xbfY\xf8\
n\xcb?\xec\xf4d\xc9\xb3\xbf\x1e\x9b\xb5{7\xe1\xfd\
em\xe4\xde\xac\x9c\x8d\xd2Z\x18Y\xb6\x8f\xdc\x1f\xd3\
\xca\xd8H6\xab?\xb9q\xbd6\xca{/\xc26\xab\
_\x15\xde_\x16Y\xd6\xbb\xdf\x7f\xbbn\xb2\xcc\x87\xe4\
j\xd2\xaaL3kq\x84\xb6v]\x1a\xb5\x04\xad\xd6\
\xb2v;\x80V\xb7%\x05!C$\x85\xa4\xa3ts\
\x0a\x8ff\xa61}\xed\xb5\xf8\xdd\xff\xf9\xff\xe15o\
{\x07~\xe0'?\x84\x87//\xa3\xa3\x5c\x9b-m\
\xc6\xc8\x94N\x81\xa8\x16K\xe1\x90r\x12I\x89\x90_\
\x1c\xc5\xfa\xce\xa4Pt\x91\x84\x0c\xd3\xb5\x08\xb1T\x0c\
\xf3=fq\x15JI\xa2\xafz\x04\xe8X'Y\xa7\
\xab]\x9e \x95G\x8aJm\x06I<e\xb1\x95C\
\x82\x9cu)X\xc4\x5c\xab\x8bN jS\x0d|\xea\
\xe2<~\xe4\xa7\xfe\x19\xde\xfb\xfe\xf7\xe3K\xbf\xee[\
\xf2SR\xd4Zy\xa6\x8c#\xe4Q\x84\xc5v\x1b\xf3\
\xda\xe1\x999q\x1aK\xda\x8e\x22Y\xf4y\xca\xb48\
H\x22R\xbc\x10\xc2:\x7f\xec\xe1\xc7\xb8Wb\xd9\x92\
e\x1d\xacL\x13\xb2t[\x98\xcb\xc6\x04\xc8\x92\x159\
\xd8\xdc85t]\xe6\x1b\x0a98_r\xe7\xfe\x9b\
\xd5\xc9\xc3\xf7\x87\x80\xddsU\xce$\xd5\xd7\x95\xf78\
I\xf4\x7f,\xaeI\xaf\xbf\xb97\x16\xeaZ\xb2k\xca\
\xe4\xea<{\xf3r\xfb\xf8\x11\x08\xe3W\xe5\xf1\xaf\xf1\
C7\x9d\xcd\xc7\xbf\x15\xde\x02'0\x0e\x04\x8ef\x1d\
\xa5\x1eH\xa1\x00\xeaSSR\x12b,\xb6\xdaR\x0e\
:`\xa3\x81\x85N\x07\xbf\xfc\x1f\xfe\x03^\xf1\xda\xef\
\xc0\xaf\xfe\x87\xdfAK;4\xd4Hp\xe1\xf2\x22.\
/,\xa1V\xab#\xc4u\xc5o\xa3\xdd\xed\xa0\xddi\
!(\x82\x09\xa4x\xb4\x16\x17`/#\xa0J\xa8\xa6\
\x04J\x0e\xb3W&\xac\x87\x93D\xb1\xa9E:\x07\xb2\
\xeb\x1b\xf6\xe8\xdc\xb2vp\xda\xa6\x04)AWR\xaf\
\xc7\xe8\xa8\xc2?\xff+\xbf\x86o{\xf9+\xf0\xd3\x1f\
\xfa\x19\xd8N\xce\xf5Oy22MdR\xc5IC\
@\xaa:\x98\xe42sXI\x96\xa3\x942\xcb\xd4\xac\
+b\x13\x9a\x15\xab\x1bN\xc0\x098\x81\x0d\x08d\x0a\
3Y\xebOP\xf4-\x94\xbf\x1f\x93D\xa0:\xc3\x93\
\xd4&o\x8b\x13p\x02N\xc0\x09\x88\xc0\xc2\xc2\x82\xbe\
\x81XJ\x07\xc9\xe2E\x06'N\x9c(\xdc\x17.\x5c\
\xc0\x07\xfe\xf1\x0f\xe3\xf5oz#~\xe3w\xfe\x00'\
N\xce`vv\x1a\x97\x97\x96\x91J[\xa9\xd7\x1a\x08\
q\x0dIRW\x1e\xa6Th\x02 E\xa3>3\x8b\
Ha\x1d\xed\xc8(`\xc3\xa9A\x96J\xcb\xd1\x91f\
y\xa1Te\xca\xa2VK\x94g\x8c\xb9\xa5f\xf1\xf8\
\xda\x7f\xfb\x9f\x7f\x88\x131\xf9\x8f\x7f\xe4G\x8a\x1d\xa9\
\xa7<\xfdi\x85i\x8a\x96\xe5?H\xa8<{\xfd\xfb\
\x15\x1cs\x9b\xf4\xc6\xd9\x89\x9d$\xc8\xe1\xb2\x93<\x0f\
=\xcd\x04U\x80\x1c~nHNPK\xbd)N\xc0\
\x09\xec\x86@\xd8MbO\xeb\x04\x9c\x80\x13p\x02\xa3\
K\xc0&\xfcIb\xcaE\x82\x8evt\xe6\xe7\xe7\xd1\
n\xb7\x0b\xa5\xe7\xd45\xa7\xd1\x98\x9a\xc1\xc7\x1f~\x18\
\xdf\xf9\xeew\xe35oz'\xfe\xcfG\xfe\x02\xd3\xd3\
Sh\xa7)\x9ai\x17\x9d4C\x86X\xaaO9T\
\xd8\xeft\xec\x1f~Z\x8b\x93Zm\x9d\xa2c1\xfa\
\xa7\x97\xdd,\x85E\x0a\x11\x11\xd7bK\x86\x8er\x9b\
[^\xc2\xfc\xf2\x22\xbe\xff\x03?\x84\xefz\xcf\xf7\xe0\
\xcb\xbe\xe9\x9b\xf3\x13\xa7O\xa1\xad\xf8\xf3R\xd0\xa6f\
\xa6\xc18\x82)G\xf6x\x9d\xad\xbd\x16\x89\xaf\xfaZ\
\x0b\xb1\xb6^\x15\xec\x1eN\xc0\x098\x81M\x08x\xf0\
\xe4\x13\xb0\xf1i\xf2[\xe9-t\x02N\xc0\x09\x1cA\
\x02\xf5z\xbdPr\xec\xe5\x05\xd6|s\x93D\xb3\xd9\
\x84)>H\x22$\x8d)\x5cs\xfdu\xf8?\x7f\xf6\
'\xf8\xf6\xd7\xbd\x1e\xef\xff\xe0O\xc0\x1eg\x8b#)\
3Q\x02\xfb\xcd\xccb\xb3\x85\x0cD\xadV\x03\x19!\
\xb7\xe7\xce\xb4\xbbB\xc0t\x99B(\xfb\xeaa\x0eI\
\x22\x05G\xea\x0e\x16\xb5\x0b\xb4\xd8\xeej\xc7\x08R\xa4\
2\xfc\xfb\xff\xf8\x9f\xf0\xaao\x7f\x0d~\xfd\xb7~\x03\
q\xbd\x81\xda\xd44.\xcd\xcd\xe3\xd8\x89\x93\x98\xd6\xce\
\xd3e\xd9\xbbR\xb4r\xed$\xa1\xc8\xbd\xcc\xd9vt\
\x0a\xb1\xda\xa8|SpL\xcaP{\xd6\xbe\xfc\x0dG\
\xe5v\xd3\x098\x01'\xe0\x04\x9c@p\x04\xdb!\xe0\
q\x9d\x80\x13p\x02\xe3C\xa0\xf8\x7f9\xda\xd11\x85\
\xc0vx\x1a\x0d)\x16RXL\xe9iLOca\
q\x19\x88\x13\xed\xe2\xa4H\xa4t\xcc\x1c?\x81\xff\xfc\
;\xbf\x8bg\x9c<\xc1_\xfd\xcd\xdf\xc4\x15\x85GR\
8\x1a\x8d:L\xf1\xc8\xd5t\xe9:`\x12\xa4,-\
H\xbb\x00\x08\xc0\x14\x10\xf4},n&\xbff;E\
\xad\x1e\xa3.\xc5\xe7\xb7~\xf7w\xf1\x92\x97\xbd\x1c?\
\xa8\x1d\x1d\xfb\x1d\xd1\xb1\xe3'a\x0a\xd7\x93\x9f\xf14\
\x5c\xfb\xe4'\xe1\x91\xc7\x1f\xc3\xb2\x14\xb1\xebox\x92\
Rn\xfd\xb0\xf6\xf5\xc66\xb7I\xaf\xdfN\xec$A\
\x0e\x97\x9d\xe4\xe9i\xf6\x8e\x009\xfc\xdc\x90\xdc\xbb\x82\
<''\xe0\x04\xc6\x9a@\x18\xeb\xda{\xe5\x9d\x80\x13\
8\x5c\x02^\xfaH\x13\xb0\x09\x7fM\xca\x8dI\x9a\xa6\
RP\xe6\x0bi\xb5\xb4S\x93e8u\xfd\xb5h\xe7\
)\x18%\x88\xa4\xec\xcc//cI\xca\xd1\xd7\xdeq\
o\xfe\xbe\x1f\xf8!\xfc\xe8O\xfc$\xfe\xc7\x1f\xfeo\
\xed\xa3\x94\xcd\x9c\x9fo\xa2\xd5L\x0b\xc7\xb1\xe3\xb3\x85\
\x09\xd3j\xccV\x99\xb2\x9b5\x93\xd9\xd5WR\x8b\xf0\
'\x1f\xfd\x0b4H\xbe\xe7}\xef\xc3\xa5\xf9\x05|\xda\
g>\x0b\xf6\xf6\xb5<\x0e\xb08\x1f\xff\xab\x87\xf1\xc4\
\xc5\xcb8u\xed\xb5\x08I\x82G\x9fx\x1cy`Q\
\xae\xb2PN6T\x99\xc8:\xe4\xb0\xb6\x0e\x09ro\
'\xe0\x04\x9c\x80\x138\xc2\x046\x1e=\x8e0\x18o\
\xba\x13p\x02N`\xdc\x09\xd8?\xdd\xecm\x83\xed\xec\
\x9c<y\x12SSSR2R\x5c\xba<\x87,'\
Ri,\xb6s3s\xe2$\x12\x85EI\x0d\xd7\xdf\
\xf0d\xfc\xd6\xef\xfc\x17\xbc\xe7}\xdf\x87\xf7\xff\xc8\x8f\
\xe3\x93\x8f>\x81\x99c\x0d$\xf5\x08\xcb\xcb\x9d2[\
\xd3jJ\xdb\xea\xb7y\x99\x82b\xa6=\x9a\xf6\x81\x1f\
\xfd ^\xfb\xfa\xd7\xe1\x1f\x9e9\x9b\x9f\xbe\xf6z\xc4\
\xb5\x04\x97\xae\x5cF'\xcbU\x07\x14/#\x98=~\
\x8d\x17\x89\xfe\x00\x00\x10\x00IDATLy\xcf\xa2\
iJX\x9eczfF5Z\xcdr\xac,^Y\
'\xe0\x04\x9c\x80\x13\x18-\x02\xae\xec\x8c\xd6\xf9\xd8v\
ml5s?e\xb3\x0a\xf5\x96]\xc5\xd5\x02\xee\xea\
\xa3\x1f\x95\xdf0\xb37\xfd \xfb\xb0t\x07\xe5_\xd5\
\xa9\xbf\xbc\xaa\x8dU\xf80\xb3?]\xbf{X\xba\xad\
\xfaW\xf5\x18f\xf6\x97\xd7\xef\xdej9;\x8d\xd7_\
\xdev\xdd;-\xb7J\xb7\xdd\xf2\xfa\xe3\x0f\xe3Z\xf9\
\xf7\xc7\xefwW\xf1\xcc\xec\x0f\xdb\x8a\xbbj\xc70s\
\xb3<\xa2(\x82\xa55\xa5\xc7\xea`v{A\x81\xed\
\xf2\xc4q\x0cS~B\x12\x17\xbb(\xa9vz:\xb6\
\xcd\xc2\x08Y\x88\xb0\xd4n\xe3\xe45\xd7b\xb9\xdd\xc1\
o\xff\xce\xef\xe2mo\x7f'\xfe\xe5\xbf\xfe7\x90n\
\xa4t\x09\x8a\x8fi4&\xe5f\x0fR{\xfb\x9a\x02\
\xcc\xeb\xd7\x7f\xf3?\xe3\x05\x0f\xbc\x18\xbf\xf7\xfb\xff/\
f\x8f\x9d@c\xf6X\xf1{\x9d.\x08J\x99b\x88\
\x81@PeI\xefA7\x95\x8a$\xbb)]\xaa\x0a\
\xa8z0\x0a(\x84T\xaek\x07I\x90W\x8b\xc5 \
\xd7\xfc\xcd=\xcaBr\xb5zvnL*\x0fr-\
\xac\xf2\xeb7-\xfen\xa4?\xbf~\xf7n\xf2\xb6\xb4\
\xfd\xf9\x1d\x96\x9b\xe4\xba\xebe\xab\xf5 \xb9\x1a\xd5\xda\
cRy\x90ka\x95\xdfvM\xcbo#\xd9n~\
#\x1a\x7f\xc7\xd5\xda\x88\x8d\x85\xed8\xe3\x0d\x12\x92,\
\xae\x95\x0d\xa2x\xd0\x18\x12\x08cXg\xaf\xb2\x13p\
\x02N\xc0\x09l\x81\x00\xc9MbI\xc1X\x89\x91K\
\xf10k\x8eP(4\x99\xccv7\x85\xbd@\x00\x0a\
\xbbp\xe9\x22\x1e\xfe\xd4c\xda\x89A\xf1x\x19r\xc5\
\xae\xb2_1\x83\xe2\xb5\xba9:\x0a\xfb\xe8_\xfcy\
\xb1c\x94i\xa7\xa6\xfc\xff8\xda\xc5)\x12)\x7f\x04\
dV7\xd3\x9c\x94\x8d\x1fN\xc0\x098\x01'\xe0\x04\
\xf6\x8b\xc0h);\xfb\xd5J\xcfw\xdf\x09\x90+\xb3\
\x1d\x95\xb4_+.\xca\xda\x0f'\xe0\x04vA\x80\x5c\
\xbbO)\x85\xc4\x5c!\xcf\x10\x81\x089\xd6>RZ\
 \xe9f)\x1a3\xd3\xa8OOi\x87\xa7\x85W<\
x?S\xed\xe2\x04\x8d\x1c\xeb\xf4\x14\xdb\x9a\xb1\xcc$\
qL\xd8\x06\xcf\xc2\xe2b\xa1\xda\xa4\xca;Wd\x13\
 \xc8\x8f\xdamRQ\xb92\x91\x9b2\xd7\x04+/\
;X\x1f\x06\xff8\x01'\xe0\x04\x9c\x80\x13\xd8!\x01\
\x1bQv\x98\xd4\x939\x01\x80d!\xe8\xfb\x98\xc2c\
\xd2\xe7\xed\xcem\x12\xf0\xe8N`\xaf\x08\x90\x5c\x97\x15\
I\xa9\x1a\xda\xc7\x91\xd9\x1bB\xae\xb9\xbaR\x84\x824\
\x9b(\x8ea\xf2\xb6\xef}o\xce\x18\xc8\xd0\xf3Qt\
\x8bg>\xe6o\x92hd\xb1\xd7I\x9b\xa2c;;\
\x19\xf2\x95]\x1eH\xd11\xad*\xa8l\xac(6\x83\
MS\xc6\xe0\x1f'\xe0\x04\x9c\x80\x13p\x02\xbb$\xa0\
!i\x979xr'\xe0\x04\x9c\x80\x13\x18Y\x02$\
\xd7-H\x90}n)4\x94\x04i\x17$\xafj\xc7\
\x92\xbd\xa1\xad\xb9\x8c\xcc\x82\xa2P\xec\xda\x98\xbab\x9b\
90?9h\xfe\xd2r\xec'?\xa9r\xe8\x9ah\
\x0b(\xcd2dRt\x8a\x85\x0f\xed\xee\xa0Pq4\
\xech7\x07\x92 \xa1\xe4jS\x19\x0c>V|U\
\x98r^q\xb8\xe1\x04\x9c\x80\x13p\x02N`(\x01\
\x8d:C\xc3<\xc0\x09lJ\x80$H^\x15\xcf&\
7&W\x05\xb8\x87\x13p\x02\x07F\x80\x5c\x7fo\x92\
\xeb\xddA\x0a\x83I$\x7f\x9a\xd2\xb2R3R\xf1\x02\
Q\xab\xd5\x90Ji\xb1WUw\xbbm\x85\xe6\xc8\xb2\
\xaeR\xc9\x1a\x80nG\xaa\x8d\xa2F\x91\xbe\xe4\xd6&\
\x90\x02\xa0]\x1c\xa0\x93\xa5\xc5.N\x0a*>\x0b\xfb\
\xa0>\xc1\x1e\x9f\xb3\xb2\xcd\xb4\xc4\xbdfe7\x7f\x17\
'\xe0\x04\x06\x11p?'\xe0\x046#\xa0\xe1i\xb3\
(\x1e\xee\x046'@j\xb2\xb3\x12m\xd0\x84f%\
\xc8\x0d'\xe0\x04\x0e\x89\x00\xb9v\x8fZ\x15\xac\xf3\x0f\
RDL u\x04,wKl\x87\xc7\xc2+\xb1\xb7\
\xb61\x8e`\x1b3vo\x93k\xf9\xd8\xae\x8d\xb2\x80\
\xf4\xa4U\xb1\xd0H\x89m\xb7\xc7\xc2-\x8dIVD\
\x0c\xc8m\x8b\xc8\xb6\x85$\xd4\xae\x8eI\xb5\xb3cJ\
O%\xca\xa28\x5c\xe1)0\xf8\x97\x13p\x02N\xc0\
\x09l\x85\xc0\x808a\x80\x9f{\x1d\x00\x01\x9b8\x1c\
@1^\x84\x13(\x08\xd8\x8d\xbeN4\xc9\x5c\xe7V\
\xac\xca-k\xf1\xb0\x91\x99.\x93K \x97\xd2\x92\x9b\
f\xb2\xd2DS*\x82)$rW\x0a\xc7r\xb3\x09\
\xd3M\x92$\x01\x19!\xcd\xa5\xbe\xe4yq}d\xb2\
\xd7j\xb1bC\xbb?\xb9$C\xda\xcda\x8aO*\
\xdfn{\xe5\x7f\xf1\xc8\xbeZN\xa1P\xc9c\xf5\xc8\
d\xcb\x8a2\x0a\x85K\xae\xd5\xb8\xb2\xfb\xe1\x04J%\
\x5c\x1c\xec\xda\xe9\x17y\xfb\xe1\x04\x9c\x80\x13\xd8\x8c@\
\xd8,\x82\x87\xef=\x01[\xe54I\x8bi\xc1\xde\xe7\
\xbf\x9d\x1cI\x82\x1c.\x9b\xe5e\xed\xa8\xa4\x8aK\xae\
\xe5W\x85\x0d3\xc9\xb5\xb8\xe4\xd5\xf6*\xcf\x9d\x9a\xc3\
\xca]\xf1Ge\xf6\xe7O\x96u\xa9\xc2\x87\x99\xfd\xe9\
\xfa\xdd\xc3\xd2U\xfe\xfd\xf1w\xee\xb6[yMl\xa5\
\xbcW\x98\x05\xcd\x19zD\xca\xceU~+q,\x9d\
\x85\x99\x19\xa1\xfc\xa3&\xba\x83\xa5\xe4D\xee\xcc\xdc\xac\
\xbd\x15\xa7a\xe6~\xa7\xdf,\xff\xcd\xc2\xc9\x92\x8b\xc5\
#K;Is\x0e\x15\x92 \xb7&C3\x19\x10\xd0\
\xcf\xd0\xfe\xf7NJ)*\xc1\x22\xdbW\x00M\x91\xd1\
\x8e\x0b$\x16?\x8a\x224\xdb-\xb4\xbbR\x5cT\xa7\
\xb7\xbd\xe2\x95L\xa2\x18\xa9\xb4\x99\x98\x01\xf6\xafq\x8a\
\xd4\x0aK\xe4\x8eAD\x0a\x0b&\xa6\xf5X>P\x19\
0\x85&\xd3\xfd\x96*F&e\xa9\x94<\xc8\xcf\xc4\
&\xb1Q\x0eHr\xd3\xbaV\xccL\xfe&\xf6x\x5c\
\xaf(\xcbu\x07I\x90\xa5X\x00\xb9f7\xf70!\
\xcbx\xe4`sX\xba\xbd\xf4'YdG\xb2h\x83\
9\x8c\xbd\x9d\x1f\xb3\x1f\xa6\x90e\x9d\xc8\x9d\x99\x9b\xd5\
=\xa8\x1f*D\x11C\x8f@\xe7\xdd\x84\xba\x16T4\
\x8aW\x05\xf6F\xa8\xec\x16O\xe96;\x8cg\xafl\
\x16\xbf\x0a\xb7sP\xa5\xab\xfc*woX\xe5\xd7o\
\x92,\xce)\xb93\xb3?\xbf~wU\xa7q2{\
\xdbP\xd5\xbb\xd7\xcf\xec\xc6\xd6\x84,\xb9U\xf1*\xd3\
\xe2\x98X\x1c\x13\xb3\xf7J\x7f<\x0b\xab\xfc\xdc<\x9a\
\x04\xac\xcb8\x9a-?\xc4V\xdbZ\xe6!\x16\xefE\
\x1f!\x02\xd5\x0a\xfdZ\x93\xed\x96\x0f\xc5\xdc\x01\x9ar\
\x9a\xcb\xc2*\xd3\xec\x96\xc6L\x97\xc9&P\xed\xa0H\
\xc5\x90*R\xb6\x95yi\xf6^\x0f\xe6\x93\xe9Z\xb1\
\x1d\x1e\xb3WR]'\xb9<\xcc^\x89\xa5-\xec\xf2\
\xb7#/~\xc1\x03\xe4\xe6i\x1e\xab\xa5\x15\x8e\xc2e\
\x0a\x8d\xf5\x8b&\xe6[\x99fwq\x02Xw\xed\xd8\
\xd5a\xe2\x5c\x9c\x80\x13p\x02[#`\xe3\xd2\xd6b\
z,'\xe0\x04\xc6\x86\x80MLMlB\xbb^2\
M:3\xd8\xe42\xd7\xaa\xa8M\x19,\xbc2\xcd^\
I\xd5X\xcb\xa7\xb2\xbb9Y\x04l\xc5s#\xd9\xcb\
\xd6Z9{\x99\x9f\xe75\xfe\x04\xaco)\xc4\x94\xe9\
B\x00\xeb\x8b\xa0\x1d\x1fk\x9d)\xd29h\xd6\x15\xb1\
)K%+^\xfbmx\xfeN\xc0\x09\x8c=\x01\xeb\
5\xc6\xbe\x11\xde\x00'\xe0\x04\x06\x13(&\x12+s\
\x05\xb3[,3M\xa1\x19dV\xe1\x95iq\xcc>\
Ll\x02\xbb\x1b\x19\x96\xaf\xfbO\x16\x01\xbbF\xaa\x16\
\x99}\xabR\xa5qsr\x09X_d\xad\xabL\xb3\
\x17R(<+S\x94\xab\x02\x15\xc3\xfc\x8a8\xb2\x8f\
\xe8\xb1\xd5\xeb|X\xbc\x11m\x96W\xeb\x88\x13\x18\xc7\
\xe6\xaf\xf4$\xe3Xu\xaf\xb3\x13p\x02\xd0jh)\
\xc3Y\xd8\x9c`u'G\xbb9\xc5\x8e\xce\xaa\x09\xed\
\xf4\x00\xa6\xd4\x94\xf1\xb0\xea\x1e\x9e\xa3\x878\x81\xad\x11\
\xa8&qUlsWv7\x9d\x80\xf59\xb90\xac\
\x99A\xfdO%\x0a(\x0e\x9b\xa6H\x14\x89\xbdR\x84\
\xf9\x97\x13p\x02N`s\x02\xeaA6\x8f\xe41\x9c\
\xc0\xce\x08x\xaa\xc3&\xa0\xb9AQ\x85\x9d\x98U\x9a\
\x22\x03\xff\x9aH\x02\xa6|l${\xd9h+g/\
\xf3\xf3\xbc\xc6\x9b\x80\xf5/\xa6\xe8X+z\xcd\xca~\
\xf5\x22\x8e\xa6+#\xbe\x93cmqq\x02N`\xf4\
\x08\xa8\xf7\x18\xbdJy\x8d\x9c\x80\x13\xd8\x1d\x01\xdb\xbd\
1\x01\xec\x09\xf8L\xab\xa5X\x11\xb3o.XMW\
\xc6\xad\xdc\xfd\xa6M`w#\xbbk\xe5\x18\xa6>\xa2\
U\xb6k\xa4j\xba\xd9+\xa9\xfc\xdc<\xba\x04lW\
\xb9\xbf\xf5\xa6\xf0\x98\x94\x0aO\x00\xa5\xe4\x98\x14n\xd9\
QI\x7f\xc2\x11sW\xd7\xf9N\xcd\x11k\x8eW\xc7\
\x09\x8c-\x810\xb65\xf7\x8a;\x01'\xb0M\x02\xa6\
\xf8l3\x89Gw\x02\xfbH`\xb3I\xe0>\x16\xed\
Y\x8f\x08\x81Pj5W\xd5\x86W\xf9T\x1e>m\
\xa9H\xb8\xe9\x04\x9c\xc0\xd6\x08x\xaf\xb15N{\x1a\
\x8b$\xc8R6\xcb\x98,\xe3\x91\xfbcnV\xfe~\
\x87\xef\xf7d\x87\xdc\x1a\xb7\xfevV\xf5\x22\xb7\x96\x9e\
\x1c\x1c\xaf?\xdf\xad\xb8\xab\xb27\xfa\xff\x01\x9b\xe6\x93\
i\x06!\xc9\xf3\x14\xddn\x1b\xddv\x0bY7E\xc4\
\x80$\x8e\x10\xa8=\x1a\xb9\xcd\x8f\x8aj\x92\xa7\x19\xd2\
N\xb7\x88gu\x80}\x94G\xf5?W\xcc\xaf_H\
\xae^\xcb\xe4\xd5v\xcbb#\xe9\xcf\xaf\xdf\xbdQZ\
\x0b\xab\xe2\x9b\xbdW\xc8\xb2.\xbd~\x87a\xdf\xac~\
dYOr\xcd\xdc\xcbznV\xfefe\x91e\xbd\
,\x1eI3\x0a\xa9\xac\xf6\xbfo\xcc\xc3\xca\xd1\xa5\x05\
s\xe7\xba\x9eL\x82\x1c\xfdBr\xc3\xeb\x85\x5c\x1fn\
y\x9bX\xfe\x95\x98\x9b\x1c\x1c\xcf\xc2L\xaa\xb8$\xcd\
YH\xe5W8\xf4E\xae\x85\xc9y\xa8\x07\xc9u\x5c\
*nd\xe9\xdf_\xb9\xaa-d\x19Nnn\xf6\xe7\
\xd1\xef\xae\xf2\xec5\xad\x0f\xea\x97\xde\xf0\xde<\xc8\xc1\
u\x88\xe3\x18\xf6\xff\x9a,]\xb7\xdbE\x9a\xa60\xbb\
\xf5+Y\xdaQ\x7f\x14P\xaf)N\x80\xfa\xa5\x1cq\
\xc4\xc2\xb4>KV\xf5G\x9d\x22M\xac|j\xb5Z\
\xc1)Ms\xf9\xe5E>\x96\x97\x09\x06|\x8c#\xc9\
\x22\x0dY\x9a\xbd\xd1,\xddF\xd2\x1bw\x90\x9d,\xf3\
$\x07\x9b\x83\xd2\xf4\xfa\x91\x83\xd3\x91\xa5\x7fo\xdc\xc3\
\xb4\xf73\xaa\xae\x89~\xff\xad\xb8{\xdbQ\xc5\xef\xf5\
3;Y\xb6\x7fX9\x16\xc7\x84,\xe3\x91;3-\
\x0f\x93\xdez\x98\xdd\xfc\x0eQ\xbc\xe8} \xa0\xeee\
\x1fr\xf5,\x9d\x80\x138T\x02d\xd9\xf9\xe7Y\x86\
\xa9F\x03\xc7\x8f\x1dC\xa3^C\xbb\xd5\xc4\xd2\xc2\x22\
L\xb1\x99\x9d\x99F-\x89POj\xa8\xc5I\xa1\x08\
\x05\x10q\x88V\x05\xfeq\x02\xdb$\xa0Ko\x9b)\
<\xfa8\x10 \x09\x92\xabU%\xd7\xec\xab\x9e}\x16\
\x92h\xb5Zh\xb7\xdb0eevv\x16\x0d\xf5G\
$\x0bE%b@\xb7\xd3\xc2\xf2\xe2\x12\x96\x16\xe7\xd1\
Zn\x16}S\xd1\x0f\xc5q\x91\xd6&\xbc6\x01\xb5\
|\x96\x96\x96\x8a\xbcL\x89\xb1|\xaa\xe2\xc8\xc1u\xb1\
tU\x1c7\x9d\xc00\x02\xe4\xe0\xebgX|\xf7\x1f\
?\x02a\xfc\xaa\xec5^%\xe0\x16'p\x15\x01{\
T-\x83\xdd\xd8&\xb3S\xd3\xc8\xb5\x83\xb387\x87\
\xa6&\x14\xb1&\x17\x8dZ\xac\xf0\x0c\xcbRz2\xed\
\xe4\x5c|\xe21\x5c\xb9tA\x0aO\xc0\xf1Y\xc5\xd7\
jksiA+\xaa\xed\x22^\xb0\xdf\xefP\xf9\x0e\
\x92\xab\xcaw\x8f\xa3L\xa0\x9a3\x98I\xfa\x04b\xdc\
\xaf\x05\x92\x85\x82C^mn\xa5m\xa6\x94T\xf1H\
j7&-\x14\x18S\x5cR\xed\xf0\xd4#\xf5R\xda\
\xedi\xc4\x11\x9e|\xddu8y|\x16\xd6\xf7,K\
\xf1\x99n\xd4`}\xd5\xccT\x1d&u-\xcc\xc4q\
\x90\xd2\x14\xa4(\xa5h6\x97V\xeb\x86-~\x5c\xf9\
\xd9\x22\xa8#\x18\x8dd\xd1j\xb24\x0b\x87\x7fM\x0c\
\x8101-\xf1\x868\x01'\xb0:\xf8\x93\x94=\xc7\
\xe2\xa2vq\xb2\x14\x8dz\x1d\xc7\xa6\x1a\x98\xae%\xa8\
1B\x9ck\x07\x079b1{\xfa\x0dO\xc1\x93\xaf\
\xbd\x1e\xcd\xf9E\x5c~\xfcB\xb1\xd3s\xf2\xf8\x09\xd8\
\x8a\xaa\x827<l\xf2\xb0\x91l\x98x\x1f\x02=\xcb\
\xc3'\xa0KO\xd7\xde\xe1\xd7\xc3k\xb0{\x02$u\
.K\xa9r#K7\xc9\xcak\xa8\xd9\xe9t\x90$\
\x09\xea\xea\x7fL\xb9\xa9vf\xa2(\xc2T=A\xbb\
\xb9\x8ci\x85S\x8a\xcfc\x9f\xfc$\x16\xaf\x5c\xc1\xb5\
'O\x16\xb20W\xee\xf4,//\xab\x1f\x9b\x87\x99\
\xd6'%\x8ao2\xb4P\x05T}\x92\xac\xab\x87\xf9\
\xad:d\xe9w\xcb\xcb\x8f#F\x80\x1c|\x0d\x93\x83\
\xfd\x8f\x18\x9e\x89j\xae+;\x13u:\xbd1G\x8d\
\x80t\x16\xa9,Z\xe9\xb4\xbe9\xd8WI\x80\xcc\xb5\
+C\xad\x88N\xa3\x16\xc5@'-\x1e\x11i--\
\xa3\xbd\xbc\x84\x8e&\x19\x9df\x0b\xad\xc5e<\xf1\xe8\
cX\xb82\x87\xe33\xb38q\xfc8\xd2V[\xe1\
-\x98\xc2\xa3l\xca\x0cW\xbes\x99\xbd\x22\xa7\x1fN\
`\x95@\xef\x1c\x81\x5c\xbb\x1eW#\xb8\xe5\xa0\x09\x1c\
jy\xa6\xec\x90D\x08A\xbb19L\xc9\xb1G\xd9\
\xa6\xa7\xa7\x0b\xbf\xe33\xd3\xc8\xda-\xe4\x9dv\xb1\x18\
S\x8f#\xcc]\xba\x88\xcb\x17/ V\x7f6U\xaf\
i\xa1\xa6&e\xa9&\xa5)R_\x97\xa2\x9b\xb6\x91\
\xe5]\xc4I\xb8J\x11\x83>\xb9\xfd`Lfu\x98\
\xdbd\x98\xbb\xf2w\xf3h\x12 Y\x5cG\xd6z\x92\
f\xb8L \x810\x81m\xf2&9\x81\xa3C\xc0^\
\xc1\xda\xd3Z\x92\x88$\xa6\xa4D \x96\x17\x17\x8a\x97\
\x0eD\xba\xd3k!\xc2L\xa3\x8e\xcf\xfc\xb4O\xc7\xd7\
~\xd5W\xe3\x05\xf7\xdc\x87\xaf\xfb\xea\xaf\xc1S\x9ft\
\x03\x9a\x0b\x8b0E(\x91\x8a\xa4\x99\x04:\xed6\xba\
Rz\xecMI\x96\x97\x99\xf0\x8f\x13\x18B\x80\x5c\x9b\
$\x98\xb5\x945\xbf!\xc9\xdc{\xc4\x09\x98\x92PI\
U\xd5\xcamf\xe57\xcc\xb4\x1d\x18\x8bgJ\x8f\xc5\
1w\xa4]\x1d{Q\x81\xed\xdc\xb4\x97\x9b\x98\xbft\
Y;\xcc9\xfe\x9f/\xfcB\xdc~\xe6\x16<\xef\x1b\
\xbe\x1e\xcf\xfc\xf4O\x87\xbd\xa0\xa0\xad\x05\x19{\xd4\xb6\
\x96$\x98\x9d\x9d)~\xefc\xbb;\x96\x9f\x99\x96\xa7\
\x09Y^kV\x96\xb9M\xccnb\xf6J\xfa\xdd\x95\
\xbf\x9bG\x89\xc0\xe0\xb6\x92\xe55D\x96\xe6\xe0X\xee\
;\xae\x044\x05\x1a\xd7\xaa{\xbd\x9d\x80\x130\x02\xb6\
\xbbC\xae\xef\xa0\xc9\xd2}\xcd\xa9\xd3\xb0\x09\x83)2\
\xcf}\xce\xe7\xe2\x95\xafx\x05\xbe\xe7\x9do\xc3\x0b\xef\
\xb9\x13\xff\xf0\xab\xbf\x02\x0f<\xff<\xde\xf1\xd6\xb7\xe1\
\x05\xf7=\x1fO\xba\xfez,.,\x14;<\xa7N\
\x9c\xc4\xfc\xdc\x9ce?P\xac\xcc\x81\x01\xee\xe9\x04D\
\xc0.?\xb2\xbc\x06\xe5\xf4cL\x09\x98r0L\xb6\
\xd2\xa4Z\xad\x06SJ,\x0fSt\xcc\xb4GkM\
\xd99y\xf2$\xea\xb5\x18\xdf\xf6\xd0\x8b\xf1S?\xf9\
\xe3x\xc5K\x1e\xc2\xd7~\xf5W\xe1\xees\xb7\xe1\xbb\
\xde\xf9v\xbc\xeb;\xdf\x81g=\xeb305U\xc7\
\x95+\x9707\x7fYy\xa5\x88\xb5\xfb\x93$\xb1v\
z\x92\xa1U\xb0r\xfa\x03\x07\xf9\xf5\xc7q\xf7\xd1\x22\
@\x0e\xee\xa3\xc8\xc1\xfeG\x8b\xced\xb5\xd6\x95\x9d\x0d\
\xce\xe7~\x07\xf9j\xf9~\x13\x1e\xcf\xfcM\x91\x18&\
W\xb5\x88\x99\xf6o2yg`\x9ei_\xc6$\x97\
)Q\x7f\xfd\xd1\x8f\xfc\x19~\xedg~\x8a\xaf~\xf9\
\xcb\xf0\xeaW\xbc\x04\x9f\xff\x9c\xcfV\x184i\x00\xec\
\xfaK\xbb\xc0u\xa7\xea\xf8\xe6o\xfc\x07x\xeb\x1b_\
\x8f\xe7}\xfd\xd7bIJ\xce\xa3\x9f\xfc$n\xb8\xf6\
Z\xc5Q>\xc8\x95w\x19\x9f*\xa9\xf7\xb0\x09\xc40\
\xc9\x94\x0eEi\x96\x22\xd8\x97\xa44\x83v\xa4J\x9b\
\xbc\xfc\x18O\x02\x5c\xab\xb6]\xaf\xba\x10aR\xfc\x93\
\xc8\x9e0\xf4|,\xac\x88\xdb\xe3\xe7\xd6\xd1$\xd0\x7f\
\x9e\xaa\xfb\xbc\xaa\xad\xb9\xa1\xfb;g\x80\x89\xd9K)\
c\xd8\xfdM{\xa4,\xeb\x16/?\x99\xa9\xd7\x10\xb2\
\x14\x9d\xe6\x22Nj\x97\xe6o<\xf79\xf8\xa1\x1f\xfc\
\x01|\xf5W\xfc}\xd4\x94GB`:\x89\x10)y\
=\x00\x9f\xf3\xe9\x9f\x86\xef~\xcb\x1bp\xf6\xa6\x9b\xf0\
\xf4'=\x09y\xb3\x03\xb4Z\xda\x05b!\xf6\xe2\x15\
\xdb\xc5V\xf4\x81G\x7f\xfd\xabH\xcaZ\xb5\x86\xfa\xb4\
\x1c\xfe9\xea\x04\x02\xc8H\x102\x89\x1d\x802\x0a\x5c\
\x00\x00\x10\x00IDATf\x9a\xf8\xb5a4&I\
\xc2$5f\x5c\xdaBR\x9dm)\xd6Y\x93\x049\
X\xe0\x9f]\x11\xb0\x01y+\xd2_\x08Y\x9e\x8f~\
\xff\xbdvG\x1a\xdaM\xa0+\xc2$\x03\x91\xcb\xde\x95\
\x99j\x02\x90G1\x98\xd4\x0a\xbfV\xbb\x8b\xae&\x0b\
q-\xd1\xeaf\x0c{\x94#\xcf\xda\xc8\xd2\x16\xd2n\
K\x1aL\xc7Ri\x10\xef\x22\xeb4\xd1Y^\xc0\xb7\
\xbf\xe2\xa5\xf8\xd8c\x8f\xe7_\xf6E_\x88\x19M$\
\xec\xd1\xb4D\x8d\x98\x0a\x80I#\x86j\x00M\x1e\x80\
\xebOM\xe3\x8e\xb3\xb7\xe0\x8d\xaf\x7f5\xfe\xd3/\xfe\
\x0b~\xec#\x7f\x0a{KR\xd6ik\x92\x92i\x15\
6A\x12\x22\x90D\x08\x01\xf6\xb1\xeb7\x09\x09jQ\
M~1r\xcd02\xa8\x0d\xd4\x04H\xed\xc8V\xdc\
fZ\x98\x093\xaa\xae\x92\x94\x8a\x81m\x7fH\x82\x5c\
/\xfd\x99l\xe5\x9c\xefE\x9c\xferG\xd5\xdd\xdfV\
[m7\xb1\xf3a\x02;\x13R@\xb1\x22$\x0b\xc6\
\xd6\x9e(\x8a\x8a\xeb\xcd\xf207\xf5\xb5r\xfae\xb3\
#\xd3\x97\x89\x8c\x95#\xd7\x5c!C\x0aH\xa3\xce\x95\
\x17\x02\x8b\x10\x92\xca\xb7\xbc\x86\xf2\x15\xbf\x22`\xc8\x97\
\x95\xd9+\x16\xad\xd7\xbd\x15\xbb\xa51!\xadl\x9a\xb5\
\x10K[X\xc6\xe0\x8b\xa4\xb8\xad\x89\xdd\x7f&d\xe9\
\xd7\xdf\x04k[\xbf\xf4\xc71\xb7)#\x95\x98\xdb\xd2\
\xd8\x22E%9\x81Rt\xbf\x07;o\x91\xa2\x05\x9d\
V\xb9\x11`\xf75u\xff3\xc4Hu\x09\x98Y\xaf\
O!\xd15c;\xca\xecvQ\x97\xbd\xae|.?\
\xfe(\x96.>\x8e\xdf\xfa\x17\xff\x8c\xafz\xf0E\xf8\
\xf6\x07_\x88\x19\xed\xec4j\x91\xe2\xa3\xe8\x87\xaco\
\xaa\xa9\x84)\x13\x02\x912\xfd\xa6\x7f\xf0\xe5x\xc7\xeb\
^\x87\xaf\xfa\xb2/A\xb6\xbc\x8c\xce\xdc<\xa6\x14;\
VyYW\xd7\x98\x8eN'E&w\xa4\xbe\x92\xea\
33\x10V\x173M\xa0\xba\x06\xd51f\xac\xbaG\
`\x16J\xd1\x85jm\xaeD\xc5nz\x90\x04Y\xca\
f\x91\xc92\x1e9\xd8\xdc\xef\xf4\x9b\xe5_\xb5{3\
\xb3?\x1fr}{\xfa\xc3\xab\xfc\xfa\xfd\xb7\xeb&\xd7\
\x97C\xaewo7\xbf\xfe\xf8\xeb\xeb\x99)8\xd7\x18\
\x96\xe9Z\xea\xca\xee\xc7$\x11\x08\x93\xd4\x98qj\x8b\
\x83\x1f\xa7\xb3\xb5\xbfu\xb5\xb9\xbf\x95PL*\xcc\xb2\
\x22\xe6^\x5c^B\xb3\xd9\xd4\x1c\x94\xa8\xdeht\xe5\
\xd2e-p\xb6p\xe2\xd8\x0cbu\xfe\xd2l0\xdb\
\xa8\xe3\xc4\xf1i,\xce]\xc1\xc5\x0b\x8f\xe2o\x7f\xd1\
\xdf\xc4\x07\xde\xff\xfd\xf8{_\xfa\xb7\xf1\xe4\xeb\xae\xd5\
\xd4\x00\x85LkbAd \xbaH;\xcb\xf23{\
.e\xa9\x03iM\x9a\x98\x00\x9f\xff\xdcg\xe3S\x17\
.\xe7\xdf\xfb\xee\xefF\xc4\x1c\xe8v\x14\xd4A\x94A\
\xe9,n\x17\xf6\x7fz\xe2(\x82}\xba\xed\x0e\xec-\
K\xf6\xb6${\xe3\x12I\x84(A$\xb16\xe4\x08\
\xb0\x8f\x99\x9a\xfb\xcaZ\xbae\x01\xf2\x1e{\xe1\xe1_\
\xe3B@WFQ\xd5l\xf5;C\xe5g\xe7\xbd\xf0\
\xb6/\x961\x8a\xb0\x95\xf3]]\xf3\x16<\xde2Y\
\xb5\xaf\xce[\xaf\xb9j\x97b\xd0\xdf\xda\xb6\x94\x19{\
\x8dt\x96\xe5\xa8\xd5j\x9a$f\x98\xd3\xcep\xa7\xd5\
\xc6\x09\xed\xde\xe4Z\x9c\x99\x9dj`\xee\xe2\x05\xed\x14\
\x9f\xc2\x9b^\xffZ\x5c\xe9t\xf3\xcfy\xe6\xa7\x17\xbd\
B\xd9\x83`\xd5N]$\x85\xa8\x8f\x8a$ui\xd5\
\xcb\xf3\xf3\xb8\xe1\xd4)\xbc\xe2\xc1\x07\xf0\xce7\xbf\x19\
\xbf\xf2\xa1\x7f\xc2K\x8f?\x86\x18(\x1e\xb9M\xe2\x80\
\xd9\xa9\xe9\xa2\xfc\xc5\xf9\x85\xe2\xff\xf0X_i\x8f\xca\
\xe5\x8ac\x87\xb5\xa1\x9a\xd8\x9ai~.N\x00E\x7f\
\xd43\x06Y_e\xe2h&\x8e@\xcfY\x9e\xb8\xb6\
y\x83\x9c\xc0\xa1\x13 \x09r\xb8\x0c\x9f\xf4e`\x9e\
\xe1\xc4\xb1\xd9\xe2\x11\x90\xac\xdb\x065\xf8\xcfhP?\
>;\x8bL\x93\x8c'\x1e{\x5c\xcaB\x8e\xe9\xc6\x14\
._\xb8\x88\xbf\xf8\xf0G\xf0\xec\xcf\xfal\xbc\xeb\xed\
\xef\xc0K\x1fx\x00\xa7\x8e\x1f\xc71\xc5\xb7\x9b\xbc#\
\x85%\xd7T\x94d\xc9D+\xa6q\x1c\x17\xf6 \xff\
X\xab\xb6iGJL\x86b\xe2q\xed\xe9\x13\xf8\xbc\
\xe7<\x07\xef{\xef\xf7\xe2\x9b\xbe\xfe\x1bP\x8f#\x5c\
\xbetAzU\x1bSI\x82H\x13\x1f\xfb\xbf=V\
vc\xaa\x86\xa9\xa9)\xd8\x1b\x96\xec\x1f\xfdER\x82\
\xba\xaao\xab\xb5\xac\xfc\xb3\x15\x91q\x08\x07I\x90\xc3\
\xe5\x10\xaa\xb4\xa7E\xda\xc4m#\xd9\xd3\xc2v\x99\x19\
\xc9]\xe6\xe0\xc9\x0f\x82\x80)\x06W\x97S\xde\xc7y\
\x9e\xa2\x10\xed\xda\xd9uwlf\x06\x0d)9A\x09\
\xf2\xac\x0b{L\xad\xa6\x1d\xbbD\x12G\x01m\xf5\x01\
\x97\x9ex\x1cw\x9d;\x8f\x1f\xfe\xbe\xf7\xe1o~\xfe\
\x17\x02R\x8c\xa6k1l\x91D\xc9\x8a\xfe\xe6\xaa+\
\xa3\xd2R\x14\xe1\xd8\xb1c\x90\xce\x83\xe5f\x07\x9f\xf7\
\xec\xcfBK\x05\xbf\xfa\x95\xaf\xc2\xec\xf4\x0c>\xfag\
\x7fZ\xbc\xc9\xad\xbd\xb4\x88\xc5+\x97q\xf2\xf8,f\
\xa4\x5c--- \x8e\x08*\xbd\x1d\x99\xb6}L\xba\
\xca7\x93oN\xd5Xu\xcc,\xd0eo\x09xn\
N`\x04\x09\xe8\x8e\x1f\xc1ZMx\x95\xd4Wk\xc0\
P\xaf;\xe1\xed\xf4\xe6m\x8d\x80M.Lzc\xdb\
\x8di\xd2\xd6\xaeN\x1c\x22$Q\x8c\xd6r\x13\x8bZ\
\xe54%\xe8\xd4\xecq\x5c\x7f\xcd\xb5X\xd6*\xea\x13\
\x9fz\x04\x9f\xf6\xb4\xa7\xe25\xaf~\x15\xde\xfe\xd67\
\xe3\x0b\x9e\xfb\x5c\xa9E@\xb7\xd3.\xb2l\xb7[R\
\x9crM*X\xb8\xbb\x1d\xed\xe2HY\x81\x06\xfdT\
J\x13\xf4\x09\x9aM\xd8j\xa8\x0c\xf9B\xf1\x01]\xa4\
853\x85\xbb\xcf\xdf\x86\xb7\xbe\xf1\x0d\xf8\xf5\x9f\xfd\
\xe7\xbc\xa2\x15\xda\x85K\x970S\xaf\xe1\x98Vn\x17\
\x16\xe6\x8a\xff\x7f\x91J\xb9\x91\x06\x06\xdb\xd9\xb1\x15\xd5\
\xa0\x89\xad\xe5\x87\xbeOVV\x01\xd6^\x93\xca\xdd\x17\
\xcd\x9d[$P\xf5%\xc3\xcc-f\xb3\xef\xd1\xc8\x95\
\x13\xaf\x92H\x82,EN?\x0e\x91@\xa6\xb2+\xb1\
\xfb\xd1D^[:\x82z\x99\xe6\xf2\x22\xba\x9dV\xa1\
pd\xea\x03\x12\xed\xb2\xcc4\xea\xc8\xb5\xa3\xf3\xc4\xe3\
\x8f\xe2K\xbf\xe8o\xe1\x07\xdf\xf7^\xdc\xf8\xbc\xafG\
\xb3\xd5AC\x0a\xc8\x8c\x14\x9dN\xb3\x8d\xa9Z\xa2>\
i\x83\xa2r\xa0\xd3n\xc3v\x91\xa9h3\x8d\x04\xd2\
Y\xa4@\xa5\xf8\x92/\xfe\x9b\xf8\xe1\xef\x7f7\xbe\xe3\
\xd5\xaf\xc6\xb4\x94\xad'\x1e}\x04'\xd4WA}\xdb\
\xfc\x95K\x85\xd2e\xbbKP\x1d\xab{#\x83\x96{\
\xd4\xefY\x9fc\x92\xab_\xc5\xc65P\xa9~8\x01\
'0\x09\x04l>uX\xed8\xf2\xe5Z'|\xe4\
!\x1cq\x00k\x93\x0b\x0d\xc5\xb6}^\x89\xb8P\x83\
}\x9ev\xd1i7\x8b\xc1\xdb\x1eU\x9b\xd1\xc0\xde^\
Z\xd2N\xce\x13\x92\x0b8\xa5\x9d\x9f\xbb\xce\xdd\x8e7\
\xbf\xfeu\xf8\x9a/\xffrLI[\xb1GC\x8a\xe7\
\xde\x93\x1al\xb7\xa6\x9e$\xa8\xc9n\x03\xbf\xb2E\x1c\
\xc7\xd0l\x13\xd0\xc0\x1f\x99\x1d\xf6\xc9\x90ke\x16Z\
u5W \xb4\x9b\xa3/9\x9aK-|\xf63?\
\x0d\x8b\xba`_\xfb\xaaW\xe2\x99O\x7f\x1a\x1e{\xe4\
a\x98\xd2\x134\x81(\xfe\xa7\x8fz\x123mG\xa7\
\xad\xfaf\xca+\xd1\xc4\x87\x9al\x98`\xa5]\xb9\xcc\
\xac\x10\xc0&\x1c\xca\xde\x8f\x09&@R\x97\x1aW[\
H\xae\xd9W=\xddr\xa8\x04\xac\x0f\xaa\xc4*\x92\xe9\
\xab\x12r\xfd\xf9R\x17\x00\xaa\xdf(\xfa\x09\xf5\x15\xd3\
\x8d\x1a\xba\xed%H\xdb\xc1\xf1\xe9\x06\xda\xdaQy\xfc\
\xd1\x87\xf1K?\xf9#|\xfdk\xbe\x1d\xdf\xfe\xd2\x87\
p\xed\xa9\xd3Z\x07\xc91[O\x90w\xd5\xcfh\x81\
\xc5\xfe\x7f\x8e\xf5o\x96\xbb\x89\xba\x11\xe5\xa1\x82\x8b#\
+\xbe\xed+\x89cP}\x9a\x85\xb7\xa5,\xd9c\xb0\
S\xf5\x08\x8d\x18\xb0t\x7f\xefK\xbf\x18\xef\xfd\x9ew\
\xe3\x05\xf7\xde\x83\xe6\xc2<\x1e}\xf8\xe1\xe2\xf1\xb6\x86\
\xd2\x9d:q\x0ce=SX\xbdM2\xd5\xdd$W\
\xea\x1c\xfeq\x02N\xe0\xa8\x10\xd0\x14\xe5\xa84\xd5\xdb\
\xe9\x04\x0e\x9e\x00I\x90\xc3\xa5\xaa\x91M6\x80\xd2U\
L\x024\x12\x9b\x92`\x8f\xa1\xd9/\x7fS\xad\x842\
\xcf\xd0\xd1N\xcf\xb2&\x14\xf6x\xdb\x7f\xfc\x97\xff\x8c\
o\x7f\xf3\x9b\xf0\xbc\xaf\xffz\xdcp\xfa\x14\xa8\xe4-\
\xc5kiG\xc7n\xecH\xeeF\x12#0(,+\
v]\xe4\x05\xa8>\xd0\x04\xa2+E\x0a+\x9f\x5cK\
\xa6\xd5\xae\x8c)HY7G\x96\xe6\xc5\xc4\xe1\xf8t\
\x1dy\x0a\x04\xc5\xfd\xca\xbf\xf3ex\xd7;\xde\x8a{\
\xcf\x9dC\x12\xb2b\xb7\xa9\xb5\xbc\xa4z\xb5\x14NL\
iBSK\x22\x98\xe2d\xbf\xe1Q\x92\xab\x0ek\xab\
\x9a\xb7\xe2\xbf6\xb1Y\xf1\xd8S\x83\xa4\x9a;\x5c\xf6\
\xb4\xb0C\xc8\x8c\x1c\xde6\x92\x87P\xa3\xe1E\x92\xa3\
U\x9f\xe15=:!v/Zk+s\xa3\xbb\xd1\
\xfa%\xeb\x03 %\xc7\x14\x07j\xf7fi\xee2\xae\
=y\x12\xf5\x88\xf8\xe4'>^,\xbe\xbc\xf8\x05\xf7\
\xe3\x89\xe5N\xfe%_\xf87\xb0\xb4\xdcF-\x0aR\
N\x08\xeb\x8fr\xf59\xb1v\xa9\xa1\xcf\xf2\xc2\x02L\
\x89\x91\xb5\xe7\xe8\xab\x81\xfa)\xa8o\xb2\x08u\xed\x04\
i\xfdD}N\xa7\x10\xcb\xef\xf8T\x8cF\x12p\xd3\
\xb7|#\xde\xf5\xf6\xb7\xe1\xf7~\xe5\xe7\xd9m5\xb1\
0w\x05\x8bW\xae\x80*\xaf\xa8\xab\xfaN\xe8C\x12\
\xd6V\xa9\x5c01\xbb\xbc\xfdp\x02N`\xc2\x09\x14\
}\xd7\x84\xb7q$\x9bg\x1d\xb0\xc9HV\xce+u\
\x80\x044\xe4j\xa7\xc3&\x12\xa5d\xa0\x86\xe1H\x83\
s\xa4UH\xfbq\xae\x161a/\x22h..\x14\
;<\x9f\xffy\xcf\xc5\x0b\xef\xbb\x17M]@\xcf\xfa\
\xb4\xa7\xe3\x9a\x99\x99b\x22QS\xadg\xb5\xd2\xda\x88\
\x22\xb44\xe0\xb7\x9a\xcb\xc8W\xfeL\x91\xc94iP\
\x12\xc5\xd2\xc1\x80(J\xa4\xd0\xa4\x9aK\xa8LM*\
\xe2$\x81\x89\xed\xf6\x04M^\x22m\xef\xd8\xa3 6\
E\xadE@\xa2d\xa6\x14\x9d\x98\x9a\xd2\xe4\xe2[\xf0\
C?\xf0\x03\xf8\xdc\xe7|\x0eN\x9f<\x01+k\xfe\
\xcaet\xa5h\xd5\xb5\xaaZS\x1d\xac\x1d\x95@m\
*E\x99\xd8\xa16\xfbD\xc3@\xecNH\x82\x1c.\
\xbb\xcb}\xefR\x93\x5c\xcd\x8cdQ\xe7U\x8f\x8d,\
\x1e\xb6\xef\x04\x06\xde\x87\xba?a\xb2z\xdf\xaa\x9fB\
\x0a\xaa_\x0a+\xa2\x15\x0d\x9c>q\x1c\x7f\xf9\xe7\x1f\
\xc6\xf2\xfc\x1c\xce\xder3\xbe\xfb\x9d\xef\xc0\xb7|\xdd\
\xd7`\xaa\x16kW9\xc3\xf1\xa9\x1a\x12\x02\xcbKM\
\xa8+BRS/%e\xa9\xb3\xb4\x88\xa9\x99\xd9\xb5\
\xb6)\x0eL\xb4d\x82^Q\x1f\x08]/\x96V\xc5\
\xaa\xbf\xca\xb5K\x1da\xaa\x91 \xd2\x8aI\xa7\xd9\xc5\
1\xd9g\x92\x08\x9f\xf3\xacO\xc7\xa3\xf3\x8b\xf9K^\
\xfc\x00>\xe3\x19O\xc7\xe3\x8f~\x0aJP\xf4\x99e\
A\x19\xb0\xda\xa6\xbc\xe8\xf7\xe0\x1f'\xe0\x04\x8e\x04\x81\
p$Z\xe9\x8dt\x02c@\x80\x9aXP\xf5\x0c\x1a\
\xe0\xa9\xd1\xdd\x1e\xd9H\xb4\x0a\x1a4\xca\xdb\xf3\xf0\xf6\
V\xb5sgo\xc5\xdb\xde\xf4F|\xf9\x97\xfd-,\
.\xb5`\xcf\xb3g\x9a<h\x93E\x83w\x0e*n\
\x12\x22L\xd7\x1b\x9a\x10L\xc1\x94\x1c\x82\x08QR(\
2`\x84v\xb7#\x7f\xc5\x95\x82S<\xb7.\xa5&\
_\x99`\xe4*\xd7\x14\x1ae\x06\xfb$\xb5\x9a&\x0c\
\x8a\x9b\x036O\x08\xda\xed\x91\xdeS<{o\x13\x9d\
\xef~\xeb\x1b\xf1\xfc\xfb\xee)\x94\x9eX\xf9\xb44\x89\
I[m\xcd\x832\xa8\x10X\x1b\xa0\x8f)r2V\
\x0fe\xa7\x92V\x9dn9\x82\x04H\x1e\xc1V\x8fN\
\x93\x07*9=\xd5\xeb\xbdw\xedL\x99\x9b\xeakh\
w\xae\xfa\x19\xaa\xbf\xfa\xd8\x9f\xff\x19\xbe\xf9\x1b\xbe\x0e\
\xdf\xf7\xbd\xef\xc1]\xe7n\xc3\xa9\x93\xc7\xd0U\x1f\xa1\
\xcd\x16\xd4\xf5\x95vR\xa8[\xc0\xf4T\x03\xd6\x1f4\
\xe7\xb5\x9b\xa3\xf3\x9e4\xd47\xb5ZP\xd7d\xb9\xad\
\x8a\xb9\xd7\x89%V|\xe8cF\xd0\x22L\x1c\x85\x22\
\x8a=\xd66\xd5\x88\xd5\xc7\xe4\xc8TN\xde\xe9\xe2\xe4\
\xec4\xbe\xee\x1f|9\xbe\xfd\x15/\xc7\xcb\xbf\xed!\
\xf5Y)\xacO\xb4\x17'X*\xaa#\x22\x89\xdc\xb6\
\xaaU\x7fun\xcay\xbc\x0e\xaf\xad\x13p\x02\xdb'\
\x10\xb6\x9f\xc4S\xec\x05\x01\x92 \xad\xd3\xcd\xd5\xf1\xae\
\x97\xbd\xc8\xff\xa0\xf2 \xcbv\x90\x83M\xdbI\xd8H\
z\xebI^\x9dGo\xf8N\xec\xe4\xd5y\x92W\xfb\
\xf5\xe7]\xd5\xb9\xdf\xbf\xdf=,\x1eY\x96Q\x85\x0f\
3;\x1d\x0d\xf8Y\x0a{sP\xa7\xd3A#\xa9i\
\xe52A\xd6\xea \x97R\xd2\xd2nN#\x8e\xf0\xb5\
_\xf5\x95x\xc7[\xde\x8c3\xdf\xfaM\x9aD$\x85\
\xa2c\x8f\x97\xd9\xe4#\xd6]\x1cl\x10\xb7\x01\x5c\x93\
\x91\xaa\x8e\xba\xaa\xa4\xe4\xc4\xc5\x90\xdeN\xbbh\xa7Y\
a\x8f\xe2:\xb2\x10i\x9dV\x09\x194\xd1\x88\x0a\x7f\
K\x9a\xdb\x0cHJ\x10L\x94Q\xa6:\xe5y\x8e,\
Mau\xb5r\x82b+%b\x02\x97\xaf\xcc\xe3\xef\
}\xf1\xdf\xc2w\xbd\xf3\xad\x85\xd2\xf3\xd4\x1b\x9e\x84\xe5\
\x85y\xd5\xbfU\xbc\xc4 \xd2deJ\x0a\xd3\xd2\xc2\
\x1c\x12U\xb4\xdb\x95\x22d\xf5d\x86H\x19d\xdam\
\xaa\xc4\xca\xe9\x17UaWG\x7f~\xfd\xee\xcd2\xef\
\x8f\xdf\xef\xde,\xfda\x87\x93,\xfa\x19\x92\xabU\xe9\
mC\xd0y6!\xb9\x1a\x8f\xe4j\xdc\xbd\xb2Te\
Z~\x95\xddL\x92\xab\xe5ZX\xbf\x90k\xe1$\xfb\
\x83W\xd3\x92\x1ch\xbf*\xc1\x11\xf30\xc6\x9b\x89!\
!\xcb\xb1\xc8\x169r\xdd\xebTg@\xb2PT\x9a\
\xcbK\xa8k\xa76W_\xd0ik\x81%\xeb\x22\xd5\
\xce\xf1\xd3t\xaf\xbf\xff\xfb\xbeOJ\xce\xed\xdaIy\
\x1a\x12\x00q\x0e\xc5%\x02\xf4\xd1zG\xa4t\xa9\xf2\
\x93\x0b\x90\xbd1=]X\xc1\x80(\x89\xd5\xf7@\xbd\
\x09\xd4\x17\x01\xadnZ\x98\x1d\xe5\xd1l\xa5E\x98\xac\
R\x9e\xca~\xcb2\x95\x8e\x85\x22@\xb9\xc4\xb1\xd2\xab\
O3\xc5%\x96\x12TS\xff\xa2n\x10\xaa:\x9e\xf6\
\xd4\xa7\xe0\x9b\xbe\xf1\xeb\xf0\xfe\xef\xff>|\xc9\x17\x7f\
\x11\xda\xda\xe5\xeeJ\x12\xc5\xc9\xd2\x0eL\x0a\xbb\xca\xac\
\xd7\xeb\xe8\xda\xef\x88\xb4cm}Q\xa2\x1dnc\x96\
V\xf5VY$W\xaf/9\xd7\xd9\xcd\xbd_b\xf5\
\xa8\xa4\xbf\x0c\x92\xfd^\xdbv\x93,\xda\xd2\x9fpX\
\x99[\x8dG\x0e\xce\xb7?=Y\xc6#\x07\x9b\xfd\xf1\
\xdd\xed\x04\x06\x10\xd8\x92W\xd1'm)\xa6Gr\x02\
N`\xcf\x09D!H\x09\x88\xa5Ht`JA*\
\x05\xa7\xad\xc9Esy\x11\xb3Z\x0d\xfd\xd2/\xf9b\
\xbc\xf1u\xdf\x81\x07\xee\xbf\x07'\x8e\x1d\xc3\xa3\x9fz\
\x5cc~\x86\xe3\xf6;\x9a\x1cR\x8c\x22\xad\x5c\xa2\xf8\
\xd8.P\xa4\x09E\xbb\xd3FS\x93\x91\x8e\x06\xeb\xcb\
W.K\xc9I5\xcf\x88\x0bYlwa\xf2\xe7\x1f\
\xff\x04\xfe\xe5/\xfe\x12.\xce/bY\x8a\x90\xe6%\
\xe8R\x93\x0e\x09V\xa4\xad\x95\xd7\xa0\x81\x9f\xaac\x88\
\x22\xd4ku\xc4\x9a,\xd8\xceO\xa6\x09\x83=Fr\
\xcd\x89c*\xab\x85\xaeVU\x9f\xf75_\x85\xefz\
\xc7\xdbq\xdb-7k%\xb7\x8eO\xfc\xe5\xc7q\xe5\
\x89'\xd0\x5cX\xc4u\xd7\x5c\x8b\x85+sR\xd4j\
8~\xfcx\xa1\xe0_\xb9r\x05\xfe9x\x02$\x0f\
\xbeP/\xf1P\x08\x90\x049X\x02\xb8a\x9dLq\
\xb07@\x9e\x98\xd5n\x8dvk3\xf5M\xa6T\x9c\
:~\x02\xb7\xdet3\xbe\xfb\x1d\xdf)%\xe7\xd3q\
\xdd\xa9\xd3\x88\x94S.\xc5\xc3\xfa\xafTf\xae\xdd\x1d\
[\xbc\x89\x02\xd4\xefX\xa8\xfa\x16)\x140\x0fi+\
\xb9\xfa\x1c\xad\xf0\x14\x8a\xce|\xb3]\x98O\x5c\xbe\x82\
\xdf\xfe\xbd\xdf\xc7#\x8f_@\x5c\x8fpe\xb1\x85\xc5\
\xe5.\xa8>\xc7\xaa\xdaR\xdfE\xcbJy\xdao\x13\
S\xf5A\xd0\xa2\x09U6\x94\x03\xa5\x09\xd9B\x8c=\
\xfeku\xb7\xfe\xe9\xda\x93'\xf0\xd2\x07_\x84\xb7\xbe\
\xe9\x8d\xf8\x9c\xcfz\x16\x1e\xf9\xc4'\xd0m.\xe1\xc4\
\xf1Y\xf5Y-\x98b\xd3l6\xb1\xb8\xb8\x88\x96\xfa\
;\x9b\xe4\xdbo\x0d\xad\xee\xb3\xb3\xb3E\xce\xa3\xfae\
u\x1d\xd5\xbay\xbd\x9c\xc0\xa8\x11P\xb71jU\xf2\
\xfaL\x12\x01\x92 \x87\xcb\x81\xb6\xf5\x10\x0a#\x87\xb7\
\x9d$l@\xedj\x22\xd1\xeaT\xf0\xf8\x00\x00\x10\x00\
IDAT\xd4`;;3\x03tR\x8d\xdf9~\
\xfb\x17\xfe%\x1f|\xe1\x8b\x8a\xc71>\xe7Y\xcf\x82\
\xdd\xa83\xf5\x04O\xb9\xe1:\xc4\x81Z\x89La\x83\
\xbd\xfd\x03?[\xca$Y(LK\xcb\x1a\xc0\xe3\x1a\
j\xf5\x06\xa2(\xc6\xb1\x13'\x91S\x13\x87\xe5f\xb1\
j\xfa\xc4\xa5K8QOx\xff\x83/\xc6?\xfd\xd9\
\x7f\x81\x17\xbd\xe4\xdb\xf0\xaf\x7f\xe9\x97\xb1\xa0\x89D.\
>\x19Q\xac\xb0\x9a\xbd\xd6\xa8\xa3\xd5\xee\xa0\xa3\xb0\xae\
VuSMV:\xed\xb6&\x09\x1d\x04\x95\x97\xc4I\
a\x9f\xd5\xca\xe8t\x12\xa3\xad\xb8\xd7\x1c\x9b\xc5\xddg\
\xcf\xe0u\xdf\xfej\xdcy\xfbY\x9c:v\x1c\xb58\
\xc2\xe5\x8b\x17p\xcd\xe9S\x88\xb4\x9b\xf3\xd1\x8f~\x18\
A\x0a\xd45\xd7\x5c\xa3\x12\x8f\xf6a\x13\x96\x8dd/\
\xe9\x90:\xb9+\x19\x92,\xee\xcb\x15\xe7\xa6\x86\xd5\xb1\
\x8ad\xd7\x866\xfb*\xa7\x9bcM \x80y@\xd1\
\x87\xe8\xc4\x9a\x92\x10\xc0\xc2m\x8b\x1a3\xeaG.>\
\xf68\x92@\xed\xd8\xc4\xf8\xb2/\xfa\xdb\xf8\xde\xef\xfe\
.\x9c\xbf\xf5[\xb5s\x1bp|\xaa^(:@\x8e\
\x5c\xcaG\xa4\x0cjQ@\xa4\x9d\x16\xbb\xd7\x95e\xb1\
\xfb\xdb\xd6bH\xa4>\x22\xb5m\x17\xe5E\xd9\x17\x9a\
\x9d\xa2Oj4j\xc5\xc2\xcbK_\xf1\x0a\xbc\xeb\xdd\
\xdf\x83\x07_\xf2R|\xcf\xf7\x7f\x00A\x8b+\xb5\xa9\
\x18\x0b\xad.\xac_\x8aj\xb1\x14\xa0&\xe6\x17\x9a\xa8\
\xdbo\x81\xea5\x95\xaa\x92\xa5\xf0\xac?\x05\x19b\x85\
DZ\xc1\xb1W]\xe7*\xfbo<\xf7\xd9x\xc7[\
\xdf\x88\xb7\xbd\xf1\x8d\xf8\xec\xcfx&.<\xfa(\xac\
\xcf\x0d\xc8T\xd7\x08\xf6\xff\xc1lW\x87d\xd17\xd9\
\xf5nn\x8c\xd0\xc7\xea4B\xd5\xf1\xaa8\x81\xb1\x22\
\x10\xc6\xaa\xb6^Y'0f\x04H\x82\x1c.\x9df\
K\xcaK\x84\xeb\xae\xbd\x16K\xf3\x0bhi\xd5\xf1\xc6\
o~\x1e\x965\xb2\xfd?_\xf8\xf9\xa8\xe9\x0ee\x9e\
\xa2-\x85\x88+m\xb7A8\xcb\xba\x88\x94\xaf)K\
\x8c\x02\x14\x1dAJ\xc5\x94&\x1f\xf6$Z[\xbb:\
\x17\xae\xcc\xa3\xd9M5xCf\x17?\xf6\xd3\xff\x1c\
\xf7?\xf0b|\xc5\x8dg\xf2\xa7<\xe3\x99hi\x05\
v^J\xd0\x07\x7f\xea\xa7\xf1\x86\xb7\xbc\x15\xbf\xff\xbf\
\xfePS\x04\x14\xf9\xd8DdI\xcaK\xad\x9e\xc0&\
)\x8cbDq\xac\x95\xd0\x86vwbX\x1dr\xd5\
\x01\x99\xf2W\xbd\x12IM\x93\x98n7\x83\xaa\x8c\xbf\
\xfe\xec\xcf\xc1\xdd\xe7\xcf\xe1\x8dox\x9d\xda\x10\xc9\x8f\
H\x95\xdf\x13\x8f>\x86\xcf\xfc\x8c\xcf\xd0\x04\x0b\xb0U\
c%\xf3\xe3\x00\x09\x90\x5cw=nV\xb4]W\x9b\
\xc5\xf1\xf0\xc9!@\xea\xfa\xc8\xd5\x1e\xd3f\xd5?\xcc\
4\xa6\xd0\x5cZ\x84\xed\xe6\xbcG\x8a\xc8+_\xfa\x00\
\xb0r\x8fwZ\x192\xd9s\xf5\x01\xb9\xfa\x9b\x10\x82\
\xfa\x07\xeb\x09\xb0\xfai\xb5:Zp9\x86P(*\
K@\xa4~@\xa1\xd6\xbf\xd4\x1a\x09~\xfb\xf7\xff_\
\xbc\xe0\xdb^\x86\x7f\xfc\xc1\x1fW\x9c)\xcchq&\
\x92\x82\xf5\xff\xfd\xef\xff\x8b3\xe7\xcf\xe3\xe7\xfe\xcd\xaf\
b~i\x19]\xa5\x99[jaf\xa6\x81\xe9\xd9\x06\
\xd4\xad\xa1\xd9nIU\xc9\x91\xa9\xae\xd6\xe7\x99(\x9a\
\x8a \xec\xf7E\xf6\xc8\xed\xfc\xdc\x22fTv\x83@\
]\xf2%_\xf4\x85x\xed\xab_\x81;n\xbdE\xca\
[\x80\xed.gY\x86c\xda57\x13\xfa\xcch\xd1\
\xa9^\xaf\xc3vx\xe4<\xd4\xa3\xff\xfe\xebw\x1fj\
\xe5\xbcp'0F\x04\xc2\x18\xd5\xd5\xab\xea\x04&\x8a\
\x80\xdd|\x97.\x5c\xc4\xbf\xfd\xf1\x1f\xe6\xdc\x85K\x98\
\xbft\x05\xaf}\xe5\xabq\xfb-7J9\x00\x1a\x8a\
\xd0i\xa7\xa8EZy\xd4*\xa6\x9c\x1a\xe4\xbb\x80V\
2\xeb\xb5\x04\xf6C\xdd\xa0\x09\x06\x8a\x0f\x11\x18\xb0\xa8\
\xd5\xd2KW\x16l>\x82\x93'\x8e\x15\x93\x84\xff\xf4\
_\xfe+^\xf3\xfa7\xe0\x9f\xfc\xf3\x0faJ;-\
\xb3\x9aP<,\xa5\x03\xb5\x06\xa2\xa9\x19\x9c8}\x0d\
\xfe\xe4#\x1f\xc5[\xde\xf1N\xbc\xf3=\xef\xc5G\xfe\
\xf2\x13\x0aJPS\x19\xadn^>\xa6\xa6]\x1dh\
\xb2`\x12\xa2\x04T\xb9\xf6\xa8\xc7\xb4\xea\xd5\xd1\xa4\xa3\
\xdb\xed\xa0.eh*\x0e\x85\x12\xd3\xd2\xc4\xc4\xec\x9f\
\xf3\x19\xcf\xc2\x07\xde\xff\x03\xf8\x8f?\xfbO\xf9\xd1\x0f\
\xff\x19>\xed\x19OW\xf534\xa5\xd4\xd9\xce\x14\xfc\
3\xf2\x04\xaa\x09Ve\x8e|\x85\xbd\x82[&\x10\xec\
\x86\xb6\xdd\x16\x896e`\xee\xa0\xd4\xa6,\xe4Rv\
\x1e\xf9\xe4\xc38s\xcb-\xf8\xfe\xf7\xbd\x07\xcf|\xea\
uh-vp\xdd\xa9\x19\xdd\xc3\x8a\xa4>\x81R7\
\x22\xf5\x0b\x89\x16CL\xec\x1a\xc9\xb5d\xd2Q~\xd2\
\x83\xd0\x92Vb\xbaS\xa6\xe8\xb1\x14\xa7\x8b\x8bKE\
\x9f\xf4\x89G?%\xe5\x83\xfc\x9e\xf7\xbe\x0f\x97\x97\x96\
0}\xf2$\xe6[-\xf5GS\x08\x8d\x06\xe6\x96\x97\
\x91\xa8o\xfa\x91\x1f\xffI\xbc\xeb{\xfe\x11\xfe\xeb\x7f\
\xff#LO\xd7\xb5h\x93\xa3\xd5Qn\x11\xb0,E\
*S\x8d3\xf5{\xb6\xf3\xa3\x22t(Lu\xb2\x0a\
\x06\x99\xa7\x8f\xcf(\x06\x90*MW\x8b-\xd3\xeaK\
\x9f|\xea\x14\xbe\xfa\xef\x7f\x05^\xfc\xc2\x17`Zu\
\x9a\x9f\x9f\x87\xfdfG\x89A\x12\xa6\xf4X\xbfjb\
~\x87-\x05S)tU=\xfa\xdd\x95\xbf\x9bN\xc0\
\x09\x0c'\x10\x86\x07y\x88\x13\xd8=\x01\x92\xc5\x00B\
\x0e6w_\xc2h\xe7P\x0dL\x83\xcd\x14\x9f\xf9\xe9\
\xcf\xc4\x97\xdfx[\x9ev\xba\xb8\xff\xbe{\xf0e_\
\xf4\xf9\xd08^\x0c\xd0m\x0d\xd0\x8dZ\x84\x8e&\x0c\
\xad\xe6\xb2\x1a\x9a\x15\x0a\x8e\xbdQ\xa8\x93\xda\xaaf\x86\
%\xf9g\x9a\x5chn\x81\xa6\xf2h4\x12\x1c?1\
\x8b\x8eVZ\xff\xef\x87?\x8aW\xbd\xfa5\xb0GC\
\xfe\xe2c\x1f\xc75\xd7?\x09K\x9d\x0e\x96\xdam\x9c\
\xb8\xfe:DZ\xbd\x5c\xd4\x04cQ\xbbF\xf5\xd9Y\
$\x1a\xf8\x7f\xebw\xfe\x0b\xde\xf8\xd6\xb7\xe1C?\xf7\
\xf3\x9a|t\x943\x11\xd7\xeb\xc5\xaeN\xa7\x93\xaeN\
\x0al\x22P\xab\xd5`\x8f\xb5MI)j\xc4\x09\x16\
\x17\xe6\xd1^n\x15\xbf5\xb2\xdf\x14eR\x94T\x1d\
\xb5\x87\xb8\x9c\xe6\xf9\xff\xf3\x85_\x88O~\xfc\x13\xb8\
t\xe9\x12f\xa6\xa7ay\xa8QG\xfa \x07\xdf\x17\
d\xe9\xbf\xd7p\xc82_\xb24\xb7\x9a\xbf]\xbfU\
\xdc\x5c\x96^\xb7\x9c~\x8c(\x01\xb2<\xcf\xe4`\xb3\
\xbf\xdaA\x1e\x01\x04\xacC\xd1\x8e\xcds\x9e\xfd\xd9\xb8\
\xfb\x8e;a\xbb\x22\xea6pl&\xd1=\x9eC\x9b\
\xcd\x98j\xd4\x10\x87\x08\xa4\xe2\xeb\xa2\xb0k\x22U\xbf\
c\x12\xb4\xcb\x9b$1f\xb4\x13\xb3\xd4\xee\xe2\x8a\x94\
\x9cHZ\x91e\xfb\xfe\x1f\xfb ^\xfa\xcaW\xe0+\
o\xbc%7e(\x9e\xaa\xa31{\x0c-\xa5\xbd8\
7\x87\xb6\xf4\x95\xa0>\xa7\xa9~\xcf\x16b\xfe\xd7\x1f\
\xff1^\xf7\x867b\x8a\xe4\xc7\xb4\x10\x83(\x14J\
\xcf\xb1c\xb3RgT\x17\xd5\xd9vw\xd6\x14\x1e\xa8\
\xffd!\xadf\xbb\xd8\xe5\xa9'\x01\x8d8B[\x0b\
3\x11\x80'\x9f>\x85/\xfb\xe2/\xc2W\x7f\xcdW\
\x15\xbbQm5\xcevs\xa2(\xc2\xc2\xc2\x82\xe2\xb5\
\xb5\xd8SS\xcc\xd19\x8coom\xfa\xdd\xbdan\
w\x02{G`2r\x0a\x93\xd1\x0co\x85\x13\x18M\
\x026 m$\xf6\x9b\x9b\xd9\xe9\x19|\xe63?\x0d\
_\xf2\xc5\x7f\x1b\xd2W\xc0\x95\xa6D!h\x97\xa4\xa5\
\x1d\x93H\x13\x8b)t\xd3\xaeV3M\xe9\x01b\xed\
\xaeX\xb4\x86VAs\x8d\xf2\x1d)1A\xf1\xcd\xef\
\xe2\xe59\xfc\xf3\x0f}\x08/y\xf9+\xf0\xa9\xc7\x9f\
\xc0\x09\xad\x9a\x9a2c\x93\x89\x9a\x94\x0c\x9bD\x98\xbf\
\x92aFJ\x0e\xb4#ca\x94\xc2r\xfc\xc4),\
k\x05\xf4\x17\x7f\xf9\x97\xf0\xe0C\x0f\xe1\x8f\xfe\xcf\x1f\
\xe3\xd2\xe5+\xa0&*q\x12!\xcd\xb5+\xa3\x09C\
G\xab\xbe6\xa9\x89\x95\x96\x9arhv\x84\xe3\xb33\
\xaag\x1d\x8a\xa2\x95Thq5\xd7\x84\x03\x88\x18,\
\x18_\xfew\xfe.N\x9f<U\xfc\xce\xc7^\x8dm\
/@\xc0\x11\xff\x90\x049\x5c\xf6\x12\x0f\xc9\xd5\xecH\
\x16\xe5\xaez\x0c\xb1\xd8\xb5;$H\x8a\xb0f\xb8\xc3\
\x02\xdd\x7f,\x08\xd8\x0e\x8e\x09\xb5s\xa0\xbb\x14\xb6\xbb\
c\x15\xa7i%\x92\xaf\xfe\x07_\x09[p\xa1<3\
\xed\xe4X\x9cH_\x17\x9f\xb8\xa8\xebG\x9eJ\x97I\
I)$\xcb\xe4\xc7R\x14d\x87).\xf5Z\x0c\xa8\
\x0f\xf8\xb9_\xfc7x\xe8e/\xc7\xaf\xfc\xbb_\x83\
\xed0\xd7f\xa6p\xec\xe4\x09\x5cT\x7f\xb5\xa4E\x97\
\xe3\xa7N\xa2\xae\xdd\x9c\x9c\x11\xa2\xa4\x8e,DRj\
R\x9c\xd6\x22\xcduO~2\xfe\xce7\xdc\x98\xbf\xf2\
\xd5\xaf\xc2\x8f~\xf0\x83x\xfc\xf1\xc7\x0b\xa5(#\x90\
\xeaJ4\xd3\xaeF3Q|2}ghH!\xb3\
\x85\xa2L\xfdc]\xfdc\x8d\xd4\x02M\x13\x91BO\
L5\xf0M_\xff\x0d\xb0\xdf\x0e\x06\x85\xc5\xd6\x97)\
\xdc\xae\xf9HJ\x8f\xf5o\x8a6R\x87\xd5m\xa4*\
\xe4\x95q\x02cB \x8cI='\xaa\x9a\x06\xdd\xba\
\xe2\x89j\x14\x00o\xcf\xf6\x09\xe4\x9a \xd8\xc0j\x03\
\xed\x93\xaf=\x0e\xd3\x1b\x8a\xebC\x17HM#\xf2\xb4\
V=5\x9ek\xa1\xd5vubL\xd5\xa7@\xc4\x8a\
\x16\xd0\xd2\xe8\xde\x91kI\x8a\x07\xeb\x09\x16\xa5)\xfd\
\xcb_\xfa\xb7x\xe1\xb7\xbd\x04?\xf5\xcf~\x06'\xaf\
\xbd\x0e\xf6\x7ft\x16\xb5j\x09M6\xa2Z\x02E\xc5\
\xb4\x94\x92\x13\xa7N\xa1\xdd\xcd\xb0\xac\x9d\x18\x1b@\xe3\
\xa8\xa6(\x91\xca\x81\x84\xda\xfd\xe9\xe0\xd2\xfc\x12^\xf6\
\xcaW\xe1\xc7~\xf2\x9f\xe0\xff~\xe4/\xb0\xac\x9d&\
(^\x88\xeb@\x88\x912V\x9a\x18j\x82VB\xbb\
\xb0\xe7\xf3m\xd2\x13\x08HoBM\xab\xa9\x166%\
\xb3\x11\x03\x7f\xfd\xaf\xffu\x5c\xbe|\x19\xa7O\x9f\xc6\
\x85\x0b\x17p\xfc\xb8\xda\x8b\xa3\xfd!\x09r\xb8\xec\x07\
\x1d\x92E\xb6\xd4\xf5SXz\xbe\xf22H\xd7W\x8f\
\xa7\xac6!6\x91u\xe5PDE\xd6e\xba\xe2\x0e\
2\x03\xe4+\x13\xc5\xa4\xd9\xf27w\xc8\x03\xeccv\
p-\x85\xf9\xb9\x8c\x18\x01\xbby\xed\xec\xdb\xc9\xd3\xf6\
\xcd\xe7}\xees\xd1\xd0\xe9\xb3\x05\x8cY\xdd\xc4\x1du\
:\x91\x16>\xae\xbf\xe1\xb4\xee\xe5y@\xd7\x12\xa5:\
\x90\xfa\x8ebP\xd2\xcd#,i\x17xA;:A\
i\xed1\xda7\xbc\xe5\xad\xeaG~\x1a\x17\xb4pR\
\xd7\xe2NG}\x8f\x22\xa3\xadx\xd3r[>\xcb\xda\
\x85\xd1%\x85V\xa7\x8d9\xed\x12[\x9f\x88(h\x81\
\xa7\x89.\x88\xeb\x9f\xf2\x14\xe4I\x03?\xf7\x0b\xbf\x84\
w\xbc\xfb\xdd\xf8\xb9_\xfc\x05t\xd5\x07e&+}\
b\xae\xe5\x95Lb\xf9@\x9f\x5c\x1d^\xa2:%I\
\xa2\x1c\x80FR\x93\xf2V/\xec\xb6`\xf3\xd4k\x8e\
cZ\xfd\x22\xd5\xd6Nk\x19\xf68\xdb\xcc\xccL\xf1\
\x1b\x1e\xdb\xedQ\x16\xc5\x11\xf4m\x22\xe3@\x0f\xeb\x9b\
\x0f\xb4\xc0\xa3VX\xd1\x1fek\xad\xb6\xbe\xcad\xcd\
\xc7m\x13B\xe00\xee\xdf\x09A\xb7\xfbfX\x87\xdc\
s\x9b\xadfh\x1d\x5c%\xab\x9e;\xb4\x90\x04\xb9\x7f\
\xb2\xc3j\xad&#\xd7\xea\xb6\xea\xb9\xcf\x96\x8a\xad\x99\
\xbdE\x99\xbb\x12\xb2\xacWo\xf8 ;98^\x95\
\x8f\x99U:\xb2\x8c\x1b4\x03\xa8D'\xa7\x18`o\
\xb8\xe1\x86\x22\x9a\xc6bP\xb6\x9a\xdd\x99\x1a\x80\xa5z\
\x94+\x91RVR\x85\xe4\x1a\xc8S\xc9\x9c&\x06\xa9\
\x06\xf9\xe5\x5c1\xa4L\xfc\xde\xff\xfa\x13|\xc7[\xde\
\x89\xf7\xfd\xf0\x8f\xa1\x99\x12\xcf\xf8\xcc\xcf\xc2\xb2M(\
\xb4ZY\xd3n\x8e=/o\x8a\x0f4\x99\xc9\x94\xbf\
\xd5+V=\xea*\xb0n\x0a\x8cu\xf0\x99J\xd6\xc4\
 \xd4\x1a\x88\x1a\xd3\x85\x9c~\xca\xd3\xf1o\xff\xe3o\
\xe0\x8d\xef\xf8.\xfc\xb3\x7f\xf5\x0b\xf8\xe4\xe3\x97\xd0V\
\x99-e\x92+}+\x05Zi@Wu\xab\xd5\xeb\
R\xa0:\x90\x15\x9dV\x1bj.\xec\xbf\xa7\xe7\x99\xad\
\xbdj\xa2QO033\x85\xa5\xa5%LMM\xa9\
]\xa9\xe2\xf0*\xa9\xd8\x98\x09}H\xc2\xec&\xa6\x18\
\x92kip\xc8\x1f\xe3\xb8\x81`\xb3\xb0L\xda\xe0F\
\xb2Y\xf3\xc85\x16\xe4\xd5vcV\x09Y\x86\xf7\xe6\
IMlMt\x15!\xd3\xc0o\xd2e\x8aL\xab\xe5\
VwRit\xbei\x89\xb4\x8aoF!\xf2\xc8M\
\x0aG\xd09\x0cj\xabr\xd1u\x11\xc9\xcf\x04)`\
\x97\xb0M8\xa1]\x02\x13\xcb\x13\xca]Q\x8a\xc3\xdc\
\x95\x14\x1e\x07\xfcU\x95\xbdSs\xbf\xabKRl\x87\
KU>\xb9>N\xff9'\xd7\x87\x93\xa5\xdb\xd2'\
R\x04\x82\xfa\x09F\x11B\xa2\xf3H\xf9F\x01'N\
\x9c\xc0\x89c3\xc59\xb4\xfb\xd8N[M\x16\x06\xa0\
+%\xe2\xe4\xe9c\xba\xdfSPq\x9bZh\xb1\xee\
\xc3\xfa\x03\xe8\xe4\xb7\xb2\x80'\xe6\x9bx\xf5[\xbe\x13\
?\xfc\xc1\x9f\xc2\x1f\xff\xd9\x9f\xa3\xd68\xa6\x05\x8ek\
\x11ES\x08\x88\x91DR:\x94YW\x8b(v\x9d\
\x94\xfaU\x06\xe9R\xa8'1\xec:\xc9\x15\xa0K\xaa\
P\x80\xec7=\xa1Q\xc7\xac\x16q>\xfe\xf8E\xfc\
\xf4\xcf\xfek\xbc\xe2;\xde\x80\xff\xf5'\x7f\x8eE\x15\
<\xd7\xec\xe8\xaa\x0d\xe2\x15\xb0\xa8E\x1c2R\xdd\x80\
\xb8\x16\x15yY~T#\xa2\x22V\x86)\xd5\xdbB\
\x9e\xf5\xb4\xa7\x22\xd6\xf5\x19\xa9o\x8cb\x22\xcd\xbb\xc5\
\xe3\xc1\xc6\xc5\xf2\x88\x10\xc1\xeaf\x12\x94\x1ev\x9f\xe8\
\xe2\xce$$A\x0e\x17\x15\xbc\xe1\xb1\xd9u\x17B\xb8\
*\xff\x0d3\xec\x0b\xb4\xbe\xa5*\xa3\x0a\xaa\xdc\x83\xc2\
\xaa8d\xd9\xa6\xca\xbdS\x93,\xf3!\x07\x9b\x83\xf2\
\xad\xeag&98\x1dY\xfa\x0fJ\xdf\xebG\x96\xf1\
\xc8\xc1f/_\xe8\xaa\x04\x08\xea\x9a\xa4\xae\x1d\xf8g\
\xa2\x08\x84\x89j\x8d7\xc6\x09\x8c0\x01\xeb\xbc\x07V\
O\x83g\xe5\x1fr\x14]\xae\xb9i_ZRM\x92\
\xc8l\x9aL\xe6\x1a\xd4m@\x07f\x1b\x0dX\xf8\xc7\
\x1f~\x02\xefz\xcf\xfb\xf1\xda\xd7\xbf\x11\x7f\xfa\x91?\
\xc7\x0dO{\x06\xf2(\xc6\xa5\x85\x85\xe2\xcdF\x99r\
\xcbM,\xb2r\xc9$\xbd\x87\xad\xbaS\x13\x13\xe6(\
\xa6\x00\xb9\xc55Q\x87\x9fj\xa0\xb5\x7f\xf0\xf7\x94\xa7\
\x7f\x9a\xcam\xe1G\x7f\xe2\xa7\xf0\x9d\xdf\xfd\x1e\xfc\xfe\
\xff\xf8\xdf6o\xc5r[iT\xb5H\x13\xa4(J\
\x90)cR\x1e2sM\x04l\x96\xa41\xc6\xa6\x0a\
\xb0\xe2I\x22\x98(_ \x80$\xaa\x0f\xb9f\xaf\xfc\
\xdc\xdc\x7f\x02\xc5\xf5\xa6s_\x95d\x0a\x8c\xd9\xcd4\
\xd1E\xa7\xb9]^Jn!\xa5\xd8\xc4\xb6\xc7i\xd1\
\x8a\x00\xbb\x8e\xecB0\xd3\xa4\xca\xdfL\x8bP\x99f\
w\x19\x0d\x02v.\xad&v\xbe\xed\x9c\xda\xba\x07I\
\xdd\x9f9\xec\x1c\xae\x8az\x08\x8b\x07;\xc1\x92\x5c\x8e\
b\xc2,\x93q\x22\xc5\xc7,\xd0b\x0b\xf0o~\xe5\
Wq\xdf\x0b^\x80\x8f\xfe\xe5'`o|\xacO\x1d\
C\xa2]\xe9N\x9a\x15\xbb\xc9m\xed\xe8\xc0\x0aR?\
\xa0TC\x0f\x92(&\xa4R\xc4d\x81\xf5m\x95d\
q\x0d\x1f\xfe\xe8\xc7\xf0r\xed>\xff\x93\x7f\xfe/`\
\xbbE\xd6_5\xb5\xc8S\xab5`\xed\xc1\x80\x0fW\
\xfc\xcc\x0c\xb2G\xeacM\x09\x0a2\xe5\x5c=,}\
u\xbdV&\xad\xd1+1,|\xc5\xea\xc6\x98\x120\
e\xda\xae\xe7|\xf5d\x06\xf5eve\x98\x8ci\xa3\
\xbc\xda\x03\x09\xd8\xbd>0\xc0=\x9d\x80\x13\xd8\x1b\x02\
\xfdJN\xbf{\xb3R,\xbe=R\x11\x18P\xab%\
E\xf4\x0b\x97\x17\xf0\xa1\x9f\xfdy\xbc\xe2\x15\xaf\xc0\x1f\
\xfd\xd1\x1f\xe1\x86\xa7>\x05'N\x9fB\xb3\xd9D\x9a\
\xa6\xb0\x1d\x10\xb3\x17\x91{\xbe\xec\x867\xa9\xbcl\xa2\
c\xfd\xbcI\xaf\x9f).\xe6\xb6\x89\x86\xbdP\xc0~\
\x1b\xf4\xccg>\x13\x1f\xf9\xc8G\xf0\xed\xafy\x0d\xde\
\xf5\xee\xf7\xe2\xb1\xc7\x9e\xc0\xc2B\xcb\xa2\x15\xd23\x0f\
\xd0DI\xd3\x07\xedZX\x00IP\x16\x92\xb0\xfc\xc8\
5\x93$H\xa2\xfa\x90k\xf6\xca\xcf\xcd\xf1#`\xd7\
\x8f]\xb7U\xcd+{q\xbd\xe5\xb9&\x14\xa5T\xe1\
n\x0e&`\xdc6\x92\xc1\xa9\xb6\xefK\x96\xf7\x1d\xc9\
\xe2~${\xcd\x9e\xfc\xb8f\xd7\x19D\xbdQ\xc3\xc5\
\x8b\x97a\xfdS\xa4\xcd\x98\xff\xfa\xfb\x7f\x80\x97\xbc\xec\
\x15\xf8\xc0\x0f\xffP\xf1\xb8\xaa\xbd\xe9\x0c\x81hLO\
\xc1vJr\xbc\xb2\x96O\x00\x00\x10\x00IDAT\
\xcb7\x0aE\xffd\xfek\xb9\x0d\xb6\x05-\x8cX_\
ff%$\x8b\xf4\xe6or\xddu\xd7\xe1W~\xe5\
Wp\xe7\x9dw\xe2\x97\x7f\xf9\xdf),\x14} A\
\x0c\xff\xf4\xf6\x82\xc3cy\x88\x13\xd8w\x02^\xc0\x81\
\x10\xf0;\xfe@0{!G\x9d\x80MX\x8cA\xbf\
i~\x1b\x8a&\x86\x95\xf2b\xf1\x22\x8d\xdfm)\x11\
?\xff\xf3?\x8f\x7f\xfaO\xffi\xf18\x98\xad\xae\xda\
\xa3a\x16\xef\xd8\xb1c\xb8\xe6\xbak\xa5\x14\xd5\xa4\x88\
,X\x92BzW$\x0b\x8f\x01_6\x115\xa9\x82\
l\xc2j\x13\x92\xd9\x13\xc7\xb5\x93\x93\xe3\xf2\xdc\x15\x9c\
\xbc\xe64\x9e\xfd\xecg\xe3O\xfe\xf4Oq\xcf\xf3\xef\
\xc3\xc7?\xfeq\xad\xe8\xe6\xb0:\xa8\xaaURM8\
\x22\x84(Zu\x9b\xa5\x9a\xac\x98I\x12\xe4\xd5b\xf1\
\x5cF\x93@u\xedZ\xedz\xcfu\xe1\xb6/\x89\xf9\
\xaf\x0a\xb5f*\x91\xf7\xea\xd1\x9b\xc7\xaa\xa7[F\x82\
\x00\xc9\xa1\xf7\xa4\x82\x06\xd6q~~\x11'O\x9f,\
^\x0b\xfd\xcb\xbf\xfa\xef\xf1\xbe\xf7\xbd\x0f\x9f\xfc\xd4#\
x\xd2\x93\x9e\x04\xebK\x8e\xa9\xef\xa8i\x17\xda\xfa\x87\
V\xa7]\xec\xb6\xd4\xa7\xa4\xf8\xd4k\xb0\xdf\xc7\x0c\xcc\
\xb4\xc7\x93\x5c_'\x0b\x22K?St\x9e\xfa\xf4\xa7\
aq\xb9\x09Sx\xea\xda9\xfa\xc0\x07>\x80\x9f\xfa\
\xa9\x7f\x82\x86\xf2OS[~\x09\x96d\xdf\xc4\xae\xe7\
\xdd\xc8\xbeU\xcc3.\x08lvn,\x92\xc51\xb3\
W\x06\xf9\xf5\x86\xbb}\xfc\x08\xecoO0~<F\
\xb9\xc6^\xb71$\xb0Q\xa7\xb9QX\xd5\xd4\xe2\x0d\
H+\xab\x9b\xdd\xb4[x/..\xe2\x0f\xfe\xe0\x0f\
\x0a\x85\xa6\xa1\x89CH\xe2b\xd5\xd4\x06\xff\xf9\xc5\x05\
<\xfa\xe8\xa3\xc5D\xe2\xa9O}\xea\xba\xc9K@9\
I \x89HB\x96\xee\x5c+\xaf&d\xe96\x05\xc7\
\x84$\xbaR\xac\x8a\x7f\xdeG\xc0\xca\xb2x\x97\x16\xe6\
\xb0\xb0\xbc\x04\xdb\xed)\x94\x9dv\x1b\xa5\x02\x83\xe2c\
\x13\x1bs\x17\x8e\x9e/\x92 \xd7KO\xb0[G\x90\
\x80]\xa3&\xbdU\xb3)d\xe5\xee\xb5\x9b\x9f\xb9s\
B;7&\xb9L{\xa01/&\xbe\x19,\xd4b\
\xb9\x8c2\x01\x92\xc5\xfdl\xf70I\xdd\xb3(>$\
\x0b\xb3\xf7kjv\xa6p^\x9c[\xc0\xc3\x8f<\x82\
\xa5V\x13\xc7O\x9c@\x9c$\xb8p\xe9\x22h\x0b\x1e\
\xea_:Y\x8a\xa6\x94\x1d[\x90\xb1\x04\xa9\xae\x85\xf6\
J\x7ff\xeeab\xd7\x9e\x09\xc9\xe2Z2\xbb\x09I\
\xd5\x8b\xf8\xc4'>Q\xfc\xb6\xc8\x14'[\x94\xb1\xdd\
\xed?\xf8\x1f\xff\x1d\x8f>~Q\x0b.,\xb3\xcdC\
i\x16\xdff7)\x1c\xfeu\xc4\x09\xd8\xb5T!0\
\xbbI\xe5vs\xb2\x08\xf8]?Y\xe7\xd3[3\x82\
\x04\xaa\x0e\xb4\xdf\xdcJU\x83&\x0d\xa6<X\xdc\xea\
?zOOO\xc3\x14\x1e[=\xb5\xff\x09a\x8f\x87\
\x98t:\x1d\x0d\xf0\x11\xae\xbdV;;ZM5\xa5\
\xc7\xd2m\xb4\xabc\x13S\x8bcbv\x13\xb3\x9b\x98\
=\xc4\x11\x22\xab\x83&'\xa6\xe0,6\x97\xa1Y\x06\
\xeaS\x0dL\xcdL\xc3\x1eS\x89\xe3\x18\x8a\x06\x9bZ\
\xd8\x04\x09\xf6\xd1d\xc4\x8c\xaa\xcdf'\x09\xb2\x14s\
\x9b\x90\xa5\x9b,M\xf3\xdb\xbax\xcc\x83\x22\xd0{\x1e\
\x87\x95i;:\x16\xb6f\xe6\xe6,\xa47\xbdMt\
\xcd\x9d\xe9\x9a*\x02\xfdk(\x01\xe3\xb4\x91\x0cM\xb8\
\xc5\x00\xcb\xbb\x8aJ\x96\xf7 Y\x9a\xd5\xbd,g\x15\
\xe5*\xd3\xfa$;\xcb'\x8e\xcf\xc2\xdeb\xd6\xd2\xc2\
G\xab\xd5\x82)7I\xa3\xae]\x97\xa5\xe2\x91\xb2H\
\x0b25\xb9sS|\xa4\xe4\xd8\xb9\x8fk\xe5\xef\xfc\
\xae\xcat\x03\x0f\xab\xaf\x89E\xb1\xfaY\x99\x89vq\
.]\xb9\x5c\xecd\x93\xd4\x22\xcc\x14\xae\xbf\xee4\x9a\
\xcd\xb6Esq\x02\x9b\x12\xa8\xae)\x8b\xd8k7\xb7\
\xcbd\x10\x08\x93\xd1\x0co\x85\x13\x18m\x02\xfd\x1dh\
\xbf{\xa3\xdaWqM\xa1\xb1x\xb1VK\xcdn\x8f\
\xae\xcd\xce\xce\x16\x93\x89\x8e&\x106y Y( \
\xa6\xf8\x9c<y\xd2\xa2\xaf\x13S|Lz=M\xa9\
1\xa9\xfcl\xf2bn\x13\xdb\xe1\xe9jU\x96\xd2f\
f\x8e\xcdj\x22\xd1(\x9e\xcf_\xd0\xeeRS\x13\x1b\
\xfb\xbf;\xb5ZTL[-\x1d\xc9bU\x18\xfat\
\xa5|Y\xddM\xe4\xbc\xea0\x7f\xb2\x9cXU\x81$\
+\xab\x9b#F\xc0\xceWU%Sh\xec|Wn\
3\xcdm\xfe\x85]\x8e\xde\xf8\xe6g2\xc8\xcf\xfc]\
\xf6\x88\xc0.\xb3!\xb9\xba A\x96\xf6*K9\x0b\
+Y\xee\xb2\xd8c\xae\xd3\xd3Sh\xe7\x19\x16\x9b-\
 \x0a\xb0~\xa2\xdd\xed\xc0\xfa\x85\xe3\xc7\x8f\x17}\x81\
)6\xba\x1c\x10\xa9\xdf\xa2\xe2\x98\xb2k\x19\xd9\x22\x89\
\x99\x9b\x09\xc9\xd5:Y\x5c\xb2t\x07\xedx\xd7\x1a\xe5\
\x82\x8b\x95\xf5\xe4\xa7<\x05!\x8a\xf0\xc4\x85\x0bXn\
v\xd4W\xd5,z)y\xd0V\xa3\xa4t\x812\xd7\
\x5cr\xec\xf0\xb0\xeby#\xd9a\xb6\x9el\x8f\x08l\
tn,l\x8f\x8a\xf1l\xc6\x80\xc0^\xdc\xefc\xd0\
L\xaf\xa2\x13\x18\x0d\x02\xdb\xed`\xf3n\x17\xd5\xa4\xa0\
Qo`\xb9\xd5\xc1\x85\x8b\x17a\xbb;\x96\xd7\xe5\xcb\
\x97\x8b\xc7;l\x22a\x8fr\xd8c\x22\xb5Z9\xc8\
\xdb?,\xddn\xab\xf3\xbe\x04\xb6Jk\x0aO\xa6Y\
\xac\xed\xec\xd8Dfjv\x06&6\x89!\x09\xebD\
\xba\xdd\x5cJP\x07\xbd\x1f\xab\x8b\xb9\xad\x9efV\xd2\
\xef6\x7f\xd2\xa6\x1ffs\x197\x02v\xcd\xd8\xef3\
\xaaz\xebR\xa9\xac\xc5\xb5\xb9\xea\xe8\xb1\x14\x8a\xb4\xdc\
\x99\xc4\x8f\xd1#@\xae\xdd\x8f=\xd6\xab*j\xe7>\
0`J\xbb6\xa4\x94 %kh\xc7\xd7\xfa\xa3+\
ss\xc5\xee\xaf\xdd\xef\xb6\x03\xb4\xdcl\x16\xbf\xed\xb3\
~\xc3\x1e\x8f\xad\xfa\x87\xab2\xed\xf1 \x09\xb2\x14\xf3\
&i\xc6\xaa\x9f\xf5yQRG\x06\xe2\x91G\x1e\x05\
\x19\x15/F\xb0\x17&dE\xcc\xc3\xfd\xb2\xb6o$\
\x87[\xbb\xa3Q\xfaf\xad\xb4\xf3cq\xcc4\xa9\xec\
f\xbaL\x0e\x01\x9b\xa7LNk\xc6\xb8%$A\xae\
\x89\xadZ\x99l\xd6$\x8b\xb3\x91l\x96~\xd2\xc3\xad\
\xf3\xea\x97am&\xd7\xf8Wi\x86\xc5\xad\xfc\xabx\
\xc3L\xb2\xcc\xd3\xe2Wq\xec\xb14\xb3W\xa6\xed\xc2\
\xd8\xa0mq\x02\xed{E,\xadV*-\xae\xf9\xd8\
ov\xa6\xea\x09\xec\x7f\xd4X|\x92\x85\xdd&\x8e6\
q \x09h\xb53\xd5l\x93$\xea\xf5\xba%+\xc4\
vsL\x0a\x87\xbe\xcc\xde+\xf2Zw\xd8D\xc1\xc4\
\xf2\xb0zZ\xa0\xd9sU\xd0v\x91l\xc2b\xf5\xb2\
\xba\xdb\xef\x80\xcd\x9e$\x89\x8a\x0f\xc5\xef\x85,~\xe5\
\xb6\x89\x8f\xe5eJ\x98\xd5\xd3\xdcU\xfd-\x9d\x89\x95\
a\xa6\x89\xa55\xd3\xa4\xd7n\xee*\x9e\xf9\xef\x85X\
\x9e\x1b\xc9^\x941\xcay\x90\x5c\xd7\xef\x90k\xee\xde\
z\x1b\xa3\xca\x9d\xe9d\x9a[\x97\x99\xbd`\x5c\x13M\
\x14\xbb\x8b\x16^\x5c\x8b\xda\xe7\xebfy\x91o\xe1\xa7\
\x88v\xbd\x98\xc2\x9c\xcb\xa3L\x9b\x17\x8aP\xbf]\xc1\
\x9b\x1e\xe4\xe0:n\x9ap\x1f\x22\xf4\xd7\xbf\xdf\xbdY\
\x91\xfd\xf1\xfb\xdd\x9b\xa5\xdf,\xbc?\xbf~\xb7\x8d\x1d\
v/\x9ai\xf7fe\xafL[hI\xd3\x95R\xa8\
\xcd\x11\x9d{s\xd9\xbdm\xa6\xbc`;\xbf\xe6m\xbb\
6$\x0b\x85\xa6x\x8cM\xfdA\xb9X\x12\x8a\xbe\xc8\
\xd2X9v\xff\x9bY\xf5S$W\xaf\x15\xb2\xb4\x93\
\xa5ieX\x9d\xed\xbe'Y\xf4/\x96\xd6\xfc\xac\x8e\
\xa9v\x95\xac\x5c\xbb\xbe\xa6\xa4dY\xb9\xf6\xdb\xa0\xba\
v\x9c\xecZ\x83}h_+b\x9e&+\xce \x93\
dQ>\xb9f\xca{K\x07\xb9q\x1ar-\x9c\xbc\
\xda>\xa8\x10r-\x9e\xb5s7b\xac\xc82\xbf\xaa\
,\xb2t[X\xe5\xb7_\xe6fu\x1fT.Y\xd6\
\x8f\xe4\xc0>\xa27\xcfA\xe9\xff\x7f\xf6\xde\x03\xd0\x96\
\xab*\x1f\xff\xd6\xb4Sn}-\xbdQ\x04\x04\x15\xff\
\x82\x0aV\x10\x09\x90\xd0\xa47\xe9\x10 @\x0a%\x09\
!\x09\xa1%\x84@\x08\x09\x02\xd2\x91\xaatD@\x9a\
\xa0\x88\xc8\x0f\x15\x14\xa5\x93\x9e\xd7\xdf\xed\xa7\xce\xcc\xff\
\xfb\xf6\xdc\xb9\xf7\xdcs\xdb\xeb\xe5\xbe}\xee\xac\xd9}\
\xed\xb5\xbf\xbdg\xceZ{\xcd\x99\xbb\xa7yfE\x7f\
\xc2CdV\xa4\xf7\x94\x8f\xaf\x7fx#\xa0k\xfd\xf0\
\x96\xd0K\xe7\x118\x9a\x11\xe0\x8d\xb7\x1c\xbe\x99\x95Q\
\xf7\xe5,\xc3Cdf.=W\xb8\x17\x11\x19>j\
f:\x91zo\x0c\xfara\x16\x9c\xb2J\xc55\xa5\
2\xab\xb4\x14[\x85\x22\xb3\xb2%v[\x16\xb3\xf96\
\xf0\x9f\xc3\x1a\x01\xb3\xf9\xb9\xea\x89\xae(\xb3\xbc==\
z\xe5\x5c\xdd\xa5\xf2\xe6\x0a}\xc4#\xb0\x9b\x08\xe8\xfe\
#\xea\xafn\xf4\xee\x98\x05\xd0\x8a\xf5k\xad\x1f\x1d\x9f\
\xf6\x08\x1c\x9d\x08\x04G\xe7\xb05\xea\xb5ARDW\
\xa2\xb51\xca\xa3{\x14f\xfa\xda^\x1a\x033\xee~\
\xf5\x90\xd9\xf2u\xc5AFM/\x95\xff,Oe\xfd\
\xa4\x9b\x83\xd6V\x7f\xbe\xd2\xca\x17)\xbe'd\xb6\xb2\
|{\xc2\xcb\xd7=\xbc\x10\x90q\xb3\x94DK)\xa4\
K\xd5\xf3yG6\x02\xe5}E\xf7\x14Q9\x1a\xdd\
G\xcaxo\xd8\x9fo\xb6\x17\xf7\x86<\x80\xd6\x97\xd6\
^N\xaf\xb3\x99\xc1L\xd4\xdb\xd3\xf2\xf1^cH\xf7\
\xb3\x92\x96o\xe1K<\x02\x1e\x81#\x11\x81\xfe\xfb\xcd\
\x918\x06/\xb3G`M \xd0\xfb\xc5\xdb; 3\
sI\xb3\x22t\x89\xd9\x93\xd9\xe2\xbc\xd9\xa2\xdd\x0e\xa4\
\x98\x88\x8c\x028\x85\x85-\x152X\xf60+\xfa5\
3*\x17E5F\x8b\xc8\xec\xd9\xcc\x5cl6p\xf1\
\xf2dV\x94\x95i\x1f\x1eY\x08\x98\xcd\xcf\x9f\x1ea\
\xdaS\xe9\xf7\xa6\xcd\x9e\xf6\xe1\xeb\x1f\x1c\x04\xb4\x12D\
\xfd\xbd)o\xa9\xfb\x88\xf2\xfa\x15\x0f3\xd5\x9e\xe7`\
f\xbc\xaf\xd8|\xc6*\xb1\x1c4zXG!\x03\xb6\
\xd5y\xf7IF\xce\xee\xd7\xf65=\x02\x1e\x81#\x0d\
\x81\xfe{\xce\x91&\xbf\x97\xd7#pD#\xa0/\xd9\
\x92\xca\x81\xe4\xa0\xd5\xa1D>\x1b*\xdeGe\x1b\x85\
**C\xc5w\x97t\xf1K\xf1(I\x06Oo[\
\xe5\x070\xaa\x11$*\x1f\x01)dZT\x96\xa1\xef\
\xc3*0[\xac\xa4(\xc7Lg\xcc\x95\x9b\x15i\xf8\
\xcfa\x8b\x80\x99\xb9\xf92+B\x09\xca\xa8\x02\xe6\xbb\
`\xc9\x93v\xdb\x97*X.\x7f\xa9\xba\x87C\x9e\x97\
a\xf7\x11\xd0\xfdC\xa4{\x83\xa8l\xa9\xb81\xe1\xa8\
\xef\x96ff\x5cG\xc6\xd2\xe20\xb3\x05\xe9\x22w\xf9\
\xb3\xbc9Y_\xb1\x1e\xb7U^_W\x0bk\xf5\x14\
.u\xefT\x9eha#\x9f\xf2\x08x\x04\x8eT\x04\
\x82#Up/w\x81\x80n\xc8+QQ\xcb\x9f\x8f\
\x14\x04z\xbe\x83\xe7D\xd6\xfc*\xd1\x1b*\xae\x1f\xed\
\x96\xa4tI\xaa\xbb\xbb\xa4\x1b@IRJ\xfa\x95\x15\
\xb3B\xf90[:,\xfb1\xb32\xbabh\xb6{\
\xf5Vd\xe2\x0b\x0f;\x04\x962b\x96Z\xcb\x87\x9d\
\xe0^\xa0\xbdF@\xf7\x0d]\xcd\xe5=\xa3\x9f\xd1\xee\
\xe4\x8bG\xd9\xceL\xdc\xca\xd4\x9e\x84\x05\x17\xed\x0d\x95\
\xf7\xc0,E\xb9e\xb4\x22#\xb5)+\x94m\x15\x96\
y>\x5c\x84\x80\xcf\xf0\x08\x1c\x91\x08\x14w\x89#R\
t/\xb4G`m!\xb0\x9ar\xa8/a\xd5\xe95\
p\xf4&$\xbd\x91H\xa47\x12\xa9\xceJ\xa8\xe8\x82\
/i\xa5z*\x93\xf1\x13Z\xe0<;f\xe6v\x5c\
\xcd\x8aPo\xad\x11\x991\xad\xca$#-u\xb0\xca\
\xa2l\xb3\xe5j/\xaa\xea3\x0eC\x04\x96\x9b>\xf7\
\xdb\x89%\xe4u\xeb\xb6o\xca\xb5\xfb\xbeDU\x9f\xb5\
\x06\x10\x90\xa1S\x0eC\xf7\x91\x92z\xf3\xcbr\x85f\
\x0b\x17\x87\x99\xb9\xfb\x8d\xcav\x87\xca{\x9f\xee\x7f\xc5\
\xfd1\x87\xde\x1a\xb8;mUG\xed\x14z\xf2\x08x\
\x04\xd6&\x02\xd2{\x0e\xcc\xc8<\xd7e\x11\xb8\xfe\x93\
\x1f\xb5e\x0b}\xc1Q\x85\x00\xbf\x92\xdd\x0e\xe4\xeb^\
~\xde\xdc\x9a\xc80\x17\x05hl\xe4\xdc6w\xcab\
\x99\xcf\xb4\x94J=\xae\xa1/i}\xb9+\x14\x81\x9f\
2dt\x99#s\xf9R@\xe0^\x1c\xac4\xc9\x0a\
\x0a\x5c\x1e\xab(\xad\x80\x1a\x8a\x99\xc1l!\xb1\xc8\x1d\
\xe5M\xa4\x08\x0bIU`f\x0a\x1c7\xc5\xcc\xcc\x8d\
\x15\x94\xdf\x15\xec\xc3\xa9\xe8k\x1f\x18\xf8\xa6\x0e\x01\xb7\
\x8e49L\x95\xd3R\x86\xccrs\xae\xb0\x9f\xb8$\
\x5c\x96\xe6A\xa4\xb5T\xe6\x01\xb3\x0ci&\x8bW\xc6\
\x10\xee3\x9f\xef\x92\xfet\xc8\x11\xd0\xfck\x8er\xde\
g\x0aa\xdclb~.\xd1w\xb9f\xd0\x5c\x17u\
Q\xccl\xae6\xbd9\xbd\xe92\xbf',\xef+9\
\xdc\xbd\x01\x81\xf5\x14\x02f\x0b\xd3X\xe1S\xcai\xb3\
2\xe8\xde\xa7\xfb\xa5\x8c\x9fn\xae\xbb\xeblc\xb1\x14\
)\xa9\x90\x94\xcd\xc63\xc6\x15\x15\x89\xdf\x5c2c\xfb\
\xd9DYGX\xa9\x9e\xa8\x17\x07\xa5=\x1d\x89\x08h\
\xad\x8a\xdcj\xe0\x00\x14\x8a\xb88\x99\xf2\xc7\xdaA@\
\xb3\xbcvFs\x04\x8e\xc4\xcc\x96\xbc\xb9\x177\xed\xd5\
/8\xb3\xa2\xbd\xd9\xd2\xe1\x11\x08\xc9~\x15\xd9li\
\x5c\xcc\x8a\xfc\xe5p6[X^\xd6\xeb\x0f\xe5\xdd(\
\xc9\xach\xd3;\x00\xb3\x22\xcf\xccPRY_a\x98\
\x84\x08\xa3b\x9eu\x16\xd9,\x83\x1c\x01c\xf4\xac\x84\
\xb1S\x0afZM\x17v\xf3\x0c\xe3\xd3Sp_\xbc\
!\xcb\xa3\x10Ad\xb0\x10\xcc\xcbX'E\x9aw]\
\x08)\x16=d\xfc\x866\x03\xd7\x1c{\xd27;\xdb\
`\x96\xd4>\x08\x8a\xb2\x90\xf5\x94\xddi5\x10\xb1\x81\
\xe2y\xb7\x0b\xf6\xc0\xb6<\xb3\xbcZM\x10RI\xca\
\x98\x1d\xb3\x1d\xc8\xd2\xcc\x10\x88\x09\x80v\xb7\xc5\xac\x8c\
\xc4\xfaL\x0f\x0e\xd6\xdd\xffM\xd0\xff\xe6\xd1\xff\xdc`\
\x16\x10\x18\x9cfEY\xf2\x05r\x9a\xe3\x13\x87!\x22\
\xf2\x0b\xc9\xb7$u\x05*\x22Fe\x06Pjy\xca\
\x09\xd2Jdf\x1c\xcf\xf2\x84U>f\xcb\xb75[\
\xbdl\x15\xf6\xab\x16\xf7\xaf\xc7\xfe\xf4j\x0crjq\
\x191\xca`\x84\xd48W\x01c!\xcc\xcc\xe1\x1f\x12\
\x7f\x91\xe6\xd4\xcc\xd0\xfb\x09\x98\x083@\xcb7\x82\xf1\
\x0f\x5cn\xb9\x9bc3s\xed\xbb\x5c\x13Y\xa6<\xae\
\x01\xf6\x95g!\xcbYF\xe54 \x99\xb1]\x0f\xe1\
0\xfb\x98-\x94\xcfl\xcf\xd2\xfd\xf3\xd1\x9f\xee\x1dn\
\x7f\x99\xd2\xbd\xe5K\xc53\xa4\xee:\xef\x0fs\xe6;\
\xcas\xe2\x9d/\xbaJt-\x99\x19Z\xdd\x0e\xa2j\
\x0d\x01\xef1\xa1\xc8\x02w9&\x11\xef9\x1d\xddC\
r0\x0b\x5c\x22\x5c\x1f`<\xe0)\x07\xb2\x94<\x19\
\x02\xe4\x0f\x84\x06\x98\x85\x00s\x01\x83\xfe\xdfM\x14%\
\x08\x82\x88Y!t\xdf\x01%5^\xe7\xaa\x1b\x19\x10\
2\x12\x84\x80\xeb\x90\xf9e\xa8\xfb\x80\xfasD\xf9Y\
\x03\xec\x15\xba\xde\x17R\x80\xb4\x93\xa1\x12$\x90\xbc\x8d\
\xe9\xa6\x93ell\xcc\xfd\xdf'y\xbb%aJ\x06\
\x0as\xf6\x0f\xdec\xf2<e=\x12\x94\x0btgC\
\xad\xf1\x00\xc6*9\xf24\x83\x99\xb1%\xa5f\x90\x92\
TO\xad2\xc94K\x9a\xa3\x92\x5c\xe5\xdd8\x99\x99\
\xe3m\xb6t\xd8\xcb\xc2l\xe9:fE\xfer}\x9b\
\x15\xe5\xbd\xbc\x96\x8a\x9b\x15\xf5\xcc\xf6_\xd8\xdb\x8f\xd9\
\xca|K\xf9\x97\x0b{y\x1d\xf8x\xc6.\xb4&D\
\x8a3\xe9\x8f5\x83@\xb0fFr\x84\x0e\xc4O\xc0\
\x11:q\xfbM\xec\xd5o\xaa\xcdv\x0b]~\xf9\x0e\
\xd5\x07`\xec\xb7A\xa3\xa7Z\xad\x22\xcb2\xf7\xa5\xae\
\xb0\x97\xf4\xc5\xc1j0Sm\xc5\xe6)\xcf\xcb\xfet\
C\xcf\xe1\x14\x0aV\xcbi\xbc\x00E^\xd1Lq\xa0\
Z\xadP1\xc8\xa1\x7f\xe0'\x03\xa5^\xafCa\x9a\
\xa6\xd0?\x0cT<\x8cP(#F\xc5\xa1\xddA\xa7\
\xddFN\x0b(\x89\x13\xa4T\x8a\xba\x8c78\x86]\
\xbbvahh\x08I\xc2|\xb6\xd7\x7f9\x9f\x97l\
\xe9X.\xa5\xa2\xa7Hb\x8az\xb2|t\x1f\x10\xd0\
\xfc\xf77\xa7M\xd2\x9f\xe5\xd6\x92\x19'\x98%\xee\x9e\
5;\x09\xceVev\x00\x83\x8a\x15\x8a\x14\xcfYh\
fp\x05n\x850\x9a\x07\x8c\x85\x00\xcf\x00\xa8\xdf\x06\
\x8c\xfb\xe3@!`f\x84\xdf\x16\xb1\xd7u\x95s\xf2\
k\xb5\x9a\xbb\x874\x1a\x0dh\x13B\xb3\x91uSw\
\xbd\xeb\x1aw\xf5\xd8\xba\xb8k\x14g&y0\xce[\
\x84\xf6?\x22Y.\xcc\x09i,EQ\x04\xf1L\x92\
*f\x9aM\xe8c\xb6\xb8\xffr\x8d\x91\x85\xaa\x80\xa2\
\xb7\x86YK\x00\x00\x10\x00IDAT8r\x89\x9e\
\x93\xd9\xe2\xb6e\xb1d\xabT*\x98\x9e\x9eFk\xa6\
\x01\xc5u?\x1a\x18\x18\xc0Tc\x06I\xa4uV\xd6\
\xa6\xbc\x8c\xe64xr\x1a<\xb4h\x98\x02S.\x80\
\x0c\x18\xf1\x93\xcd\xa5\x1c\xe1`fN\xa6R6\x17\xaa\
\xd0\xd3\xdaA\x80\xf7#\xcc\xde\x8b\xdc\xa0z\xd6\x86K\
\xfb\xd3\x9aA@\xd7\xf4\x9a\x19\x8c\x1f\x88G\xe0P!\
\xa0/\xca\xb2o3+\xa3s\xa1Y\x91gV\x84*\
03*{\x98\xfb\xe8b\x14\x95\x19N\x9f\xa46\x10\
\xc0\x10\x92\x02\x00)\xd3\x9dV\x1b1\xb7D\x9bT&\
\xb2Y\x83'e\x01\xa3\x90\x02\x03\xde\xbc\xcd\xd8\x82\xa4\
/q\x11\x9b\xba#c\x9f\xda\xe9T(r\x99\xeed\
<\xcf\x93Y\x00#1\x13\xea\xa3\x97\xa4\x14)\xad\x9d\
P)I\xadVW\xd5\x1cEq\x0c3s\x0a\x942\
B\xca\x19sw\xb7\x96T\x5c\x9ez\xe8R~\x8dM\
J\x91\xea@\xf2\xf2K\xc7H(\xa9(\xa02\x128\
*\xf33j\x1c9\xeb\x8b\x5c\xdel=\x1f,\x8d\x80\
\xd6\xe5Jd\x5cO\xfd-K\x85O\xf9f\xe6\xe6\x93\
\xab\xc1\xadA\x97\xc7\x93\x99\xf1\x0c\x96\xc1}\xcc\xcc\xc5\
\x83\x00.d\x92\x1e\xc1\x80q\xe5/$\xf8\xcf~D\
  \xaf\xc5\xa4\xebC\xc4Bwd<\x17T\x5cO\
\x19\xaf!f\xb9\x0d\x8b\x94\x1b\x11\xf2\xbc\xe8z\x14U\
\xe3\x042Zd<8\x83G\x15\xfb)\xcf]N\x1c\
\xc1q\x92\x04\xa9<A\xbc\x09\xa9M\x18\x86nS\x03\
\xe5'\xd0\xfd\xc8x-\x03\xb9\xbb\xaf\x04.4^\xef\
\xbd4\xcf\xadh\xc8\xcb\x1d\xa2\x8c\xbd\xf4\x93j\xe8^\
\xa4\xf5\x9dp\x03%\x8eC4\x9b\x0d\x8e\xa9\x81&=\
\xdf\xc6\x0a\xb9\xa3\x1c\xe5\x9f\x91O\xe0Vr\x08\xe3\x9f\
+\x9f\x1d\x0b\x0e\x8b\x8f\x17\xc2#\xe0\x118\x10\x08\xe8\
\x1eu \xf8z\x9e\x1e\x81\xa3\x02\x01}\xd1\x8a\xfa\x07\
k\xc6\xaf\xd2Y*\xcb\xcc\xccE\xcd\x8a\xd0%x\xea\
W8{/\xca\x9c\xcaC\x12\xc5\x08CC\xabC\xaf\
\x09\x0d\x85\x81j\xcd\x19 \x11\x15\x086\x9f;$G\
Is\x99\xb3\x11\xe5\xcfF]\xa0\xb4H\x8fe(t\
\x99K\x9c:T`\xc20\x9c\xf3\xe6\xcc\xcc\xcc8\xa3\
E;\xa8R\x8cB*.2\xbc\xa87\xcc\xb5\x96\xc1\
#e\xa9\x9bv\x91j\xebw\xb6D\xca\x93\xda\xe7\xf4\
\xf6d\xf4\xf6tZ-\xf4\x8f}\xb6\xea\x92A\xbf\x9c\
J\xafFK2\xf2\x99\x0b\x10(\xe7\xc0\x16\xe4bn\
n\xcc\x0cf\x06\x19\xb7\xe0\xc7f\x89\x01\x95H\x9d\xc1\
r@\x09Vsq.W\x869\xc9`\x5c\xd0j\x1b\
\x9a\xe2\xb3y\x8a\x93\xd8\xca\x1f+ \xb0\xda\xfa^\xad\
\xdc\x8c\x98\x93\xd4\x85\x8c\x862T\xbb\x8c\x13\x16\xb0\xac\
BCA\x94v\xda\x98\x99\x9a\xc4\xe4\xd4\x04\x1a3S\
\x98\xe1\xb5\x9e\xbbG\xbe\xdc\xd4\xaa\xe9<\xf5\x18\x08Y\
\x0e\xb4\xda\x19\xef\x11!\xaaIL\x0fQ\x9b\xf52\xd4\
\xe8u1\xeb\xed\x9f\x0b\x81\xc6\x86\x8c\xae\x9c!+\xed\
\xd5\xd1;\x0ey\x87\x13\x1a9z<N\x9ef1\x94\
\x01$\xefN\xc6\xf1Q4n\x00\xe9\xac\x12\x8e\xa3G\
n\xe5\xa8DX\x88\x94\xf6\xe4\x11\xf0\x08\x1cf\x08\xec\
'qt\xf7\xd9O\xac<\x1b\x8f\x80G`)\x04\xcc\
lQ\xb6Y\x91g\xdc\xd9,\x0b\x8b\x9c25\x1b\xd2\
\xd8\xd1N\xa9\xca\xba\xed\x0e\x06\xaa\x09\xea\xb5*\xa6\xc7\
\xc70P\xaf\xba\xdd\xf3\x90\xda\xa4(\x80\xc1\xcc\x5cC\
}ygl\x0b\xa7T\x04\xc8\x19f\xd4\x12D\x8a\xf7\
R\xc6\xb2Te\x0c\x15\x17\x99\x8503G\x09\xbd2\
q\x18C\xdb\xb2a\x10\xa0V\xad\x22\xa1\x07GJE\
\x18\x19\x95\x1cs}\xeaQ\xb7N\xbb\xed\xe2l\x08\x19\
IsFO\x9ea\xc3\xe8(\xe5\x05\x86\x07\x87P\xaf\
T\x91u;\xaen\xa9l\xbb\xc4\xdc)`L\x04\xa7\
\xac\xa4\xe0\xae0\xc7\x99\x91\x14\x17)\xceJ\xfe8\xc0\
\x08\x14\xb3\x0b\x98\x951,\xfbQ\x95\x92\xc2 \xe0|\
\x07\xe8]\x9bfF>9I\xa1\xc1\x7f\xf6\x0d\x01\xe3\
\xfd\xa3\x97\xc0k\xb8\x972\xf0\xba!\xc9\x9b\x92\xb3,\
7^O\xea20\x98\x89r\xce\x0f3x-f\xf4\
\xf0\xc8\xab740\x88a\x92\x0c c\x91\xf2\x142\
:\x7f\xb0_^\x98.\x1d\xf22\x8d\xe3\xc0yrb\
\xde\x17\xa2 t\x9eg\x19\x1ff\xe6\xfa\x81\x85\x10\xe5\
\x94\x01\xa4\x8c\xd7q\xc6P\xf1\x95\xe47\xb6\x13\x81\xf2\
\xe6F\xd9I\x19\x0d\x16g\xc80L*\x11\xc5\xc81\
99\x09\x19k\xfa]\xa0\x0c m\xc4\xe8\xbe\x89\xd9\
\x8f\xee\x87\xba\xcf\xb09\x99\xe4\xb3\xb9\x0b\x03\xd5QN\
\x19*\xee\xc9#\xe0\x11X\x1b\x08\xf06\xb56\x06\xe2\
Gq\xd4#pH\x00\xd0\x17\xa3\xa8\xbfs3\x83\x99\
\xcde\x9b\x15q\xb3\x22T\x81Y\x11\xd7\x0f\xb5\x95^\
\x8a,\x8a\xf8%N\xa3 \x03\x0d\x9d\x1a\xd4\xa21=\
\xc3\x9d\xd7\x19\xf7\x9c\xba~H\x8b,w\xbb\xf0\x01\x95\
\xcb\xc0\xd5\xd0\xf7y\x0e\x19;\x92M\xd4\xcb\xbb7\x9d\
S\x83\x90\x22\xa4\xf22\xdfL\xbd('\x80x\xca\x88\
\x91\xe2\xa2\xf2D\xbb\xc0Q\x8c\x8c\x1e\x9f)*\x18\xdb\
\xb7oG\xa3A\xf9X]\x86MH/\x10\xa3\xee\xb0\
YY\xa20rJ/\xb5\x12\xe7\xe9\x99\x1c\xdf\xc5\xb0\
\x03\xfd\x06)\x90\x05\xc5\xda\x01i\xa9C}\xf6\xe6\xf7\
\xa7{\xcb||1\x02\xc2k%Z\xdcba\x8e\xda\
.\xcc)RV\x04\xee\x9c\xbb\xf3\xfc)d\xa1H9\
f\x86\x90\xeb@\x8fI\x99\xb1\x00\x0b?\x99\x9e\x91_\
\x98\xe5S\xfb\x11\x01\xcd\x9fH\x06\x82\xd8j\xae\xcc8\
\x0f$3\x1aB\xdd\x94\xf7\x97\x16@ok\xad\x92`\
p\xa0\xce\x8d\x8c\x90\xc9\x0e\xef/\xd3\xee\xe5 \xbc\xad\
@\x1f\xde*\x00\xcd\x17\x9bsJ\xa1\x8f\x0c\x0b]\xbb\
\xca\x9a\x99\x9e\xc4\xd4\xc4\x18\xbai\x9b<\x22\xf2mC\
\xf3\xaez\x01T\x0303\xe4\x08\x002\xd3\xbd\x07\x8a\
c\xfe#\x83d>\xb58&\xf9\x95[\x86\x01\x0c\xa0\
\x978\x89B\xe8w\x8c\xad\xe6\x0c&&\xc7\xb0kl\
't/2n\xb2\x04l \xbe\xc2\x81\xd1\xe2\xc8s\
\xe8\x8f\xad\xf1\xfa\x97\x9eoeY\x19\x16\x95\xfc\xd9#\
\xe0\x11X+\x08\xe8>\xb0V\xc6\xe2\xc7\xe1\x118d\
\x08\xf4~I\x9a\xe9+t\xb1(fE\xbeY\x11\xf6\
\xd7P\xae\xa8?_\x06F\xab\xd5FD\x0d\x92\xdf\xd1\
\xeew>_\xff\xfb\xcfY\xb7\xd3\xe1\xf7|\x07yJ\
cC^\x1c\x1a=\xba\xa0\xf5\xc5\x0e\xc6E\x8a\x8br\
*\x17p\x8a\x85j\xd0\xc4`:#\xa9/\xc9.\x83\
G4_G%J\x19\xda\xcd\x96\xebG\x0a\x85vy\
el\xe5i\x97\x9e\x9a\x11lZ\xbf\x816L\x8en\
7s\x0d\x82(ta\xcat\x9a\xe6\x90\xc1\xd5e]\
\xf5\xaav\xf7\xfc\x8d{\xd03UAkz\x0a\xcd\xc6\
\x0c$\x1b\xa5a\x98Q:\x91\xfa$\xe5\x05\xf1L~\
\x01\x15\x13\xea4y\xceP\xcaRI,\xf2\xc7\x0a\x08\
\xec}\x91\xe6E\xad\xdd\xda \xee\x8a\xf7\x92\xb24\xa7\
\x9a\x11\xe5+\xad\x90\x13\xe4\x02\x9d\xb4V\x02*\xa3f\
\x06\xb3~\xe2\x04\xab\x92\xa7}@ `\xdb\x85d\xf4\
\xb8\x88\xc0P\xa4k\x5c\xc4\x8a\x0b\x8e\x9c\x9e\x12\x19\x22\
\xf5$F\xcc\xb9\x11\x85\xc81Ice\xf3\xad\xb7\xd0\
\xd0i\xe0\xd8c\x8e)\x0c\x86\x05-{\x12jGO\
N\x993:4\x8c\xc1\xfa\x00\xf4\x9b<\xbd\xe4\xa0F\
\x8fp!\x9d\xb9*\xe6\xa6\x5cq^\xbf\xc6\x92\xd9\xfb\
\x8f6{D\xe0\x1d@dy\xc0\xfb\x01\x0ab\x1f\xe8\
\xfd8c\x8b\xf7\x1a\x86y\x9e\xa2\xddn\xb24C}\
\xa0\xc6\xd69\xa6'&q\x8f_\xbf;\xef\x89\x19L\
\x7flo\xc6\x98\x85\xe4\xc7\xfbH\xc6\xbeKb\xffs\
\xeb\x96\x5c\xfc\xe1\x11\xf0\x08\xac]\x04\x82\xb5;4?\
2\x8f\xc0\xa1G\xc0\xccV\x14B\xa5\xa2\xcb\xaez\xb3\
S\x05\xfa+w[-\x80\xde\x12\x19\x0d*kN7\
\xb1i\xe3F|\xe9k\xdf\xcc7\x0c\x8f\x22kw\x91\
\x8bhP\x84\xdc\xc5\x94B\x11\xb2O]\xd8\x22\xb5\x11\
)_\x8a\xab\xe2\xabQ0\xe7m\xc9\xd9u\x88\xd0\x80\
J\x9c\xa0^\xad\x014b\xb4\x83;P\xa9\xe23\x1f\
x\xaf=\xe0\x01\x0f@\xbd\x9eP\xe9h\xd3\xe0\xe9\xce\
\xb1\x96\xbc\xdaY\x95g(`.Y`\xdd\xd0\x00\xce\
~\xc1\xf3\xf1\xb03\x1e\x82\xe3\x8f;\x063\x13\xe3\x08\
\xa9m\xe8\xf5\xc5R\x8c%cIl\xe2\x0e\xe5+\xa2\
\xf6\x0a{I\xe3\xc9ss\xc6V\x11\xcf\x17\xc5{\xeb\
\xfb\xf8\xf2\x08\x08w\x95\xf6\xe2\xac<\xe1/lUV\
\x86\x9aO\xc5\xf3%W,kf\xb3\xc4  \x93@\
\xeb\x91Ds\x959\x198e\x0c\x01\xb3\xde\xde\xe0?\
K P\xe0\xbcx]/\xc8'\xde\x0b\xd2\x9c\x982\
\x8dLm\xd3\xb9\xeb\xc2\xcc\x1c\xee!\x8a0\x0ax\xfd\
t[0\xde?\xe8n\xe5\xfd\xa4\xe5\x1e\x8f\xfd\xb3\xfb\
\xff).\xbe\xe8\x22\xe7\x915\xca\x15\x90\x16\x1d,0\
\xe3\x89\xfdE\x0c~\xeb\xb7~\x13\x9f\xfb\xf8\x87,\x89\
C4g\xa6\xb89\x138\x03D\xf7\x13\xe3=\x85U\
hp\x88K0\x1b\x02\x01\x0d\x0f\xe5\x88\xb4\xd6\x14\x82\
u\x8b\x10\xae\x9e\x99\xa1\xf8d.\xed\xe2\x1c\x97\xeaE\
\x01\xd0\xed\xb4i\x9cM;C\xadZ\x89\xf1\xc4\xc7?\
\x0e\xa7\x9et\x22\x8b3\xf6\x8f\xf96\x00@*\xb1Q\
\xd8\xd3\xbd\xc3\x88\xc5\xfe\xf0\x08x\x04\xd6 \x02\xbcU\
\xac\xc1Q\xad\xa1!\x99\x19\xccl\xd1\x88t\xa3\xee\xa7\
E\x95\x8e\xd2\x8c~\x5cVJ\xef.Df\xe6\xe6\xc1\
\xac\x08\x9d\x12\x1f\x04\x0b\xf2J^\xbd\xfdI\xe9/\xf3\
\x15\x9a\x99\x02\xd7N\x91n'C\x92$\xb8\xfc\xe5\xe7\
\xdb\xf4L\x0b93\xe5\xa4\xa1\xfe\xe0\xbe|#\x961\
\x82j5\x81\x9eA\xaf\xf0\xcb\x5c?\xee\xff\xa3?\xfc\
\x03\xfc\xf5;\xdf\x8e3\x1e|:6\xac_\x87\xa9\xb1\
1\xe4\xf4\xf4T\xe8Y\xc9\xdbm\x88\xe20@D\x19\
\xd5\xae\xd3!o)4(>\x92\x22\xa0,z\xf4\xa3\
\xdb\xa5\xc1\x94f\xce\xa0\xa1\x0b\xa7\xf8a2\xd35\xee\
\xcc\xb6\xa6g\x90D\xb13t\xf4\x88\xc8\xf4\xe48N\
>\xe1x<\xfeq\x8f\xc14\x07z\xec\xa6u\xd0\xa7\
\xae\xdf\x0fE\x91\xa2\xa4\x00q\x92@\x9f\x94\xde\x1d=\
\xc6\xa6\xb8^\xb00R\xab\xe2\xb1\x8f|8\xce{\xd1\
\x0b\xf1\xc4\xc7>\x86\x8aJ\x0b\xf2\xf0d\x94MFU\
\xde\xed \xa0\xd1\x16K\x8b\x99\xdd\xbd\xd5x\xd9\x15$\
o\xc0\xf1\x98\x19\x84k\x97r+]\x92\x999\x5c\xcd\
\xe6C\xb5\xeb%\xc9\xd1KeYo\x9e\xe2f\x05\x8f\
\x92\xf7ra\xd9~\xb9P\xbc\xf6\x17-\xd7\xc7J\xf9\
\xc2IT\xd6\xe9\x95\xc5\xcch\xc8\x1a\xf4)\xcbUW\
9f\x06\x8dY\xf9\xeb\x86G0\xc5\x1ds\xe5\x83\x9f\
f\x8b\xeb\x85\x0b\x94U\xdc<P\xab\xe4\x12MYR\
\x1c,b[p\xed\x85\x9cK\xcc\x19\xc1qX\xac\x0f\
\x93\x01\xc4y\xd4\xba,Z,<\x9b\xd9\xdc<J\x86\
\x92\xcc\x8a\xfc\xb2\xb6d\xdb\x1b*\xdb\xef\x8f\xd0\xac\x90\
\xc9l\xef\xc2\xd5d(\xc7^\x86f\x0b\xfb)\xf3\x03\
#\xd6$3+Xr\x12r\xdeH\x8c\x86C\x97\xf7\
\x05N\x10\x12\x1a!ty\xa0\xddj\xb8\xeb.\xcf\xba\
\x9c\xba\x14\x03\xb5\x8aK\x8f\x8f\xed\xc4\xe7?\xfcA\xbb\
\xec\xe2\x8b\xf1\xbc\xe7<\x0b\xebG\x87QI\xc2\x82\x1f\
\xcf\x81\x05:\x17\x14\xc6\x00=0L`zz\x1a\x1d\
^\xb7\xc7\x1f\xbb\x11\x13\xedn\xfe$\x1a\x1b\x1b7\xac\
\xc3\x8e\xed[Q\xe1FM-\x8a\xe8=\x022\x1a%\
\xc8R\xdeg\x22TxO\x01\xef1f\x86J\xa5\xe2\
\xeemz\xbbd5\x8e\xdc\xef\xf9d\xf8\xe8\x16 C\
Im:\xad&:\xf4\xe2h<\x01\xef\x92\x0ac\xca\
SO\x124&&\xd0\xe4}\xea\x01\xf7\xbb?\xae}\
\xf35\xf8\xbd{\xff.\xc7\xd3\xe1\xda\x06\x8c\x7f\x98\xfd\
\xc8\xc8\xe6\xed\x88\xfb59Q1\x84AQz\xf1\x9b\
\xae\xc9\xa7\xa6\xa6`\xc6<\xca\xdb\xe6\xfd3\xa6\xc7*\
#~\xbd\xeb\x0b\xab|T\xb7\xacbf\x08\xb8\xc6\xb1\
\xc4G\xf5JZ\xa2xA\xd6r\xf5\xcc(;I}\
\x88\xcc\x8a\xb4Y\x11.`r\x90\x13f\x85\x0cfv\
\xc0{.\xf1Y.437\xaffK\x87\xcb\xb5S\
\xfe\x01\x17\xfe0\xe9\xe0h\x11#8Z\x06\xea\xc7\xe9\
\x118\x9c\x10(o\xa6\x83\x83\x83T\xf6\xdb8\xeb\xfc\
\x97\xe7\x03\xf5\x0an\xdf\xbc\x1d\xd0Ui@K\xcaA\
\x8f\xd0f\xe6n\xdc!\xe6\xc3\xa7=\xf9I\xb8\xec\xe2\
W\xe0\xd1\x8fx8\xba\xcd\x06\xb6n\xbe\x95JM\x04\
\xbd\xc4@\xbf\xabi3/d\xbb\x1a\x15\x0a}\x81\x07\
T\x14\xf4\xe5(\xaf\x8bh\xdb\xb6m\xee\x85\x01\x11\x15\
\x92];\xb6Ay\xc7\x1f{\x0c\x95\x91\x10;wl\
\xc7`\xbd\x8ez\x12c\xebm\xb7\xa295\x89\xc7=\
\xea/\xf0\xe6\xab\xde\x80\x87\xfc\xd9\x9fJo\xea\x91n\
\xe9\xa8\xfa2\x16\xb9!\xe5\xa0R\x93\xb9\xe1\xdd\xe9\x94\
\x93\xf1\xd0\x87<\x18\x97\xbe\xe2\x22|\xf9#\xef7)\
Z]*4\xa3CC\x08\x83\x00\xcd\xe9)t\xdb\x1d\
\xe4T\xc8*T\x8cd\x00\xe9\xedP\x8d\x99i\xa7D\
HA\x92\xacT\xa1\xc8\x1d(\xf1t\x09\x7fZ\x16\x81\
^\x9c\x14\xd7\xfc\xc4T\xf0\x84eh\x01\x946\xd3\x8c\
\x15,\xb4f\xa4\xcc\xae[\xb7\x0e\x03\x03\x03.\xb3R\
\x89\x90\x84\x01\xa68Ga\x10\xba<\xfak4\x09$\
p\xfe\xe0\xe6\xb8\x92D\x08\xc9[\x0al@\xe5[|\
fff\x8a\xbcj\xd5\xf5\xe5\x1a\xf7\x9d$W_\xd6\
\xa2\xf9]\xaaN\x7f\x9b\xb5\x96^j\xcc\xca\x9b#\xaa\
\xf0\xbdc\x96Q\xa9\xb2\x8d\xdc\x0c\x89\x02\xc3\x8em\xdb\
\xdd558PC\xc2kJ\x8f\xaee\xed\x16\xb6\xdd\
~;N:\xeeX\x5c\xf4\xb2\x97\xa1\xc5\x06\xbfq\xb7\
\xbb\xa2\xd9\xea\xf0ZMy\xa7\xe9\xe5\xb88.\x83U\
\xf7\xb0\x98\xfcZ\xe4U\xa5A\xf5\x883\x1f\x82\xb3\x9f\
w\x16\x1e\xf3\x17\x8f\xc4\xce\xad[\xdc}$\xe7\xbdl\
tp\x00\xf5j\x05\x9dFal\x0d\x0d\x0er\x0dM\
\xa2E\xefu\x9d\xf7\x99Q\x1aW\xe27>\xb1\x0b3\
\x8d)\xd7?\xe4\xc1\xe1=`\x84^\xe1\xe1\x81\x01\xb4\
\xd96\xa31\x12q\x8dN\xf3~t\xdb\xcd7\xe1\x81\
\xf7\xbf\x1f^\xff\xea\xcbq\xd6\xb3\x9e\x89;\x9c|\x22\
\x0d\xac\x001\xd7gd\x81\x93\xdf\xcc\x1c/\x19S\xe0\
'\xe6\xba\x8c\xa2\x00\xd3\x8d6\xc7\xd9\xc6\xeb^r\x9e\
i\x0c\x19\x8d\x9b\x06\xf9GQ\x043\x83^\xc0\xc2\xea\
\xfe\xf0\x08x\x04\xd6\x00\x02\xc1\x1a\x18\x83\x1f\xc2AA\
\xc0w\xb27\x08\x98\xd9\x82f\xd4%\xe6\xd2\x8a\xef\xdc\
\xb9\x13C#\xc3\x88*\x09&f\x9a8\xf6\xb8\x8d\xe0\
\xe6\xa8S[*T\x08\xa5D\x8a@eE\x0d\x83\x10\
\x10\xc5LG\xfcB\x1f\x19\xa8\xe0\xe4\xe3\x8f\xc3\xb3\x9f\
\xfe4\x5c}\xe5\x15\xf8\xce\x17>k\xbb\xb6m\xc58\
\x0d\x958\x08h\xa8$\x18\xa9\xd7\xa9\xdc\x84h7g\
\xa0\xc7K\xb4S\x1a\x1a\x90q7\xf6$zi\x94\x97\
\xd2\xf3\xb3~t\x9d{\xe4crl\x1cF\xa3h\xfd\
\xba\x11L\xee\xda\x89\x1d[6\xe3\xf4?\xbb?\xdev\
\xed[\xf0\x94\xc7?\x1a\x14\x01\xbaqT\x19QHV\
\x12\xad\x8fT\x12@\x0a\x84\x14\x18\xd5\xa9\xd1h\x92\x92\
\xac\x8a\xea\x7f\xc3\xc8 ~\xeb\xaew\xc6\x14\x81x\xf5\
\xa5\x97\xe0\x8e4\x80n\xb9\xe9\x06d\xdc\xc1\xdd0:\
\x0a\xa3\xb7G\x06\x90<JadXGy\xe4Aj\
\xd0\xe0\x99\x9c\x9c\x10\x1b\xa7\x04\xb3\xb9\x8b\xafv2\x93\
\x14\xab\xd5\xda\xb3r3\x83\xd9\xf2\xb4g\xdc\x0eN\xed\
~\xbc\x96LS\xc9T\xbev\xbce\xe4H\xf1\xdb\xb1\
c\x07\xae\xb8\xe6\xad\xda \xe7n~\x03\x83\x03\x83s\
\x02\x9b\x194\xcf.\xc3\xdc\x19F\x1ei\xa7\xeb\x94\xd9\
\x90F\xcfz\x1aLR*\xa5t\x8a\xaf\xf8\x175\x17\
\x9fU\xd6K\xbd5\x94\xdf\x9b>\x1a\xe2\xfdcVz\
\x8ex\xb7\xc8I\xc2A\x1e\x91\x80\x9e\xd1\x90\xd7/\xaf\
>z\xd7\x80\xdbo\xbd\x19\x96\xa78\xe5\xa4\x13\x101\
\x7f\x8a^\xe0\x8c\x86\xc9\xcc\xf88\x86jU<\x97F\
\xc2\x1b\xae\xb8\x02\x7f\xf0{\xbf\xeb\xaeWyL\x07*\
1\x0dZ^\xe0d\xaa+\x99\xc1\xc2CsL\x92\x0c\
eA\xcc9\xd6}C\xad~\xe3\xae\xbf\x86'>\xee\
\xd1\xb8\xee\x9a\xab\xf1\xa7\x7fx\x1fz\x9ewb\xdb\xe6\
\xdb\xc83\xc7\xc8@\x95\xd7v\x07\x93\x94C\x1b+F\
y\x1b4\x9c\xe5q\xea\xf0\xda\x8f\x82\xd0m\xc0\x0cP\
\xb6\x0e7k\xe4\x1d\x9a\xdc\xb5\xcb\xdd\x8b6]\xfb\xec\
\x00\x00\x10\x00IDATF\xf4\x02\x05\xde\xfbRn\
\x8c\x9cz\xe2q\xd0}\xe3\xb9\xcf|\x06\xfe\xbf\xbb\xdf\
\x95\x1b4\x11\xc7\x09w\x7f23\x1aR\x13\x14-\x83\
\xfb]\x0f\xdb\xd4x\x1f\x0c\xa3\x00S\xce\xc8IQ\xaf\
%\xf4*%\xac\x03\x94\xe3\xd0\xfd*\xa1\xb7H\x992\
z\x14z\xf2\x08x\x04\x8e|\x04\x96\xbc\x8f\x1d\xf9\xc3\
\xf2#\xf0\x08\x1c\xbe\x08\xe8\x8b\xb5\xa40\x8e\x9d\xe2\xb8\
y\xcb6\x84I\x85\xaa\x08\x90\xf2\x9cQ\xfcvJ3\
\xc7\x18\x99=\xcc\xcc)\xd6\x01\x8d\x18QH\x8b\xa1\xdd\
\xec\xa0\x16\xb1\x02\x0d\x83\xd3N=\x19\x0d2\xbe\xea\xf5\
\xaf\xc3?}\xf6\x136\xbek\x07\xf4\x9b\x89\x1d\xdb\xb7\
al\xe7\x0e\xe877\x9b6lD\xccv\x9dV\x83\
\x8aA\x8e\x09*\x1cl\x82Z\xa5J%!GJ%\
(\x0a\xa9&\xa5\x1dh\xd7\xf4\x8b\x7f\xfb!{\xf5\xe5\
\x97\xe1\x9c\x17\x9e\x85\xe37nd\x1d\xa0\xca\xf6y'\
E\x97\xbb\xb5\xc6\xaeW:\xcc\xcc)\xc1R\xa0T\xd7\
\x11\x95\x9b\x94\xbb\xb3y7C\xd6\xcd\x1d\xcf\xfb\xfe\xce\
=q\xf9\xa5\x97\xe0\xe9Oy\xa2\x93\xf9\xa6\x1b~\xe9\
\xe4[7:\xc2\xf2\x1c\xd34n\xf4\x08\x9dQ\x81\xae\
V\xa9\xa4$\x11\x8c\x0a\x9ed/i59z\xcb\xcd\
\x0cf\xd6\x9b\xb5\xe7\xf1#\xb8E\x89\x99\xe6EFJ\
\xdeM\x9d\xa2\x9bk\xcd\xd1\x0b\xa3r\xa7\xf8q\xc7^\
FN\xb1\xf3>\x8a\x8b\xce{\xb1q\x03\x1cz\xb5o\
\xc6y\xcc\xf2\xaeC!\x0cC\x04\x5c\x97\x98\x85\xb4\xd5\
(\xf2\x87\x86\x07\x10Z\x80&w\xcc\x1b\x8d\x19\xd6\xcd\
\xa8`V\x10\xd2\xf0e\x02f\xe6H\xf1\xdd\xa1\x9c\xb2\
\xedN\xbd\xb5RG\xe3\x15\xf5\x8eg>\xcd\xeb\x87^\
\x0f\xa5\x0bJ\xa9\xb4\xa7\x80\x1e\xff\xe4]DF\x04/\
Ul\x1cY\x87\xc6\xc4\x14\xb6o\xde\x8c\x81J\x05\x15\
\xce\xd3P\xad\x82\x07\xff\xf9\x03\xf0\x86\xd7\xbf\x1e\x8f8\
\xe3\x0c\xdeC\x02n\x864 \xe3\xb4B\xcf\x86\x0c\x16\
m*\x04X\xf9\x13\xb1\xae\x0ca\xad\x85(\x8c\x10\x82\
F\x06=.zlv\x90F\xc3\x1dN9\x09\xe7\x9e\
\xfd|\xbc\xea\x95\x17\xe3\x1b\x9f\xfa\xa8\xed\xb8}\xb33\
Z\x86\xeb5\x1a4U\xe4\xbc\xcft\xba-Hf\xf1\
\xd2:\x92'P\xc6\x9a\x0c\x9c\xf5\xebF!Cht\
h\x10\x1b\x19\xd7\xcb\x13bZtO\xff\xcb'9\x0f\
\xf3\x9f\xfc\xfe\xbd9\xbe!\xf0V\x80.\x0d\xa5,M\
)A\x0e\xde\xc10Dc\x5c\xeb;\xe6=\x16\xfc4\
\xe8)\xeed\xe0\xdaM\x10VBn.\xb5h\xfc\x01\
\xcf|\xe9\xcb\xf36\xefG\xea[u\xb5\xeeg\xe8\x81\
\x94<l\xe6\x0f\x8f\x80G`\x0d \xb0\xda\xbdl\x0d\
\x0c\xd1\x0f\xc1#px!P(&9\x15\x93\x1c\xda\
m\xcc\xa9\xf0\xe9\x15\xce\xff\xf2/\xffB3\x07H\xa9\
D\xb6h\xbc 0\xc6Y\xcf\xc0\xef\xf2\x149\x95\x98\
r$lB\xc5\x02\xac\xc2r*\xa8\x83\xd5\x18\x83I\
\x84F\xa3\x85{\xdf\xf3\x1e\xb8u\xd7x~\x16wl\
\xbb\xdc\x01\x1d\x1a\xacc\x1d\xbdG\x01r\xa7\xd0\x90-\
\xea\xdc5\xad\xc4TN\x0cT:\x06\xa0z]*\x1e\
z\xf5\xec\x8e\xed[Q\x8dB\xbc\xf4\xdcs\xdcc-\
w8\xe9d\xd7W\x12\xc0=F\xd2\x9a\x99B\x12\x1b\
\xd4\xbe\x94g\xb9P\x0a\xb0\x14\x08\xcb9.\xee\xf2\xe7\
T\xce\xa4\x80%\x945\xe6.+E@\xd6\xed\xa2\xd5\
l\x22\xe2\xa0\x9e\xf8\xb8\xc7\xe0\xaf\xdez-\x9e\xf6\xe4\
'\xa09=\x8e\xcd\xb7\xdf\xea\x94\x97\x91\xc1!\xa8\x9d\
\xbc<R\x90\x12\xb6\x95r\x22,\xcb\xbe{\xe3e\x9e\
\x99\xc1\xcc\xca\xa4\x8b\x9b\xcd\xa7\xe7\x0a\xd6h\xc4\xcc\xdc\
\x98\x85\xcdR$eP\xc6NF\x0bF\xe5\x82As\
eV\xb4\xd3\xe3kzd\xb0Ece|\xe7.\x15\
\x83\xba\xb2\xa3\xb9vT\xac\xc1\x15\xea\x0au\xe2\x5cG\
a\x88\xe3\x8e9\x16\xb7\xdcx\x93[\xe7\xa3\xa3\xa3\xd0\
:\x90W\xa7\xdbm#\xe2\xfc\x05q\xa0\xda\x8e\xcc\xcc\
\x85\xe5I\xb2\x88v7]\xd6[\xcb\xa1\xf0\x10\xf5\x8f\
1\xa7\xd7F\xf8\xab\xac$7\x87\xdc\x18\x08ah\xf3\
\x1e0:4\x84$\x0c\xdcce_\xfc\xd0\xfb\xed\x82\
\x97\x9c\x8f\xe7=\xfb\x19\xd8Doi$\xe8y\xcf\x19\
\xa8VP\xa7\x879\xa5\xc7\xb7\xdb\xe9`\xb0>\xc0\xd6\
X@X\xe2\xa3y5\xb6\x97\x0c\xa2\x91\xc1\x81\xe2\xde\
\x90w\x10p]TB\xe0>\xf7\xba'\xc6;i~\
\xf6Y\xcf\xc6\xb1\xebG\xe9-\xbe\x9dU;4\x82\xa7\
\xa1{\xc1\xc8\x08\xe5\xe3=!g\xdf)\xef\x111\xef\
?5nj\xb4\xb9)\xb3\x8e\x86\xce\x96[o\xa1w\
h\x17^\xf4\xdc\xe7\xe2}\xef|'\x1ey\xfa\xe9\x18\
\xe4\x1a\xeb\xb6S\xde?r\x04\x190T\xad\xa2\xc2v\
\x1a{F\xe3]\xa2\x9a\x993\xe2\x03.\xdaJ\x12\x83\
\x90`\xba\xd5\x01\x9bA\x8f\x0d\xff\xfc\xc6[099\
\xe9\xd6\xa6\xeahM\xcb\xf0\xd1\xa3u2\xe2J<\x97\
\x0b\xd5\x87'\x8f\x80G\xe0\xf0G 8\xfcE\xf4\x12\
z\x04\xd6\x06\x02\xe5\x17\xe6\xfch\xa8|\xec\xdc\x89c\
\x8e;\x16\x834F\xae\x7f\xdb\xdbp\xfb\x8e1\xe4T\
>b\xee\x92\x9a\x99\x8b\xa7+\xecf\xd7\xa9\x9c$a\
\x80\xc6\xd4\x0c\x0d\x9d&\x86k\x15*\x18\xc0@\xad\x86\
G=\xfc\x0c\x5c\xf7\xd6\xb7\xe0\xf7\xef}/\xecb?\
\xf2\x8e\xd4\xab5\x84T_\xda\x8d&@\xad`\xc3\x86\
\x0d\xf4\xee\xecB\x9cD\xd0\x8f\x80o\xbf\xed\x16<\xf2\
a\x0f\xc5\xf5\xd7\xbe\x05\xf7\xbf\xdf\x9fR\x19i\xd3P\
\x1at<\xa5x\xd4\xc8\xbfN\xa5\xa85=\x05\xcc)\
8X\xf6#\x85\xc1\xcc\x10F\x91\xfb\xad\x86\x94\x09\xed\
\xbe\xc2}2'K\x85e\x03TT\xea\x94\xc18\xd6\
\xa1\x81\x01<\xec\xa1g:\x19\xfe\xf9\xb3\x9f\xb4\x88V\
\xce\xf6m[\x91S\x81\x19\xaci78\x83^c-\
\xa3GlzqU\x5cyK\x91\x99-\x95\xbdOy\
f\x06\xb3\xe5i\x9f\x98\x1f\xc0\xc6\xc2I\x14\xc08\xb7\
\x85\xfc\x91\x05\x08\xa8\x14\x8a\xcc\x0c!IF\xb8\x0c\x14\
)\x84w\xba\xd3\x9d\xf0\xcf\xdf\xfb\x0f-O\xcc\xcc4\
\x11\xd3\xeb\xa3\xdd|\x19J\xe0'\x9b\xf5\xf20\x8a(\
6\xfc\xfa\xdd\xef\x86{\xde\xf3\x9e\x08\xb8\xce\xb6l\xd9\
\xe2~\x031P\xafC\xf5\xb5s\xae\xd0\xccT\xdd\x91\
Y\x11\xcf\xb9\x06\x5c\x06O\x8a\x8b\x18\x9d;\xfa\xd3s\
\x05k8\xd2?f\xa5E\xe5\x90\x8b85~m\x88\
d)\x8c\xa4\xebs|l\x177\x12f0\xb6s;\
\xeet\xea)\x90\x97v\x86\x95\xef~\xa7\xd3\x10\xb1q\
\x97\x9e\x5c\xf7\x22\x03^\xcb\xba.\x8d\xc6I\x12\x85\x90\
\x01\xd3\xe5&\x04\xab\xacx\x90\x95+wk\xc6\xc5(\
\x03y\x84\xc8\x11s>i^ d\xbe#\x1aeg\
\x9c~\x7f\x5cI\xcf\xf3_>\xe9\xf1\xe86\x1bh\xb3\
\xff\x06\x0d\xe91z\x98g\x1a\xd3\x5c7!\xd4\x7f\xc6\
\x8d\x97\x9c\x86\x8f\x1ec\xdbE\xd9\xcfx\xd0\xe9x'\
\xef\x8f\x8fz\xf8C\xb9\x11\x13!\xe5\xf8R\xcaWO\
B\xa6\x8d\xab8\xe38\x9b\xe0Rc\x5ci\xd0\xc8k\
\xc1\xc9\xc7\xdd\x9d\x8c\xb9\x19\x80\x80\x82T+1#\xc0\
$7\x86\xeey\xda\xc9\xb6\x93\xf7\xc6\xf2E-2r\
4\x16y2\x15\xb2\x89?<\x02\xfb\x82\x80o{\x98\
 \x10\x1c&rx1<\x02G\x0d\x02\xfa\x02.)\
\xa2\xa2/E2\xe4.e\x1c\xc7\xb8\xe2\x8a+\xf0\x83\
\x1f\xfc\x80;\x8f\x19f\xb8#\xeb\xeaQ\x81\xd1+R\
S*\x10\xfa\xc2\x16\xa5T(rR\xa7\xdd\xa6A2\
\x0dyod\x08\xa4T\x10\x04d\xad\x12C\x8fm\xac\
\x1f\x19\xc5\xb9g?\x0f\xd7\xbe\xf9M\xf8\xda\xdf~\xc4\
n\xb9\xe5&*\x9d-\xac\xe7\xee*\xe8=\xda\xb5c\
\xbb{\xach\xe7\xf6\x1d\xb8\xd3\x1d\xefH\x03\xe3\xadx\
\xd63\x9eJ%\xa4\xedv\x82\xeb\xb5\x04\x19\x15!#\
S\xed\xf0\x83\x06\x07\xa8\xc4T\xa8\xb4\xea\x87\xc6\xcc^\
\xf1\x90B\xab1\xb8Jl\x17ET4\xe8\x89\xca\xa8\
\xe4\xe8G\xcb\xc61\xb4[3\xe8v\xa8\xa8\xb0\x92\x14\
\xec\x84\xbb\xfe\xc3\xdc\xcd=\xf1\xc4\x13\xb1\xad\xd5\xcd\xcf\
x\xd0\x83\xa1\x9d\xdf&wy\xc5\xabZM\xa8\x8c\x85\
(y+\x8fM\x0b\xc5F\x91%\xc8L#\x98/0\
3\x0e\xc3\xe63\x8e\xa2X\x89\x97\x86lf\x0e\x073\
S\xd2a(\x5c\xd34\x85\xc8\xccPM*x\xe8C\
\x1f\x8aK/\xbd\x14\xbfw\xef\xff\xcf\xd5\xab\xd7\xab\x98\
\x98\x9cp\xf1\x92\x9f\xd6\xb02\xf2\xaeV(p\xd2I\
'\xe1\xb5\xaf~\x0d\x1e\xf4\xa0\x07q\xf7>\xc1\xd8\xd8\
\x98\xe39@cV\xca\xa5\xfaQ}\xb3\xa2o\xc5W\
\xa3\xb2\xaf\xd5\xea\xad\x95r\x8dW\xd4;\x9e\x85ia\
]\x90\xf2K\x12\xb6.N/\xc9\x1di\xe4\x9c\xf3\xe2\
\x17\xba\xc7D\xef}\xcf\xdf\xa0\xa1\x90\x17\xechT\xca\
\xdb\x91\xb3\x0eh\x88\x84\xa1A\x86\xcf\xf4\xd4\x94\xbbG\
D\xbc\x0e\x8b\x8a\xf3g\xb5\x5c@\xe4\x91\xd1+X\xd6\
HyO\x99\x9e\x9et\xed\xc9\x0d]z\xf1 #\x98\
\x14\x87\x01\xa4p\xac\x1f\xae\xe2\x11g\x9e\x81\xab\xae\xbc\
\x02\xf7\xb8\xc7=\xb0a\xe3z\xb4;-\xb76dd\
H\xee\xf27]\x9f\xfb\x9b\xf7\xdb\x1b\xaex=\xce}\
\xe1\x0b\xe8\x85\x1a\x85\x0c\x9c\x88\x9dU\x82\x90^\x9c\x08\
\xe3c\x5c\x83\x14(\x22\xefj\xa5\x0a\xde\x14\xd8g\x0b\
\x01\x8d\xf6\xa4R\x81x\x05\x16P\x9e.n\xb9\xf5V\
\xb4:)\xf4\xf9\xf9/~\x89M\xf5\xaa\xdd\xef\x11\x8f\
\xca\xbb4\x9aTO\xe3\x88x?V[w\xafSE\
O\x1e\x01\x8f\xc0\x9a@@\xf7\x9e51\x90#u\x10\
\xfa\x9ar\xb2\xfb\xd3Q\x89\x80<:\xdbw\xecD\x10\
\xc6\xe8\xc2p\xd3m\xb7\xe2M\xd7^\x8b\xbf\xf9\xe8G\
\x10\xf1\xcb;\xb5\x00\x99(\x97\xea\xc0\xb83x\xf8\xed\
N\xb4\xe4\xf1I\x92\x04\xb5Z\x8d\xdf\xf1]d\xdc\x0d\
MhL\x04\xac\x83,\xc7`\x12\xbbg\xf1\xa5\x8b\xdc\
\xed\xb4\x931\x96\xe5\xf9\xcb\xce=\x07#\xac\x7f\xe3/\
\x7f\x81\x98;\x9eS\xe3cX7<\x84sh\x10\xbd\
\xf6U\x97\xe0.\xa7\x9e\xe0v|\xd7\x0f\x0d d\x1f\
9\x95\x97\x98\xfd\x83\xcaP\xde\xe9\xc2m\x9dR\x11\xa6\
F\x81\x98|0\xfb\xfaYIT\x92\xd4\x89\x92\xa2J\
\x05m\xca\xd2rm\x01\x90W@\xb9\x82(\x81\x91\xc0\
\x8f\x94\xe9J\x9cP\x11\xca\x90u[\xec\xaa\x8b\x98\xf9\
1\x05\xa8\x84\x86\xa7=\xe1\xd1\xb8\xfe-\xd7\xe0A\x7f\
~\x7fLQ\xc1\xdeA/\x8f\xc6\x18\x05\xe6\xda\xa0\xef\
C\xa8 \x02\xcb\x17\x84\xb3\xf5\xccl6\xb6\xe7A0\
\xdb\xa4\xf8'\x88\xb3\x89\x03\x1c\xb81\xb0\x0f\x85\xfd\xc4\
\xec=:\xa4\xd4\x95\x0d\x8c\x8a\xaaY\x81\x85!\x038\
\xc7\xc6\xf9\xa6\xe5\x09\x19\xa2Y\xab\x85?\xba\xcf}\xdc\
\x9b\xae\x9e\xfe\xe4\xc7`\xe3h\xe1\xe1k\xb5;\x8e\xc5\
\xf0\xd0\xb0\x0b\xe7x\x8a\x17\xd9\xb9\xdf`\xb0\x84\x9b\xee\
\x18\xa8\xc7x\xe6\x13\x1e\x877_y%\x1e\xf0G\x7f\
\x04\xfd8~b\xc7\x0e$\x9c\x1b\x19\xb5\x81\xfa\xa51\
\xcf\xea\x0b\x0e\x8d3C\x0e\x85\x0b\x0a\xfa\x12\xe5|\xf4\
e\x1f\xd1I\x8dy)\xd2\xa0r\x15(\x82\xf9\x91\x87\
\x96C$,\x8d\x1b\x13\x01x%2\x04\xe7S\xaf\x81\
\x96\xa1\xf3\xe0?\xfbS\x0cr\x93 \xa5!Z\xfe_\
\xab\x80\xf7\x1b\x197a\x14A\x0a\xbe\xbc%F#a\
`p\x10Q\x1c\xa3\xcd\x8d\x0drr\x0f)\x96\xd7s\
\x7f\xa8\xfa\xa2.\xaf\xf1&70\x02\xde\xc7\x06\x06\x86\
\xb8\x19QA\x8b\x1b1\xb1\xae\xf1\x9c\x5cX\x9e\xd0@\
\xe1%\x0dMw5\x89p\xea\x09\x9bp\xd9\x05\xe7\xe1\
\xe9Oy\x22\xee~\x97;!\xc8:\x18\xdb\xb1\xd5\xfd\
\xff-\xbd|\xe01\x8f|\x04\xe4\x85\xba\xf3iw\xa4\
\xa4\x80\xda&Q4\x17\xcf8\x96Qz\xc4\x05\x876\
}4\x16\x0e\x04\x16D\xe8\xb0,G\x80\x90\xf7\x95q\
z!-\x8ep\x027O\xda\xbcw}\xf4S\x9f\xc6\
\x95W\xbf\x09\xf7=\xf3\x11yup\x08\x83C#\xee\
u\xd4\x01\xdbU\xea5\xe81\xb6\xa9\x99\x19z/g\
\xc4\xda\x93G\xc0#\xb0\x06\x10\x08\xd6\xc0\x18\x8e\xe8!\
HQ\x10\xf5\x0f\xc2\xcc`f\xfd\xd9\x8b\xd2f\xe6\xea\
\x99\xd9\xa2\xb2\xb5\x90!l\xf6\x94\xf6\xe7\xb8\xcd\xcc\xe1\
\xdb\xcf\xb3\x94\xa9?\xbf?\xad\xdd\xc2\x92\xfa\xdbd\xac\
<\xd3l\xa02X\xc7t\xa7\x8d\xb0Z\xa5\x81S\xa7\
r\x11\xe1K_\xfd:\x9e\xfe\xac\xe7\xe2\x87\xff\xfbc\
\x8cM\xce \xb3\x10\x0d\x1a\x0c-* @@\x99\xa8\
\xd2\x18\xf5S\xf2h\xb7\xbb\xe8\xb4\xba\xcc\x0d]F\x90\
\x1b\x12\xe6G\xd41\xc24G\x9d\xf5\x22vVc\xde\
\x19\xf7\xfbc\xbc\xfe\xb2\xcb\xf0\xf4'<\x011\xad\xa0\
'<\xea\xe1\xb8\xe0\x9c\x17\xe2L*C\x03\xac\xd7m\
\xb6\x90\xb0\xae\xda\x1b\xfb\xcb\xc8[\xba\x13`\xd0\xe3L\
R\x96\x10\xc5\x00\x95\x886\x95\xde4K]1\x9bP\
n\xa0\x03`\xdb\xc4\x14>\xfd\xc5\xaf 2\xb3\xff\xfc\
\xbf\x9faJ\xbf\x0a\xa6r\xd3f\x19\xcd%\xd6\x0f\x80\
 DW\x1e\x1e*\x1f\xac\xc6\x92\x8c\x86N\x1b9=\
S\x11w\x81\xa3\xbc\x83*\x15\xb6:\x87\xa4\xb7\xc5\xad\
\x1f\xaa\xe1\xfc\xe7=\x17\xaf\xbb\xfcR|\xfb3\x7fg\
S\x13\xe3\xd0\x0f\x97\xc3\x90\x15\xb83\x9dS\xb1\x0bi\
\x18e\x94\xa2\x93\xb6\x91Q\xc1\x12\x19\x957\xed\xf0\xc6\
I\x82\x94\xfc\xbaT\x82\x8cX\xc6A\x8c\x80\xf8D,\
\x8f(\x8e\x94\xc5^b\x16DF\x97\x9aH\xc6\x8d\xc8\
\xb2\x80\xedX2\x9b_\xc8N\xf1{\x8er\x9e\xcb\xb0\
\xa7\xc8E\xd5f\x8e(\xa7\x91\x5cA\xef\x89\xc6\x00H\
\x19\xd1*\x89\xd3\x8a~\x12\x8e\x1aOI\x04\x96\x5c(\
\x1f\x0a\xaaD\x15d\xc4\xbf\xd3\xecP\xc94$aB\
\xa51tc\x10v\x19\xe7X\xc6Ml\x80\x0c\x90\x99\
\x891L\xed\xdc\x81/\x7f\xf0\xddv\xd9\x85\x17\x10\xf3\
g\xe2\xd4\xe36\xb0\x0d\x1cG2\xa7\xa7'B\xee\xfe\
R&S\x84A\xc0P+\xa0 \xf1\xcd\xb9[N\x1d\
\x1c\xdck\x07\xba9\xeep\xecF\xbc\x82\xeb\xec\xd5\xe4\
\xf9\xf5\x8f|\xd0\xa6\xe9QlOM\xb2\xad!\xa5R\
\xacG\x12\x83\x90l,\xe3<u\x1d1\x06\xfdN-\
\x8c\x03X\x18pw\xbe\xe3(`\xb58\x0c!\xdc\xca\
\xf9(\xe6\xc6`\xb3\xf3\xd2\x8f}/n%\x9e\x0a\xcd\
\xd8f\x05bW+\x1eN\x06\xce\xdfr\xa1d\x15-\
\xc7$d\xdf\x223C@\x1c-\x8c`\xc1<ua\
\x80\xae7\x0b\x89E\xc0h\x05a\xc8\xeb\x8f\xb3\x11\x82\
y\xdc\xe0h6fX+G\x9dk\xbcI\xaf\xcc4\
\xaf\x8d\xdf\xbf\xd7\xef\xe0\xca\xd7\xbe\x06Ox\xcccq\
\x87\x93Oam\xb06\xdc\xe6G\x14\x1a\xeb\x83\xd7'\
\xc8\x13\xe8\xf0:\xec\xf2>\xa1~s\xd6Lg\xa9\xc3\
\xeb\xa3\x05\xa0AC\xa5\xcb\xf0?\xff\xef'\x88\xcd\xec\
\xad\xef~\x1f\xb6N5\xb89\xa32\xb6g=p\xf2\
\xa2\xa4\x86\x9c\xbd\xa4\x888\xe5\x01e\xadA\xd7[\x18\
\xc4\x08)sW\xf7\x0b\xae7.k\xe8\x9a\xd3FJ\
\x04\xe0\x8f\xef}/\xbc\xf2\x82\x97\xe0\xc9\x8f~$N\
9f\x03\xce|\xe0\xfdq\xf9E\x17\xe2\x89\x7f\xf1\x08\
\xb7~*\xacc\xf4\xc8\x84\x0cU?`\xa8\xb5e\x0c\
5\x10\xdd\x834\x97m\xde\x072\x15\x84!\x02n\xb2\
L\xf3Z\x1fouP\xa5\x17\xba\x95\x03_\xfd\xcew\
q\xe9\xeb\xae\xc0{\xff\xe6#\xb8u\xcbVl8\xe6\
X\xe4\x94\xabc\x01\x10E\xdc\x94\xc9\xd0\xe5X\x03\x1a\
h\x01\xe7\xa2\xc6\xcd\x1c\xe3=\xa3 \xc0\xc8#\xe0\xf8\
D\xc6P\x84\x9e\x0f\xa1q\xa92\xd4\x1aT|%r\
\x0dV8I\x0eQ?\x8f\xb2\x89\xf2\x15W_\x19\xef\
\xe7\x22\xc5\x95W\x96)~0I\xfd\x97T\xf6[\xa6\
\xcbPr\x8a\xca\xf2\xbd\x0d5\xc6\x95h5\xbe\xfb\xd2\
v5\xde\xbe\xfc\xf0B 8\xbc\xc49:\xa4y\xe1\
\xa3\x9f\xc8\xdb\xe6\xd11V?\xca\x95\x11\xc8\xf5\xcd\x1f\
\x06P\x98\xf1\x0bV\x942\xec\xe6\x01\xbf|s\xbc\xe4\
\x82W\xe0\x84\xe1a\xfb\xf1/~\x89\x0a\x0d\x8c(\x8a\
\x9d\xd1#53\xe3\x97\xb4\x1euK\xa8\xe4TjU\
\x18\xdbe\x9d\x0e@\x03\x82\xda>r*\x179\x8d\x15\
\xfdx\x97\xfa\x0d\x9c\xf1CqN\xa4B\xf1\xe4\xc7=\
\x0eW_u\x05\xfe\xe2\xcc3\xdd+\x9fC\xe6gT\
(\x22\xa9+\xba+p\x85\x86f\xa8\xd0\x00kq\x97\
\x13\xb9\xa164\x880\xa9B\xff/\x85\xdf\xab\x88+\
5\x04a\x88\x19\x1aZ-*\xd4\xd3\x0c\xbf\xf9\xaf\xff\
\x8e\xd7\xbd\xe1*\xbc\xfb\xfd\xb5\x11\xc0\xd4\x00\x00\x10\x00\
IDAT\x1f\xc0\xc3\x9e\xf6\xac\xfc\xe2\xcb^\x85\xb7\
\x5c\xff6\xfc\xe8g7\x22c\x1f-\x0a\xde`]\x06\
\x08\xa9`\xe4TN\xb5+\x9b\xa59B*z\x95J\
\x95\xf9\x94&\xcf\x10\xd0\x1a\x99\x99\x1a\xc7H\xbd\x8e:\
\xc7==3\x8d\xbb\xdf\xf5\xce\xd8\x99e\xb9v\xab\x8f\
\xdd\xb4\x11c\xdb\xb6!\xa4\xd6#\xe5)\xa3\x91\xa4\xc7\
\xa3b\xeeJ\xa7\xdc%V\xbcMEZ\x8f\x09J\xe6\
\x90\xb2\xea1\x99\x88\xfdv\xa9\x8c\xb7\xe8\xb9\xa0H\xbb\
uX\x0e\xa7\xec\x80\x1f\xe3\xdc0p\x87Q\xd1u\x91\
\x15Ny_\x9d\xfe\xf4\x0aMA\xd8]q\x19fL\
\x95\xc4\xa8;\xc4\xaf$\x97\xc1S\x99\x1e\x1b\x1b\x83\xc6\
\xbcq\xe3F\xeasT\xe8\x88\x87\x11\xd7\x80k\xa5\xd5\
hB\x8ao\xc8y\xd6\x0b\x08vm\xdb\x82c\xd6\xaf\
\xc3\xf3\x9e\xf3\x0cl\x9dn\xe5\xf7\xbc\xc7\xaf! /\
\xc2\xdb\x13\x12\x08\xe6\x81\xb3\xe90\xa1\xb6\x19\x06T\xba\
\xb9 \xbaZ{,\x0b\x93\x08F\x8ce\xc4\xa4\x9c\xeb\
jd\xa8\x92\x89\x0c\xee\xfb\xfc\xf6obg\xb3\x9d?\
\xfb\xe9\x7f\xe9\xfa\xdaz\xeb\xad\xa8R1\x8d\xc2\xc0\xbd\
\x8aXr\x0f\xd2\xb3PQ\x1eyt\xc8s\x9a\xca\xbc\
\xe6*\xae$\x18\x1a\x1a\x82\xca2\x1a\xfdm\x1a\xe6\xe8\
\xf9\x98\xb1\x93\x9e\xf4\xc1\x8a\x0a\x87\xbd\xedK\xe3]\x8e\
R\xe4n\xce\x1a\x8d\x06\xcc\x0cI\x92\xb8\x1f\xd3O\xd1\
\xa0\x89,\x80~\x0b5\xc0\xeb\xf18^\x079\xe7\xf5\
\xe6\x1bo\xc0)'\x9f\x88\x8biP\xbe\xf4\xfc\x17\xe1\
\xaew8\x05\x95\x08H\x02J\xc7ik\xb5S4[\
m\x80\xc6\x0dw\x16\xd0\xe6\x06K`\x11\x820BH\
\x05?G\x88&\xf3fx]dl\x22\xefN\xca\xf0\
\xd6-[8\x7ff/\x7f\xc5\xc5\xee\x9a\xfe\xda7\xbf\
\x85s_\xfa2\xbc\xff\xa3\x9f\x00\xedX\xf0\x12v\x86\
O\x8b\xd7pK\x0d\xd9\xc6,\x00m\x0d\xc7\x17\x90\x00\
\x80\xf8\x85\xbaP\xa1J\x19rz\x11\xbbY\x8b\xb7\xab\
\x06F\xab\x03x\xd4C\x1f\xce\xcd\x8cW\xe1\xb9\xcfx\
\x066\x8d\x8ebb\xd7.\xca\xcav\x81!\x8eB\xa8\
Y\xa7\x9dKt\xe8\x92\x0a\xb9f\xd8\x15\x820\x846\
4\xa28a\x15\xc3\x14\x0d\x9c\x06\xd7G\xc4\xbe*\x5c\
3\xdf\xfb\xe1\x8fp\xf5\xb5\xd7\xe3\xaf\xdf\xf3^\xfc\xcf\
\xff\xfd\x18y\x14\xa1\xc25\x96\x12S\xe79\xa7|\xb9\
\x85l\x1b\x90\xe0>f\xe6\xc2#\xe9df0\xb3#\
Id/\xabG\xe0\xa0!\x10\x1c\xb4\x9e|G\x1e\x01\
\x8f\xc0b\x04\xa88\x1b\x95\x8c\x80J\x87\xd9\xfc\x17\x95\
\x14\xa0\x8c\x0a\xe4\x06*\xa9\x7f\xfe\xb8'\xe4\x17\xbf\xf2\
R\x5c\xfb\xf6w`\xcb\xce]\xa8\xc4\x11\x9a4hr\
\x80\x8a_\x95_\xd0T\x00X7\x95\x97\x85<R\xa7\
\x09\x04\xb0$F\xa4g\x89\x02VtG\x06\xfd\xe3?\
\xd5\xa3\x1e\x80c\xd6\xad\xc7\x06*\x15\x11\xdbt\xa9x\
D\xdcA\x97\x81\xa0\xaa\x19\xf9\xb7i\x10LMN\xa2\
Bc\x03\xac\xd3\xa2\x12!\xa5\xbb:0\x84,\x080\
EeY\xcaPB\x8d\xeaG?\xfe1\x15\x96\xd8\xae\
z\xd3\xd5\xf8\xf9/~\x85\xa1\x91u\x88\xe2\x0a\xd6m\
\xd8\x84\xef\xff\xd7\x7f\xe2\x95\x97^\x82\xb7\xfc\xd5;1\
N\xaf\x8f\xfa\xa1\x0dF\xc5*C\xc0\xb1\xc4T\xd8\x82\
0FJ%\xacEe,\xa5\xa2\x02\xa3\xd0904\
8\x22qH9\x86\xea\x03\x88\x82\x80F\x9b\xe1O\xfe\
\xe0\x0f\xf1\xe6\xab\xde\x88G=\xf2a\x18\xacV1=\
>\x0en#C/N0\xe2\xa0\xdf/MOM`\
td\x88<\xea\xa8U\x13\x0e!G\xb39Ccm\
\x92\xcaR\x8a!*\xce\x85\xda%%\xa7\x9f\x9cn\x05\
\x18k\x90rZ\x8cs\xc4\xf4l)\xfa?\x9a\xb7\xfe\
<\xa5\xfb\xf3\x95\x16\xa9l%\x0a`T\xc5\x0cf\x05\
\x85\x0cEfEZ<r\xd6\x10e\x9c\x1c\x97\xd6\xfc\
\xa3\xf8\x0c\x8f\x0cbzf\x12;vn\xa3\x8e\xdbA\
\x85\x86\x08\x88O\xce]pa$E}bl\x0c\xd3\
\x9c\xe7\x07\xdc\xff\xcfp\xd5\x95o\xa0\xd2\xf9\x10\x0c\xd4\
\x12\x84\x05\x0br\x07\x0c\xfapB\x14\x90\xd4\x8e\x01\xda\
\x9c\xc8\x9c\xfdB\xca\x22\xc3.=s\xb3\x95\x11\xd2\x08\
\xb7\xb2\x22+\xe74`\x19`\xa0\x12\xe3!\xa7\x9f\x8e\
WR)\x7f\xc4\x99\x0f\x85i\x9d\x8d\x8faxh\xc0\
yyvl\xdf\x06\xbdA\xacC\xc5{\x88s$c\
\xadB\xe3Gm\xa5\xf8OP\xd9\xd7X\x87\x86G\xa1\
9\xc98\x1f%\xe5A\xce\xbc\x1cf\xe6\x08T\x94E\
fE\xdala(\x9e\xfbJ\x1c\xf6\xaa,\x02\xd6\xe8\
%&\x8b#g\xae\x08\x0c\x1d\x15\xd9:s(\x5c\xef\
\xc0q\xc7lD\xdamc'q9v\xc3z\x9cv\
\xd2\x89\x08\x8d5x\xcd\xb6\xe8\x19\xfe\xc9\xff\xfe\x08\xe5\
\xdb\x13\xdf\xf4\x86+\xf1\x87\xbf\xff\xbb\xe8r^T\x85\
\xb5\xdc\x91\xe7\xa0\xe9\x94\x22\xe0\xf5\x13\xf0\xe2\x8f\xc2\xc8\
\xc5e\xdc\xb4\x88\xbf~\xdf\xd7\xe65\x1f\xc7\x09\x84\xb5\
\x1e=\xdd\xb6k\x1c\x9f\xfc\xe4\xa7q\xee\xb9\xe7\xe3\xcc\
'=-\xbf\xe3\xaf\xdd\x05c\xbb&\xd0\xe4}\xa0Z\
\x1b\xc0G>\xfe1\x9c\xfd\xe2\x17\xe33\x9f\xff\x22\xa6\
\x9b]\x84\x14\xaaC\x1e\xd3,\xcf\xd8\xab\x8c\x91\x16\xaf\
e\xd5\x97W\xb8\xc3\xb5\x91q\xedI\x12]W\x09\xd7\
b%\x889\x96\x00Fs)\xe4\x9dlth\x04q\
\x102\x0d\xac\x1b]\x87\x94\x9e+\xb2*\x0e\x0e\x88E\
\xa0\xe8pP\x198&^\xf6\x1c\x9b\xe4op\xb3%\
c\xbc\xc6\xf5\x15\x86!\xc6&\x1b\xb8\xe6\xfa\xb7\xe3\xed\
\x7f\xfd.|\x95\x9e\xf2\x9d;\xc70\xca\xfb\xd2F\xde\
\x93\x12\xde\x9b\xb4\xe1af0\xb3\x82\xff\xec\xd9la\
z6\xdb\x07\x87%\x02^(\x8f\xc0\xee!\x10\xec^\
5_\xcb#\xe0\x118\x10\x08d4R\xc4\xd7\x8c_\
\xb0Tz\xcc\xf8E\x1f\x84\x00)\x83\xc1\xf8\xcd.c\
\xc0\xe8\xd9\xf8\xe2W\xbe\x8as\xcf{\x09\xfe\xee\xf3\x9f\
G\x1e\xb2\x0e\xcb36\xce\x19\xc2\x02H\x91\x09i<\
\x84\xdc\xb9d6\xba\xdc\xa1e&5\x82\x5cI\x04\x16\
@\xbf\x8f\x89x\xd5\xa7R<HFuA\xf1\xd0\xd8\
\x97\xf8\xb0\xa6d\xeaR)\x11\xaf\xc1\xe1!(\xbbI\
/QF\x99R\x00\xdc\x5c\xa5w)\x85\xbcI?\xf9\
\xc5\x0dH\xcc\xece\x17^\x84\x07?\xf6\xc9\xf9q\xc7\
\x9fH\x0f\xd00\x1a\xad&\xa2$F\x87\xe3\x0b\x93\x0a\
\xe3U|\xe3\x9f\xbe\x85\xf3_~\x01>\xff\xa5\xaf\x22\
\xa3\x0ca\x1c@\xfcvMNabr\x1aA\x94\xa0\
R\xadC\x8f\xd4\xcc4Z\x00\xb1\xe8pg_\x1e\x83\
\x9cJ\x94QY\x8e\x00\xb0\x19\x86i`m\x18H\xf0\
\xdcg>\x15\xaf\x7f\xf5e8\xf3\x81\x0fD\x97\x1e\xa8\
\xb4\xd5@\x95\x03\xcc\xa9\xc0\x0d\xd7k\xd8\xb9c\x1b\x1a\
\xd33\x00\xb5\xa0\x90\xe3\x8f\x88M\x1c\xc703\x1a[\
mHQ\xed%\xb2_\xfd\xb0\x0cR\xd6D\x8c\xa1\xfc\
\xe4\xd2(\xcb\x04\xc3\xd5\xd2\xac\xb2oG\x1e G\xe0\
x\xf4\xf7\xa5\xcc<O!%3I\x22\xd4j\x15d\
\x9c\xef\x16\xf1Q+\xd0\xf35A\x03CF\xe27?\
\xf7wv-\x8d\xd4\x97\x9e\xf3|\x0c\xd1C815\
\x83\xc8\x80\x94\xdb\xf6\xe2\xce(\xc0\x9exZt\xc4I\
\x82\x8cX\x82s\x950\x1e\x11[\xcd\x97\x88\x16%\x82\
0D\x97s!\xef]\x12\x06\x08\xc9A\xb2V8G\
\xa7\x9dx<^\xfc\xfcg\xe3\xe2\x0b^\x8eo~\xe2\
\xe3\xb6k\xebvD\xecgx`\x10\x19\x15\xe6j\x9c\
`\xeb\xe6-\x98\x9a\x98t<\xd4\x8e\xcd\x11\x92gF\
\xa1Z\x1cO\xc6\x0c\xcd\x1f\x03\x94\xa1\xe2\xfb\x8b\xd4\xe7\
\xbe\xd0\xde\xc8\xc1\xa1\xa1 \x8e\x8e\xebV\x18\x0c\xd4\xea\
8\xf1\xf8c\xb9\x9e\xb7`\xcbm\xb7\x22\xc8;\x98\xa2\
\x81\x9fp-\xbe\xe0Y\xcf\xc2[\xdf|\x0d\x1e\xf1\x90\
\xd3QO\x22\xc4l\xacP\xd7\x91\x96$\x1d.0N\
d\x85\xf3\x93\xf0\xfe \x99R\xf0\x9e\x10\x04\x88\x89q\
\x14%\xe0\xce\x04\xe4\x89a\x8f\xd0?7\xfe\x87/~\
\x09\xaf\xbc\xecU\xf8\xe0\x87?\x02X\x880\x8915\
\xdd\xc0I\xa7\x9c\x8c\x01zx\xb7l\xdb\x8aan\x96\
l\xdb5\x86w\xd2c\x22\x0f\xee\xbf~\xff\xbf\xb8\x11\
\x13\xd2X\x8a\xdd\x9b\xce\xa6\x9amD\xf4\xc8\xc4\x95\x98\
\xd7u\x95}\xc5\xea\xd5\xad\xc9\x94k\x02\xfcPTT\
\x82\x98\xab\x981^\xdf\xf2L\xcfLO\xa3\xc3M\x0f\
\x16\xb3=W\x04\xef!\xae!\xab\x84\xa1\xb9\xa8\xb2\x9a\
\x9d\xae\xbb\x7f\x18\xf3\x13\xca\x17W\x22\x08\xb8\xc9\x99\x0e\
>\xfb\xb9/\xe0\xbc\x97\xbc\x0c_\xa7\x17\xea\xd6\xdb6\
;\x99\xd7m\xd8\x08\xa3<zt\xb8\xd9n!\xe7\xb8\
\xd0\xf71#\xb3\xbe\xbc\xc39\xa9\xb5)\xf9\xcc\xe6\xe5\
6+\xe2e\x99\xca=y\x04\x8ev\x04\x82\xa3\x05\x00\
?N\x8f\xc0\xe1\x88\x80\xbe\xb4\xc1\xafzQ\xf9\xe5\x14\
P\x09\xb1\x90\x97f\x10b\x9a\xde\x93H\xc6B\xa5\x8a\
M\xc7\x1d\x0f=G\xff\xa6k\xdf\x8a\x17\x9dw>\xfe\
\xe3\xbf\xff\x17\xda\x81\xd5\x8elfpJ'U\x18L\
NM\xa3\xc1\x1d\xdf\xa8R\x81S\xc8\xf3.w\xe0\x1b\
\x80S\x0d2\xf6\x96\xbb\xd7\xbb&\xfc\xe2\x0fP\xc4#\
\xf6\x95S\x98v\xbb\xed\x14\xcb\x98JP\x10\x86\xb2\x11\
0\xd5\xec \xa2\xc2\x12\xc6\x11&\xa8\xc0\xe8\xbbt\xcb\
\xf6\xedx\xdd\x9b\xde\x82\x17\xbd\xe4%x\xd8\x93\x9e\x9e\
\x1f{\xe2I\xa8\x0f\x8f@\x86\xcb\x0cy\xc8\x18k\xd0\
P\x19\xa3\xe2\x92i<42\x86\xd7o\xc04\x95\x98\
\xab\xa8\x98\xbd\xe4\x82\x8b\xf1\x7f?\xbf\x01\xd4K\x9c\x22\
R\xe7\xae\xbe\x1eo\x13E\x95\x1aj\xf5A*Em\
\xa4\xd4\xd4b\xee\xc2\xc6!\x15\x19\xca'e9\xe6H\
\x98\xc2\xf8\xaeIT\x19?\xf5\xd8\x8d8\xf7y\xcf\xc2\
\xf5oz#\xbe\xfe\xf1\x8f\xd8\xd8\xd6\xadhs\xf7\xbf\
\xd3\x98\xc6\xe8\xe0 \xbd\x14\x15\x18\x15\xff\xb6\xde\xf8f\
\xb9S\xfc\x838 \x7f\x1aA\x0e\x8d\x00R\x94\x97\x22\
)\x7f\x22\xa2\xcb\x9e\x14+H\xbf%a\x86;4o\
\x22\x97\xe0Iq\x11\xa3P(R\x5c\xa4\xb8HqQ\
\xc1M\xb1\x85D1)\xf3|^\x7f:\x98/\xa2\xec\
\x9c\xfc\xa0 \x8d\xa1(\xca\x10r\xa2\x86\x07\x07\xa0\xdd\
\xff\xe9\xa9I\xd4*\x11\xb1H\xb8\xeb\xdfr\xa3>\xe9\
\xc4cq\xde9gc\xdbT+\xbf\xdb\x9dO\xc5\xf8\
\xf8\x14\xea\xb5\x08\xeb\x07\xeb@\x0e\xe9\x8d\x8e\xe4aP\
\x7f\x22\x19\x9c\x22\xf0\xa3\xbe\x9aT8\x1b\x9c\xef\xe9f\
\x0bM\xee\xe2\xe7\xe4\x1cq\xbe\xa2$F\x87\x9e\x87\x8c\
\x0al\xc4\xb9O\x92\x84k\xa9\xcbR \xa2\x5c\xc6\x0e\
\xe4e\xd3<\xfe\xe6]\xee\x84)\x82\xf2\x9a\xcb.\xa5\
\xa7q\x04\xb7\xdf|\x13B\xb6\x13m\x1c\x1d\xc5\x10\xc7\
`\x04\xa0\xad\x7f\x1a\xc9vI\xb5\x02\xad\xc5\x16=?\
\x19\xd3\x92\xa3$\xcc\xe20\x17R\xce\xde\x83l\x1c\xae\
e\xd8[v0\xe3\x01;\x13\x15\xd7-\x13sG\xc6\
XA\xa5\x8c\xa3\x1c\x7f\x93\xf3\xd7\xa61\xbfi\xdd:\
\xe7\xfd\xca\x88\xf9\x9f\xdf\xefO!#\xf51\x0f\x7f\x04\
\x8e]7\x02:\x1f\x91\x18\xa0kDT\x09\xcd\x19>\
\x5c\xddn\x1d\x9a\xe3\x9c\xa3A\x1c\x1b\xdc\x8c\xc8i\x01\
5iL\xe9\x9e\xa2\xdbM\xce\xeb\xf4\x9f\xbe\xfd\x1d\xbc\
\xea\xb5\xaf\xc3\xbb\xde\xf7~\xe8w-\x03#\xa3\xee\xba\
\x06\x0d\x83]c\xe3\xd8I\xe3\xa6\xcdy6^\x8fj\
\x9fT\x070z\xcc1\xf8\xc5\x8d7\xe1\x8a7^\x8d\
\xab\xae\xfd+\xdcp\xfbVw\x8dU\xab\x09fh\x90\
6\xb9q\xd2\xe5<\xa5\xec?\x08C\xc4I\x02\xcd\x97\
\xd6F\xc65\x122?\xe4z\x0b)O\x1c\x87\x18\x18\
\xa8!f=\xf0z\x87q\xa5\xd0b\xeb\xb2OVs\
G\x9b^\xab\x0e\xef-ZWBJ|K\xd2c\xb4\
\x97\x5c\xfejg\x80\xdd|;\x8d\x9c\xc1a\x8c\xd2(\
\xab\x0d\x0c\xba\x17.\xe8~\x9a\xb2\xf3\x90k4\xe0x\
\x1dC\x9e\xcc\x8c]\x19c\xc5af\x0b\xd2E\xee\xe1\
w\xe6e3'\x94\xd9B\x99{\xcb\xe6*\xf9\x88G\
\xe0(E@\xf7\xdb\xa3t\xe8~\xd8\x1e\x81\xc3\x0b\x81\
\x9c_\xc2y\xa6/\xac\x10A@500l\xd8\xb4\
\x91Jd\x17-z6\xa6\xa8P\xb6\xa8\x00\x9cv\xe7\
_\xe3\xcei\x1b\xe7\xbc\xe4\xa5\x18\x0a\x03\xfb\xbf\x9f\xfd\
\x1c\xfa\xd2o\xb6S\xec\x9a\x98\x86\x0c\x87j\xad\x86\x0e\
\x15\x0d @\x10\x86\x88\xb9\xe3\x9ee\xdc\x09\xed\xb6\xd1\
\xa1\xa2\x94v\xdb\xc8\x99.\x11\xd0\x17c\xca>\xcc\xcc\
)#0\x80\x1b\xfb\x98\xa1b\x91TcLwRL\
S\xa3\x88\xa9\xc0|\xe8S\x9f\xc1Y/~1\xfe\xf5\
\xdf\xbf\x87\x11\xee\x96\xea\xb9\xf7I\x1ae\x19\xdbV\xf4\
Z\xe1\xfa\x00\x82\xa4\x02D1F\xd6m\xa0\x92\x91\xa1\
\xcb\xb2&ws[\xa4\x13N9\x15\x9b\xb7\xef\xc0\xb3\
\xcez\x1e\xde\xf77\x1f\xc2\xff\xfe\xecW\xce\x0c\x0bh\
\x80h\x9c\xd4{\xdcxr\xca^\xa9V\xa9\xf3d4\
zR*@\x11\xbdU\x1d\xeehOR\xe1\xebb\xd3\
\xba!\x80ru\x88\x8b^\x97{\xa7SNB\x93\x03\
\xb9\xe4\xa2\x0bq\xda\xc9\xc7\xa353\x8dn\xa3\xc1\x81\
t\x11\x85\x01\x95\xec\x00i\x87Jyk\x06\xfa\x0c\xd2\
\x10\xca\x15\xe9!N\x81S\xc4z\xb2\x00\xee\x9ec\xc9\
O\x06v\xb7\xa0\xa4?]\x16\xf6\xe7+-*\xcb\x97\
\x0b\xcd\x0cf\xf3\x14`>nV\xc6\x013\x03\x88\x9a\
\x991\x9e#d\x18 \xc7\xd8\xf8.\xc4\x5cG\xc3\x03\
u\xce{\x13\xdb\xb7l\x06mV<\xf4!\x0f\xc4\x1b\
^\xf7Z\x9c~\xff?F\x85\xd8H\xb1\xde02\x88\
\xb4\xd5E\x8b\x14\x1aX\xcf C\x07\xcb~\x02\x80\xeb\
*N\xaa\x90\x01\x12q\xbe\xb9D\xdc\x5c\x0a\xd7\x90\x1d\
iM\x15\xcd3\xa8\x8f\xe9\xa9\x09\xb4\x9a\xd3\xe0~=\
\x868\xb7\x85q\x9dQ\xb6\x0e\xee{\xaf\xdf\xa6\x87\xe2\
M8\xff\x85/\x84\xe4\xddF\xafN\xab9\x03\xa3B\
^\xa1\x82\xec\x0c&\xae\x7fy\xab\x84\x9d^\x7f\xad\xf9\
\x12\xff\x05!\xc7kf\xc4auR\xdbCIf\xbd\
2\xe6\x5c\xf16GzaFF\x0f\x84^\xf1\xbe~\
x\x18U\xe29\xb9k'\xbe\xfe\xc9\x8f\xd8\x85/=\
\x0f\xe7\x9c\xfd\x02\x1c\xcf\xebot\xb0\x86$\x001\x05\
:\x8d\x0e:\x9d\x8c\xd7L\x8e.\xb1\xc2\xecGxi\
N\xd8\x1bB\x1a\xa2\x15m\x84\xb0\xac\xc1k\x87\x22\xe0\
'7\xdc\x8c\xab\xafy\x0b\xb4\x91\xf2\xcb_\xdd\xe8\xbc\
6\x097\x1d$\xd1\x14=\xa3-zv+\xf5\x1a\xef\
-\x83H\xaa5\xc4\xdc|\x09\xe3\x04\xed\x9c\xc6\x13\x0d\
\x0f]\xf7!\xe7\xf3\xeb\xdf\xfag\x5c\xf6\xea\xd7\xe0\xd3\
\x7f\xffE\xb7\x0e\x12\xae\x89 \x08\xdd\xfdKFV[\
\xf7\x9c0DHc\xc9\x8c\xf7\x1a\x85\x94\xa3K\x1e\xba\
\x863\xf6\xc3e\x0b\xc8\x10a9/07\x8fQ\x12\
\xbal.\x05\xe4\x9c\xdf\xb8\x12Cs\xce[\x1e4\xae\
\xff\xfd\xf9M\x1803\xfd^\xf0\x17\xbf\xba\x01\xc7\x9d\
p\x12\x8e=\xfexn\xfa\xb4\xd0\xe2}\xb0\xcb\x86\x19\
\xfb\x89\xb8\x8e\xea\xf5A'\x7f\xca\x86l\xe2\xf8\xb3h\
\xeeP\xde\x5c\xe2\x08\x88hn%\xa6\xe4\x16)^\xe6\
)\xee\xc9#\xe0\x11\xe0-\xc5\x83\xe0\x11\xf0\x08\x1c:\
\x04\x02~\xa9\x87a\xcc/\x5c~\x99Sq\xe8\xe6\x19\
U\xd6`\x8e\xb6n\xdf\x09)'\x1d\xee\x8e\xea\x87\xc3\
R*R\x0b\xe8\xe1\xc9\xf1kw\xbf;N\x7f\xec\x13\
\xf2+\xdfp\x15wb?\x80\x09z2\x06\x87\x07\xd0\
\xa4\xe2069\x85\x80\x8ah\x8b\xbb\xdf\xfa\xe2\xb3 \
@\x10R\xc9\x88\x22\xc4Tv\xc2(\x84\xf22\x1a8\
R4\xb4S*Y\x22\xb6\x11\x1a\xda\xedmr75\
\xa67`\x86\x06\x85\xc5!\xbe\xff\x83\x1f\xe29g\x9f\
\x83\x0f|\xe8\xc3X\xbf\xe9\x18\xc4\x03\x030)31\
\xe5'\xa5\x01h\x98\xa5\xce{\xd3\xa4\xd2\xd2\xa56\xb1\
}\xc7.D4|\xc4Oo\x93\xab\x8f\x0c\xa1\xcb\x0e\
4\x16y\x83>\xfc\xf1\xbf\xc5\xe5W^\x89\xf7\x7f\xec\
\x93\xd85\xd5F\xb5\x1a;\xc3j\x92\xde\xa4\x98\x86U\
\x8b\x16WF\xad&'\xb5Z\x1d\xe7\x91\x1a\x19\x1eB\
B\xc5\xafM\x03\xcb\x88\xcb`\xb5\x82u4\x5cR\x8e\
\xb5\xd5l\xe2\x8f\x7f\xf7\xdex\xdde\xaf\xc2Y\xcfz\
&\xea\x95\x10\xed\xc6\x14ZSS\xa8QFy\x09\x82\
<\xa7w\xa3I%\x89\xaa9\x0d\x99\xcc@\xbc\x0b\xa2\
h\x0b\x0eyp\xa8\x13\xc1\xd51\xc5ziAU\xea\
e*[\x98\xd7\x9b\xd2<\xf4\xa6w'\xae.K*\
\xeb\x97i\x8a\xcduc\x8e\x02\x18\xc2 \x80B3\xe5\
\xe5\xb0\x00\xce<b\xb1\x8e\x00\x00\x10\x00IDAT\
h\x18\xa8W\xd1\xa0g\xa0I\xe3\xef\x01\xf7\xff\x13\xe8\
\xff\x9b<\xed\x89O\xc4\x08=\x06\x932\x8e\xab\x11\x22\
\xd6%,\xc4+r\xd4\x9ci\x12#\xcd\x14\x16|r\
2-)cI\xc0~'hPn\xdb5\xce]\xfc\
\x14\xca\x13\xb5\xb8vR\xce\x99\xd6\x93\xbc\x08\xadV\x0b\
Z_\x83\x83u\xd49_\x1dz\x17\xd2\xb4\x8d\x01*\
\x9f5v^\xe3|r\xe9c\x90\xe1c\x1ev\x06.\
}\xc5E8\xf3\xc1\x0fB{\xba\x81\x9d[\xb7`|\
\xe7N\xc4\x5c\xb3Cl\xaf\x1f\xe6\xebq\xbc\x94kW\
\xb3\xa6\xdf\xeb(\x94\xf7G\xa1H\xf3VXj\x92&\
C\x89\x19E^\xe1X\x5c\xa49[\x89R\x82\xb6\x14\
\x95m\xfa9\x96r(T\x99\x99\xc1L\x94\xcf\x86F\
C5\xa7\xe1\x22\x02\x86j5\xc8\xc8\xd9v\xfb-\x88\
\xb9V\x9f\xfb\xcc\xa7a*\xcb\xf3\xdf\xfd\xed\xdf@=\
\x06\xaa\x91!\xa3w\xad5\xd3b;\xa0^\x8b\xb9\xce\
\x03D\xe4\x19Z\xc05\x09\xe6\x1b\x84}\x87\x00g\x00\
\xd7H\xc8y\x0a\xb0sb\x122\x18\xdf\xff\xe1\xbf\x85\
^>\xa0\xcd\x8b\x01zg3\x1a'c\xe3\x930\x86\
\x88\x22t\x8d}\xf0\xde\x91\xe6\xc0\xd4L\x03\x93\x9c\x93\
v7C\xca\xf9\xad\x0d\x0c\x91a\x04]\xdb\xfa\xc1\x7f\
mh\x08S\xbc.?\xf9\xd9\xcfqC\xe4\x5c\xfc\xdf\
\xaf~\x05yw\xa30\xe2}\xa7\x8a\xd4\x00\xad\x92\x14\
\x86n\x9a#\xd3\x1c\x92o\x1c'\xf4\xe8\x0cR\xce\x18\
\xa0\xb1\xe6\x04g\xbf]\xf6c\x5c\xd7\x14\xdbe\xb1K\
\x8a\x14\x92\x07\xb8\xe1\xd3\xe4fL\x8aw\xbc\xef#x\
\xc5\xa5\x97\xe1\xcc\xa7<+?\xe9\x94\xd3\xe8\x89\x1a\xe6\
\xa6\xcf\x04ZiF\xe3l\x18\xba\xff\x04\x16\x91E\x00\
\xddC\xf4\xbb\xc1\x06\xf1\x12&\xcc\x5cp\x98Q\xc0\x05\
9>\xe1\x11\xf0\x08\xac\x05\x04\x82\xb50\x08?\x06\x8f\
\xc0\x91\x8a@\x10D\xfc\x82\x0f`\xa6/\xd9\x80_\xe8\
\xf9\x1cic\xb6FeG\xca~\xad>\x88\x91\xd1Q\
t\xe8\x19\x99\xa12\xa1p\xd7\xe4\x04\x86\xd6\xad\x87\x0c\
\x89\xbf\xff\xd2\x97q\xc1\x85\x17\xe1\xd3\x9f\xff\x02\x22*\
\xf5\x03C\x83\x98\xe2\xaepD%\x22\xb3\x90\x8a=\xd8\
\xb6\xe3\xa8\xc4JFN\x10\x86\x08\xa3\xa4\xe8?\xa0\x02\
B\xc5\xa3Ae\xa3\x93\xe5\x88i\xe0\xb4X\xf9g\xdc\
)}\xc3\x9b\xae\xc5\xeb\xae\xbc\x02\x9bw\xecp}N\
qGX\xbc\xa7h\x5cX\x12Q\xa1\x88\xd1\xa2Q$\
#\xc7\xa8\x9c\x88\xa7\x14\x95\xa1\x91a\xa7\xd4 \x0f\x10\
R\x96\xe9F\x8b\x9e\x9e\x0eb*\xe0z\xd4\xed\xd4;\
\xde\x11\x13\xdc9\xfe\x9b\x8f~\x0c\xaf|\xd5\xe5\xf8\xd2\
7\xfe\x05Y\x10:\xa3gB\x0a\x09]\x0c\xb4w(\
\x7f\x80$\x89!L\xda\x8d\x06\x15\xbc\x0e\xe4\xf5\x89\xd9\
7\xb8s\xdbi5\xa8\xe4E\x18\xe2\xeer\xc0\xdau\
\xd6}\xd8\xe9\x0f\xc4;\xae{\x1b\x1ev\xe6C\x10S\
\xa1\x1e\xe7\xaexF\x83H\xf1(\xa4<\x1c\x9bq\xbc\
p\xaa\x1f\x100\xbd\xfc\xe1*\xf6\x15/\x957_E\
\x0a\xef|j\xdfc\x92U$NE\x98A\x8a\xbf\xc8\
8\x06\xa32+o\x80\x88SI]?\xc3\xcc\xf4$\
\xc6v\xee\xc0W>\xfeQ\xbb\xfc\x92Kp\xe1\xb9\xe7\
\xe1\x94\xe3\x8fES\x8f9\x92\xd1(\x8d\xe3\x8c\x0ae\
\xca\xb93\xcey\x87\xa10\x96\x12\x9c\x08[\xd6qG\
n\xecAH\xcd\x879\x0c\xdf\xf8\xe7o\xe3U\xafy\
=^\xca\xb5\xf7\xa5/\xff\xa3[\x8bR\xa8\xb5&\xb5\
\xa4\x15\xafV\xaa\x90\x97 #\xe3\x94\xc6i\xca5\x1c\
\x0a\x7f\x0b\xd0\x98\xa1Q\xce\x0e\x12V\xd6cky\x0a\
z\xf1r\xdc\x81\xde\xbfs\xce~>^}\xe9%\xf8\
\xce\xe7>m\x9d\xc6\x0cvl\xd9J\xcf^\x0b!\xd7\
\xac\xc6\x9c\xab2\xe7Z\xc6+\x18\x92\x0d\xccL\x81\x0b\
\x0b\x8c\x5c\xf2\xb0<I>\xcd\x95\x8c43\xa3Q\x92\
;\xd2\xdcq\xd9C\xebX\x86\xde@%\xc1\xd3\x9f\xf2\
d\x5cw\xcd58\xe3\x81\x0fp\x8f\xf8\xb5\xe5}\x03\
\xd0\xe5\xa6B\x18E\xa8\xd6*\xd0\xa7KW\x87\xe6P\
<\x22B\xa1M\x0c\xe5\x8bt\xcf \xbc\x0e\xa9\xedc\
c\xf8\xef\xff\xfb?<\xfe\xa9\xcf\xc4\xe7\xbf\xf8%\xe6\
\xf1z\xe0\xa6D\x93\xedu]\xd7\xe8\x9d\xcd\xd8\xbeE\
Cjhd\x04\x01\xfbh\xd0`\xad\xd4\x06\xa0\xdf\xf1\
\xa5\x5ck\x19[M\xd1\x80\xce`\x90g/N\xaa\xe0\
\xcd\x07)\xc72\xc3\xfb\x836:\xf4\xbb\x99\x0f\x7f\xf4\
\xa3\xb8\xe1\xb6\xdb\xe0\xfa\xe6\x9cw\xb8\x92\xbal\x03\xae\
\x01X\x88\x19\xf2\xe8r#\x03\x1c1\x94G\x83\x17A\
 \x91\xc9.\x84\xaa\xe6\x00\xf4\xb8\xa4\xc2\x8c\xf1\xdb\xb7\
m\xc7\xb7\xfe\xf5_\xf1\xdc\x17\x9c\x8d\xaf\xfe\xd3?\x91\
M\x88\xcc\x0c\xe3\xdc\xd4\xc8\xb8V\xab\x03\x83dg\x90\
\x8c3\xbcG5x/\x8c\xe3\x18u\x1ag\x0a\x03\xf2\
W\xc8J8\x92?+\xddcV*\xdb\xed1\xfb\x8a\
\x1e\x815\x82@qGY#\x839\x12\x87af0\
\xb3E\xa2\xebF\xd5K\xfd\x15\xccl\xc9v\xfd\xf5\x0e\
u\xbaw\x0cK\xc5\x0f\xb5|\x87\xba\x7f)\x80RH\
R\xeep\x9a\x19\xa4\xc8\x09'}I[Hu\xc7x\
\x89Rs\xd1\xef\x1f\xda\xdc-\x0f\xa2\x18z\x84Da\
\x10F\xe8p\xf72\xa0\x11184\x82q\x1a\x0d\x1f\
\xf9\xdb\xbfC\xd5\xcc\xbe\xfd\xbd\xef\xa1B\xe5\xc5)\x18\
\x00\x15\x0d\xa3j\x12\xc0\x02\xedp\x1as\x0c\x11\xbf\xfc\
A\x05\xa3\xd5\xee:\x83$g_f\x80<4-*\
\xa4ST|\xae\xbb\xfe\xedx\xf3[\xaf\xc3\xbf|\xe7\
_\x91\xd4\xeaX\xb7~\x03y\x01\x1d*\xae\x08\x03\x84\
I\xccxJ\x03&\x831\x1dQ)\x02yfY\x0e\
\xf1\x93\xf1\x93\x19UQ\x11w\xc1U\x07A\x04y\xb0\
\xa8\x93`\xb29\x83*\x15\xab\xc1\xa1a\xfc\xf4\x17\xbf\
\xc0\xdb\xde\xf9\xd7X\x1f\x99\xfd\xbf\xff\xfe1\xea\xf5\x0a\
\xda\x19\xfbb;\xf1\x00y\x844Z\x22*UA\x10\
p\x0c<\xa8\x8c\xe9\xf1\xbc\x84X0\xc5*\x19\x22\x9e\
\xabJ\xb3\xdd`%\xc63\xe8\xc5x\xdd\xe5\xaf\xc2W\
?\xfea\x9b\xa0\xc1#\xc5y\x80\x1e\x85\xb4\xdb\xa6\x87\
(\x04YRil!\xa3\xd1\x94DJ\x1b\xba,k\
\xd3\xfb\x10\x98A\x84\xd9\x8f\xe4\x10\xe5\x81Adf0\
3WjV\x84\x9a\xbf\x92\x5cA\xcf\xa9\xcc/\xc3\xb2\
h\xb9tF\x9c\xb56\xb4F\xba\x9c\x13\xd5\x0b`\x94\
9\x80B\x198\x11e\xa9\xc4!\xf2\xb4\x83N\xab\x89\
\x98r\x84l75>\x86\x8d\xa3#x\xde\xb3\x9f\x8d\
\xf14\xcd\xef\xfd[\xbf\x85vJc\x81\x9d\x0eVk\
`\x03r\xca\x9d!\x18s\xdc\x01\xdb%\xe4\x13\x06,\
\xa2V\xd9\xe6\xbapc\xe5\xb04\xdf\x8dV\x9b-u\
\x18\xfe\xe3?\x7f\x08\x1a(\xf6\x867\xbd\x19\xb7o\xdd\
\x86&\x95\xd5\xf7\xd3\xe37H&?\xfc\xc9O\x11\x93\
O\xca\xaa\xfa\xcd\x86BN#=\x01\x19\xcc\x0ca$\
\x03\x9f\xf2r~\xea\xf5:\x0d\xb2i\xc8#\x97\xb8\x8e\
S\xc8\x00\xa8R\xdb\x8f\x00\xfc\xfeo\xff&n\x9e\x98\
\xce_p\xd6\xf3h\xa4\x1d\xef\xbc<9=\x97\xc3\x03\
\x03\xc8i8\xc5\xe4eTi3\x8e=K\xbb\x08(\
kBe9r\xbc\xd8\x1fy0\x0b\xc2\xad$f\xb9\
\xc3L%.\xeaNey\x19f\xc4\xd0\x15\xactR\
\x87$3sc\xeb\xafjf\xa8T*\xa8\xf0\x1a\x05\
\xaf\x09\xf1\x0c\xc3\x10\x22\xcd\xa7\x99\xb9\xf1\x06\x1c\x83!\
\xa7!Cb\xbf\xc6\xb1\x05\xa4'=\xee\xb1\xee\xadu\
\x8f\xfb\x8bG`\x88F\x8f\x8c\x9b\x98k\xbfV\x89\xe0\
6+\xc0\x0f\x0d\x0f\x0e\x10\xe0=$\x8aC\x87}\x97\
\x06l\x87\xfd%I\x5c\x5c\xaf\x9c\xcf\x842\xe8\xba\xfe\
\xce\xf7\xbf\x8f\x93\xd7\xad\xb3+\xae\xbc\x0a\x99.B^\
\xf7\x01\xaf\x17#e\x8c\xcb\x93#\xca`\xc8)\x9f\xde\
\x80\x97\xe7\x86\x88\xf7\x936\xaf\x91V\xbb\x0d\xcda\x96\
\xe70\xca\x023\xf06\xc4\xeeS\x8e\x22\x07\x88}\xc0\
~\xc3j\x82!nv|\xea3\x9f\xc1\xc54\xb4\xff\
\xee\xd3\x9f\x86~\xd3\x17\x802\xb1Z\x8a\xc0\xb5\x8b\xe2\
\x0a,\x8c\xd1\xfb\xd1\x90\xd2\x8c\x95\x98\xd9\xa6\xe5\xcc\x03\
q%\xa1\xd7\xb7\x8b/~\xedkx#\x0d\xbf\xf7\xbc\
\xf7\xfdl\x17P\x96\x041\xef\x09aRa\xdf\x11R\
\xca*yr.\xde\xb4\x9b#a\x99\xa8\x9b\xe6hS\
\xf6\x802\x8btM\x91\xfd\x82\xa3\x9c\xfb\xde\xb0\xac`\
f\x1cjAj/2+\xd2f\xf3aY\x7fwB\
\xb3\xf9vf\x8b\xe3\xab\xf103WE\xf2jm\x89\
\x14W\xa6YQ\xa6\xf8\x81\x22\xf5\xd5O\xbd}\x95e\
\xbdy\x8a\x9b\x99\xc3RqO\x1e\x81\x83\x81@\xb0\x9f\
:\xf1l<\x02\x1e\x81\xbdB \xebi\xd5\x1b/\xb2\
\xdd\xd7}\xbe\xf82-k\xf2\xfb\x1c\xfc\xd6@HE\
 \xae\xd5!\xa5\xe0\xf4'<)\x7f\xcf\x07>\x80\x9a\
\x99iGu\x9a\xde\x8c\x0c\x86 \xaa\xc0\x02*\x1a4\
\x07\xbaT$\xa6\x1bm\xa7\x08E\x95\x181\x15\x93\xa9\
f\x1b\xfa\xe7{\x1d*1z\xf6\xfeE\xe7\x9d\x8b\x7f\
\xfb\x7f\xdf\xc7\xce\xb1]\xa8p\xa7\xb4F\xc5T\xfd\x99\
\x19`!\xda\xf4\x02`\xf6C\xfd\x82\xfa\x16\x0d\x1c*\
0\xb3Y.\x90\xe4\x81\x0a\x99rca\xf9l\x12\xe2\
E\xbd\x0e\x934\xd2\xda\xdc\xa5_\xb7q\x03\x22*d\
\xf7{\xf4\x93\xf2\xb7\xbf\xf3]\xb8\xfa\xbaw\xb8\x97#\
X@.!\xa0G\xda\xd4e\x10\xb1\xff0t\xbb\xfc\
\xa0b\x1b\xc4\x15\x80i\xa8\x03\xcaN\x0d\x0e\xd4?A\
e\x1c\xca\x9b\x9en\xe0.\xa7\x9e\x82i~\xf3\xea\xf7\
<\xc7\xb1\x9f\xcd\xb7\xdf\x0a\xed\x98\xe74 \x8cBl\
X\xbf\x1e\xc3CC\xd0\xab\xb6\xa5x\x8f\x0c\x0fc\x94\
;\xda\x14\xdb\x1dlZ\x8c\x8f\xfc\xe7\xe3\xaeh\xd9\x93\
\x99-[\xb6\x5c\x81x\xf7\x96\x05\x1c\xbb\x99A\xaf\x04\
\x1f\x1c\x1cD\xccq\xea\x7f\xe2Hi\xabW\xb9\x93N\
\xe5sfb\x1c3\xe3\xe3\xd0\xcb\x186Pf\x19t\
\xd5(\xc4\xa3\xa9 \xbf\xfe\xb5\xaf\xc5CO?\x1d\x15\
\xf2!\x8a\xa0\x0d\x81\x80\xa0\x04\xc8 \xef\x88\xe5\x80\x14\
\xa4\x94\xdaa\x97X\xb4h\xb4\xb4h\xe4H\x86(\x89\
8f\xa0M\x851\xa5\x12\x5c\xa1\xd2\xbey\xe7\x18\xde\
\xfd\xc1\x0f\xe1\xcd\xd7\xbd\x15g>\xf1)\xf9\xba\x8d\x9b\
\xd0\xa1b\xad\xf2\x90\x1e\x9c?\x7f\xdc\x93\xf2\xab\xde|\
\x0d>\xf8\xb1\x8fc\xf3\xae]H\xa2\x18\x0d\xca\xd8%\
nA\x98\xb85#E\x1c\x16\x82]\xa2\xdd\xec \x8a\
\x227>\xf0\x13\xb1\x1f\xc9$Y3\xf2\x9d\x9aib\
\xe3P\x1d\x8f>\xf3A\xb8\xea\xf5\xaf\xc3\x93\x1e\xff8\
\x04Y\x07\xb7\xdf|\x13\x12NrJ\xe3\xae\x9aT0\
H\x83Yc\x931\x90qS \xa5\x11,%\x9d,\
\x17\x1d\xc2X\xa4q\x97\x85J\x97q\x85\xfdi\xe5\xad\
FK\xb5\x91B=11\x81)z\x1cTnfP\
^J\xc3D\x86^N\x03M\xff\x144\xe4X\x86\x07\
\xea\xd0\xa3\x86;\xb6l\xc6\xa7\xdf\xf3N{\xf9\xf9\xe7\
\xe1!\x0f>\x1d\xa7\x9e|\x22\x02v\xae9\x0a4o\
\x8c\xf3r@\x1c\xc7\x08h\xdc \xcf\x00\xf2\x05\xd7F\
\x87\xca\xbc\xe61\x8c\x02\x04\xe4\xc9\x12zD:\xae\xf8\
6zC\xde\xfd\xfe\xf7\xe3\xca7\x5c\x8d?|\xd8#\
\xf2\xfa\xf0\x08\xc0:\xb9\xa3\x10\xb9\xb1\x17\xc6\xd5F\x94\
\x8b'\xc0\xfc\x82\x18\x05\x97\x8b\x02h,\x8ad\x06\x88\
\x14\xcf\xc1\xf6\x8c(\xcc\xd8Va\x97\x06\xc6\x89'\xf3\
\xda\xa3G\xf7\x9d\xefy\x0f^\xfb\xba+\xf0\xaf4\xb6\
Z\x9c|\xbd*\xda(\xa7\xea49_\xba'\x11\x16\
zz\x8a\xfbR\xc0\x09M\xc9?\x88\x0d9\xc3\xff\xfc\
\x9f\xff\xc5h\x12\xdb\xfb?\xf87\xb8\xf1\xa6[\x9c\x07\
\xb8\xcb\xfe\xb49\x93\xb1\x5cu\xd4\xa7Bf\xbbC\xf9\
\x8a\x94r+\xbe\x90\xb2\x85\xc9\xbe\x94\x19\x19\xf7\xe5\xf9\
\xa4G\xc0#p\xe4!P\xdc\x9d\x8e<\xb9\xbd\xc4\x1e\
\x81\xc3\x1c\x81=\x11O_\xb8\x19\x15\x12\x1a\x0b\x96\xf1\
\x8b=c\xe3\x82\x0c\x19D\xccXp\x94\x17\xae\xbe\xc4\
\xdbT\xee\xe4A\x09\xa9\xf8\x0fq'\xbfJ\xa5I;\
\xa8g>\xed\xa9\xf9+.\xbd\xd4=\xda\xb6}|\x12\
\x1dr\x98l\xd2\xa0\xa1RkA\x8cJ\xadNE4\
\xc3\xce\xa9\x194\xa8\x94\xe8\xedI?\xf8\xd1\x8f\xb0!\
\x8e\xec\xbaw\xfc\x15n\xdd\xbc\x85\x9e\x97&\xa4\xc4\xd6\
\xa9L\xb6\xd8\xaeT +4JB)G\xe4\xa9\xa3\
T~\xa4\xa8\x8a@c\xca\xa8\xe0*>G\xaa\xd8O\
A\x80\x81\xa1!\xd2\x08,\x8c\xa0\x7f\xf8\x07*\xea\xb7\
m\xd9\x82o\xfd\xebw\xdc[\xe7\xfe\xe1\x1f\xbf\xe6<\
<\x01\x8d\x9c\x16\x95\xc36yK\xa1\x89\xaa\x15t\xa8\
\x98\xa7T\x8a3\xca_\x10;0*(\x04\x86gP\
O\xc2\xe8@\x0d!\xb3[\xf4L\xfc\xde=\x7f\x0b\xd7\
_}5^z\xee9`o\x18\xdf\xb1\x1d\x950p\
\xff\xa7gb\xe7N\x1c\xb3a\x03\xd6\xd3`\x18g|\
\x17\xbd@l\xe6\x14\xbb\x9c\xb3 b\xd7\x1a\x1a\x15\xf5\
\x9c\x84\xa2\x8c\xe3,\xeb)\xdc\x13\x12n\xa2\xde6\xbd\
i\xcds\xadR\x01h\x90\x8d\xd3x\xd0+y\xd7\x8f\
\xaeC\x9d\x9e\x99\xed[\xb7p|\x86\xf5C\x038v\
\xfd(vn\xde\x8c\x1b\x7f\xf63|\xfd\x13\x1f\xb3W\
\xbc\xfcex\xfa\x93\x9f\x8c\xe3\xd6\xad\xa3\xe4@\x8b\x06\
o\x97\xde\xaa8\x08\x89E\xc0\xbc\x8c\xe3gH\xac\xa4\
\xf4\x9b\x19\xe2$BR\x89iTv0A#C\xaf\
\x18\x97R*\xdc\xa5\xc7~\xe9k\xdfp\x8f\xab}\xfc\
\x93\x9f\xc2\x14\xb1\x9ciw\x90\x93_\x9b\x8aj\x8b\xf1\
\x88F\xc7\x00\x15\xe8\xc9\x99\x06\xbe\xf8\x95\xaf\xe3\xd5\xaf\
\xbf\x12\xdf\xa6\xb1\xac\xc7\x14e\x84\xb7\x91#Jj\xc8\
\xd8f\xa6\xd9BD#5\xe1\x1c&\x1c_\x8e\xe2\xa3\
\xb1\xcb\xc3\xa3\xb9\x93gc\xb4^\xa5\xc7 G\x8bF\
\xd8\xc6\xd1!<\xf5IO\xc4\xab^y1\x1e\xf2\x80\
\x07\xa0I#\xa2FCI\xff[\xa919\xe1\x8c\x9f\
A\xd6\x8f\x02p\x8c\x86a\x1a\xe8\x01\x19\x8bB\x8e\x8f\
\xd9\xae\x13\xf5\x91s\x01\x15\xc4k.g%WR\x9c\
T^\xc4v\xff\x9cqld9\xd7 %O\x91\x1e\
C\xadp|a\x18\x22\xe0ZO\xc2\xc8\xc9\xd6\xe1\xf8\
\xc7w\xee\x80\xd1P\xd9\xb8n\x18y\xa7\x89\x9bo\xf8\
\x15\xf4?t4>\xfd.\xe7\xb7\xef\xf1\xeb\xd842\
\x84\x98\x5c-\x83[\xa72\xec\x8cips \xcf\xba\
\x5c\x7f\xec\x99\x19\xedV\x8b\xeb1ETI`\xc4D\
\x1e\xd1.\xeb\xe5\xa4(\x89\xf1\xd9\x7f\xf8\xb2\xbb\x96>\
\xf3\xf7_\xc0\xe0\xe8\xba\xe2\xcd\x8e48r\x0b\x80 \
$\x19@\xf9r\xe2df03\xe4\xc6\xc6\x81N\x0c\
y\x1f\xca)D\xae\xed\x11\x86 ).lEJ;\
R\xd5^\x0a#\xec\xdc5\x0ey\x85O\xbd\xc3\x1d\xf1\
\xa3\xff\xfb)\xce=\xff%\xd8\x10\xc7\xb6e\xc7\x0e\xcc\
\xf0\xda\x8dj\x15T\xea\x09\xaf\xf1\x9c\x9b-9\x92\x81\
\x04\x04\x093\x1cDJ^\xbf\xb8\xe9v\xbc\xe5\xfaw\
\xe0\xf5W\xbd\x11\x0f\xff\xcb\xa7\xe79y\x8a\x869\x0e\
\xc9\x9fqq\xe6$\x85)rd\xc6\xcbe\x96\xd8\xdc\
\x1d\x86\x0c\x22g\xe0\xcf\xc6-wE{u\xda\x9b5\
\xb2W\x1d\xf9F\x1e\x01\x8f\xc0~A\x80w\xba\xfd\xc2\
\xc73\xf1\x08x\x04\xf6\x0a\x81\x8c\xad2X\xdf7\xaf\
\x991\xcfXV\x1ce\xf1\xc20\xe0\x8ex\x0d9\x15\
\x92F\xbb\x85)*PRN-I\x10\xd3\x90\x89\xa8\
\x10[T\xc5\x07>\xfaQ\x5c\xf8\xcaK\xf0\xe5\xaf\x7f\
\x13R\x86B*C3\x9d\x0cS4\x14r*8\x03\
\x83ul\x1b\x1b\xc7\x9b\xde\xfeN\x5ct\xe9\xe5\xf8\xdd\
3\x1e\x96\xcb\x933\xb2a#\xd6\xd1\xe3\x91\xd4\xaah\
\xd3\xc8hI\xa1\xe2\xd6k\xc4\xf6!\x95\xb7\x8c\x0a\xb8\
\xbe\xf4E6\xab8H\xa1(\xd3\xca\x13\x81\x0aH9\
\x12\xa3rW\xe4\x15\xe3*y\xb4\xb9#\xad\x7f\x16\xd9\
\xa6A5H\x85y\x94}'\xf4$M7\x1ax\xd7\
\xfb\xde\x8faj\xab\xdf\xfe\xfe\x7f!\xaeD\x00\xc7\xdb\
\xa2\x16\xa4\xb1\x86\x1c\xab\x8c\xbc \x0a\xe1\x88r9\xce\
\x94\xa7\xd3\xea\xc2\x98P\x7f\x0a\xf5\x18P\xc0t\x97c\
\xf9\xa3\xfb\xdc\xc7\xfd\x06\xe2\x99Oy\x0a\xf4[\x91\x99\
\x89]\xd84:\x0a)\xce[o\xbb\x1d\x11\xf9\x8c\x0e\
\x0dC\x8a\x9c\x999>l\xea\x8e\xdc\x02\x14\xc4\x91\x19\
\x89\x8a\xad\xc6\xac\xc22T|O\xa8\xbf\x9d\xd2\x22\xe1\
\xa3\xb7\x8f)\x94g'\xe1x\xa7\xa7\xa7\xd1\xe9t\xb0\
i\xfd\x06\xe8\xe5\x0c\xddf\x037\xfe\xe2\xe78\xf9\xf8\
1\xab\xcf&\x00\x00\x10\x00IDATc\xf0\xc6+\
_\xeb\xdeHw\xb7;\xdd\x81\xc6\x0c%\xa0l\xddN\
\x0b\x95 @%J\xa8C\x06\x1cK\x8e<#\x80*\
&\x85Q\x04=\x92$\xa3\xa4I\xc3\xa5\xae\xb7n\x0d\
Ti u\x11\xd1r\xf8\xb7\xff\xfc!\xcey\xc9\xcb\
\xa9l\xbe\x89\x0ah\x07\xc7\x9et22\x1a\xcb2l\
d\xb4Til\x0d\x0c\x0f\xa1\xc5\xb5\xd1\xe4\xfc\xc5\x5c\
w\xe2\xf3\xb3_\xfe\x0a\x97\xbd\xe6\xb58it\xd4~\
~\xc3\x0d\x08\xd8\xf38\xbdl\xec\x02\x15\xd6\xd951\
)\xd5\x19z\xdc\xaaM\xc5[\x1e\x9fb\xcc@@\xb9\
\xaa1\x0d/\x1a]z\xa4m\xb8\x12\xc3\xc8\xbbf\xc0\
o\xdf\xf5\xaex\xee3\x9e\x86\x97\x9c\xf3\x22\xc80\xaa\
\xc5\x09\xaaQ\xcc\xf1\x1a\xba\xf4 \xe8\xa5\x06\xe0\x06@\
\x18\x04\x089W22\xcc\x0cehF&X\xfa\xa3\
\xfe\x97.Y:W\xf5E\xbd\xa5\xbd\xe9\xc9\xc9I\xd7\
\xaf<s\x1d\xce\x99\xbc<]\x8echh\x08\xc7\x1c\
s\x0c\xe7\xa1\x8d_\xfd\xf2\xe7\xd0u\xf1\x8c\xa7=\x05\
\xaf\xbd\xfcR\xfc\xc1\xef\xdd\x1b2\xd2U/\xa3+\xb3\
KC\x0f4n\xc05-\x92\xe7Jef\x1c\x07\xc9\
8N\x19\x8d\x1d\xae\xeb\x8c\x82\xb8j\x01#<\xfe\xe5\
{\xff\x0f\xe7\xbf\xecB\xbc\xeb\xbd\xefC\xad>\x8cu\
\xeb\x8f\xc1\x0e\x1a\x89\xf2\xd6\xd5\xe9\xbdD\x10\xc2\xcc\x90\
\x93\xcc\xcc\xc5\xcd\x0c\x08\xcc\xc5\xc9\xc2\x1d\xb9\xb9\xc0\x9d\
4\xbe\x92`\xec\x91\xe4\xae1u\xecj\x94'6\x22\
/\xad\x93\x14F\xa3g\x12\xfa\xdf<w\xb9\xeb=p\
\xc6_>#\x7f\xf6\xf3\xce\xc6\xbb\xdf\xff\x01\xfc\xf7\x8f\
\x7f\x8a.\x9b\x04q\x80\x06\x17G3\x05\x1a\xcc\xd0&\
\xcc{>\xf81\xbc\xe6\x8a+\xf1\xd5\x7f\xfa&\xd7\x0a\
\xe7\x17!\xa2J\x1d\xc34tv\x8dO\xd0laC\
\x1e\x99\x01\x92\x89\xd1\xb9Ci3\x83\x99\xcd\xe5)b\
\xb60\xad\xbc\xd5\xc8\xach#\x9ee\xdd\xdex\x99\xe7\
C\x8f\x80G\xe0\xf0D`\xf6\x96xx\x0a\xe7\xa5\xf2\
\x08\xacy\x04\xa8TH\xa3v\xbb\xa6R\x1a\xa85\x18\
\x09\xeek<\x831tDEB\xd9\xfd\xe4\x94\x1e*\
,\x11\x15>\xf7\x18\x0b\x0d\x90\x16\x15\xa4&\x95=\x19\
\x03[\xe9\x0d\x18\xdd\xb8\xc9\xbdyI\xbf\xafx\xce\xf3\
_\x84O|\xeeK\xb8}\xeb\x0e\xec\x18\x9b\xc2\xed;\
\xc7\xf0\xce\x0f|\x18\xcf{\xe1\x8b\xf0\xb9/\xfc\x03\x06\
FGq2w`e(M\xd1\xd0\x98\xa1\x813\xad\
\xc7\xcch\x8c$T\xb4\x07iD\x85\x94\xaa\xdbn\x22\
\xa5\x12-c\xc0\x91&*\xcb\xa9\xfb\x90(3\xcd\x01\
\xd6\xcaQ\x84\xd0\x10!\xd9u\xc3q\x94\x17y\xd5Z\
\x82V\xbb\x816w\xb6\x07\x06k\x18\x18\x18\x80\x0c\x9c\
\xf1\xe9)X\x9c@F\xdb =-\x7f\xfe\xf8\xbft\
\x8fG]u\xed\xf5\xf8\xd9\x0d7\xc1Bv\x18\x06N\
I\xa2nDE\x88\x88\x91'u{\xb0cG2\xca\
R\x1au\xeaO\xd5A\x05\xdfH\xb50\xc2\x10w\xbb\
\xebT\xa6\xff\xe2\xe1g\xe2\xea\xd7\xbf\x1e\x8f8\xf3\x0c\
l\xdf|;f\xe8!8\xe1\xd8c\xdc\x8b\x0e\xa40\
cvL\xc8\x03P\xe2\x82\x187*]\xa2^\x85\xa7\
7\x8e\xdd\xfcH\x89\x14\xa9\xba\xda\x8b\x14/{33\
\x1a\x1c\x91\xc3\xaeCoJ@\xc5v\x98Jj\x95\xd8\
\x8c\x8f\x8d9\x99\x07\xe2\x08/~\xdeYx\x0bw\xbe\
\xefM\xcf\x95\x8c\xbc\x90L\x22\x11\xdbW\xe3\x0a\x8d\x82\
\x88s\x91\x0146\xa5,\x1b\xc7\xc0b\x0e\xb1\xeb\x8c\
\x0d\xa3Q3@\x8f \x08\xec\xc4L\x0b;'\xa7\x9d\
\xe2\xf9\xe6\xb7\xbd\xc3\xbd\x8e\xf8W7\xdf\xe2\xd6E\x9b\
F\xc9m\xdb\xb6\x81BA/\x98\x08\xa2\x18\x0d*\xe3\
-*\xa9\x089\x1f\xe4?13\x83\x8crn:\xfe\
\x04\x8c\xac\xdf\x84\xdf?\xe3\xe1\xf9\xf3^x\x0e\xdet\
\xfd\xdb\xd1\xe5`\xa3$\xc4D\xa3\x8da\x1aHS\xec\
\xab\xc3\xdd\xfd\x80m\x03\xca\x10\xc7!\xbd8-\xb4\xc9\
30`\x80\x9e\x9a\x80\x93\x9a\xb3\x8e\xbc8\x1a\x97h\
\xd3\xc80\xee\xff\x87\x7f\x88k\xdf\xf4&<\xf0\xfe\xf7\
\x03\xb8\xe6\xa7\xc7&P\xe3\xbc\x8e\x0e\x0d\x22&\xbf\x94\
\xde&\xadM\xe3\xba\x08(O/\x99\x19\xccL\x108\
\x12\xee\x22\x97\xe0Iq\x11\xa3\xab\x1e\x1c\x12D\x19r\
\xae\xfc\x1c\x8a\x97\x8d\xd4\xa7\x1ea\x93\xd1\x13s\xbd\x8d\
p-+\x9c\xa4\xa2\xbe\xf9\xf6\xdb035\x89\xa7=\
\xf9\x89\xf8\xab\xeb\xde\x82\xc7?\xe2\x91\x9c'bH\xa3\
( \x03\x8d7!\x1e\x15\x8e)\xe45\x9e\xf3\xda\xee\
\xb2,c\x18\x061`!\xda\xbc\xceS\xcel\x0a \
\xa2gM\xf3\xa6\xf8\xed[\xb7\xa3ffzll\x07\
\xfb\x92\xc11\xd5lBos\x94\x913\xcek\xbaE\
\xccr3\xcak\x0b\xb0 \xab\x9e\x83k\x86\xa32\xce\
kI\xba\x8er\x1a_\x22\xc5\x1d1\x8d\x1e2^7\
\xc2\xafK\xf9\x9a\x5c\xb7L\x22\xa1\x81\x0b\xca=5\xdd\
\xe4\xf5\x9e\xb97\xa5\xfd\xfd\x97\xff\x11\xaf\xb9\xea*\x5c\
\xfe\xc6k\xf0\xb5\x7f\xf9.n\xa7\xb7\xe7\xbb\xff\xf9\x03\
\xbc\xf5\x1d\xefto\x88\xd3o\x10\xc7\xa6\xa6\x91\xd0\xb3\
\x1cU\xaa\x18\xa1\xe7u\x9c\xc6\xfe\xafn\xbe\x19\xb5\xa1\
a\xca\x19P:b\xce5\xc2\x84;\xd4\xaf\x93\x8d%\
\x98%\xfd\x0eL\xa4\xda\x22\xc5Ef\xc5\xd8\xcdV\x0e\
\x1d\xe3\xd9\x93\xf8\xcfF\xf79\xf0\x0c<\x02\x1e\x81\x83\
\x83@pp\xba\xf1\xbdx\x04<\x02K# e\xa2\
(1\xb3\x22\xb2\xccYJ\x9b\x8a\xcaP\x17\xafv\xfd\
\xbbTD\x02*\xbcAH5\x90<\x8c\x8aQL\xc5\
\xa7J\x05a\xe3q\xc7Q\xa1\xcd\x11$U\x9ct\xca\
\x1d0M%\xf2]\xef\xfb\x00\x9ew\xf6\x8bq\xde\xcb\
.\xc0\xb3\x9f\xfb||\xe6\x0b_@J\xc5i\x84\xde\
\x946\x15\xa9\x9d\xdc\xf9\x95\x82\x92T*l\x9bR\xdf\
\xcf\x11SQK\x92\x04R\xb4\x1aT\x94\xf4\xdb\x88J\
\x9c8%\x5c2I\x01\x90<\x8aK\xc1\x04\xb5\x1b)\
<\x925\xa0|F\x92\x92\xa1\xf2B\x01)b\xaa\xab\
G}\xea\xf4\xe2\x98\x19U\x13\xf6UI\x10S\xb1\xc9\
`\xeeU\xd63T\xf0\xeaT\xf0\x07GF\xf1\xed\xef\
\xfe;.\xbe\xecUx\xef\x87?\x86qz\x09Z\xec\
'%+\xea\xb3T\xa4\x01)p\xdc\xe0f\x0e`\x14\
(\x0cy\xea\xb2\x94G\xc41FA\xe8\xde\xe4\xa67\
\xba\x19\x0d\x9fj\x10`\xe3\xbaQ\x9c\xf5\xb4\xa7\xe1-\
\xd7\xbc\x09\xff\xf8\xb1\x8f\xd8\x96\xdbn\xc5v*\xf4\xad\
\xc6\x0c@\xe5^c\x06qq!\xc8\x0f@&\xe6\x8c\
\xe7\xb9Ac\x171{\x8f\x0f\xb5\x13\xf56\xecM\x87\
\x9aS\x16*/\xa5\xe7d\x86\x86\xc4\xf8\xf884\xef\
\x958\xc6\xe9\x0f\xf83\x5c\xf4\xb2\x97\xe2Q4\xda\xea\
I\x84\x98K(\xa1\x95\xd0n\xb6)\x1d\xe5$v`\
\xbb\xb4\xdb\xa6\x01\xd1B\xce\xf1D\xf4\xe4\x88\xaf\xb1F\
\x10F\x08X\x9f0b\x92^\x9102\x1a\x18\x15|\
\xfb\xdf\xbe\x8b\xe7=\xff\xf9\xf8\xec\xdf\x7f\x01A\x18;\
\xc5T\xebB\xca\xf2\xd0\xe8\x06\xe7E\x9c\xa6\x12k\x94\
\xaf\xc3>\xa6(WN~z\xdbU\x9d\x06k\x179\
\xf4f\xacN\x9e\xe3\xb8\x93O\xc6\xc9\xa7\x9c\x86\x7f\xfc\
\xfa7\xf0\x8cg\x9d\x85\x0f\x7f\xfc\xd3\xc8\xf2\x10)\x80\
j\xbd\x828\x09ip\x81\x8a{\x8e\x8cy\xf5Z\x05\
\xa1\x11g\x0a\x95QY\x16E\x9cGciF\x03{\
j|;Z\x8d)\xc4\xac\xbb\x9e}=\xf3IO\xc2\
5o\xbc\x1a\x7fD\xe3gb\xe7.\x8c\x93b\x8e1\
\x0a\x08\x86\xd6\x1d\xe7\x9e\x1d\xb2\xf6\xfca\xc62&\x85\
\xab\x88\xd1\xb9\xa3?=W\xd0\x17\xe1\xd4\xcf\xe5\xf4\xb7\
QZ$o\x9c\xf06+\xfa\x93\xe1\xb3}\xfbvw\
=}\xe3\x13\x1f\xb1\xeb\xae}\x0b\x1e\xf6\xd030\xac\
\xf5On\xb5(F\x95\xf3\xca+\x99\xab\x9f\x19\x92\x9d\
\x01\xb8\xfer\xce\xa3xE,\xb7 \x80\xbc\xa1\x11\xaf\
AU\x99\xe2\xc6D\x97\xf5\x86\xe9e{\xdf\x87>\x84\
g<\xfbY\xee\x91\xafcN8\x11M\x1a}!\xeb\
U\xb8Q\xb1m\xc7.\xc0b\x1c\x7f\xe2I\xb4\x0f\x85\
6\x16}$wI\xbd\x85\xfdy\xba\xb6\x8d\x15D\x0c\
\x96<b\xca\xaa\xb5F\xf1!/`\x83k\x86\x83G\
m`\x04\xf5\xc1\x11T\x06\x071A#\xec\xbb\xff\xef\
\xfb\xb8\xe6mo\xe3=\xe9\xe5x\xed\x95o\xc0\xd7\xbe\
\xf9-\xec\xa2W\xec\xc4SO\x85\xbc\xcfqRq\xf2\
\xdez\xfbfTj\x038\xf9\xd4;`\x82\x86\xa2\x0c\
\xcc\xde\x8e%co\xba?n\xb6\x92\xb4\xfd\xb5\x97O\
\xab\x1f\xd1\xf25|\x89G\xc0#\xb0\x17\x08\x1c\xb0&\
\xfcF9`\xbc=c\x8f\x80G`w\x10\xb0\x1c\xd2\
\xed\x9c\xe5\xc0\xb8\xc2\x80\xdf\xc9\xa2\xb2y@E\xaf\x9f\
\xc0\xbc$I eB\x8a\xb0\x14`\xfd\xa6\xa6\xd1j\
R\xb1h`z\x86\xd4l\xd1\xc0ia\x9c\x06\xca\x18\
wD\xa9\xebbp\x88\x8a\xc6\xf0\x082jk\xf5\xa1\
a\xd4iHh\xe7T;\xf5\xca3*\x96`\xe7\xed\
n\x87\x8aE\xd5\xbdM\xaa\xec\xa3\xddnQ\xff\xefB\
;\xe7\x15\x1aXN=\xa5Bi%Q&p\x87W\
\xb2\x1a\xf3\x8a\x10\xd0\x8dfvh\x1a\x9e#P!\x9e\
\xa2\xc2\x12\xe4\xe4Bmh\x8c\x9e\x0a=\xe6\x13\xc5\x15\
T\xa9\xd0t\xba]*Eu\x04I\x0c\xfd\xe6C\xca\
\xdc\xc0\xf0\x10\xbad\xf4\xc5\xaf\xfc\xa3\xfb\x0d\x82\xfe\xf7\
\xcfm\xdbv8\xc5Y\x9d\xc4\x15\x1a3\x04\x8dM\xd1\
U#\xc6a\x86n\xa3\x89\x94\xde)P\xa68\x0eQ\
s\x0a\xb5\xa1C\xe59f\x9d\x94\x86\xcf\xc9\xc7\x1f\x8f\
\x894\xcf_y\xf1\xc5\xb8\xfb\xdd\xef\x8em4x\x84\
kI\x14\x11)\x0d'\x85Y\x9a\xb3\xcf\x1cRxD\
d\xb1OG?\x0f\xa5\x1dq\xc2\xe4\x05\x10s=\xf6\
\x14q\xa1\xec\xdc\xb6\x1d\xa7\x9cr\x0a\xce;\xe7\x1c<\
\xff\xb9\xcf\xc5\x9dN=\x05\xc6\x0a\x9c2\x17&\x1a_\
5\xa1\xac\x9c\xa7(\xe6\xfa0:b\x227\x8fR\x96\
Y\x15\x14\x9cc\xef\xb8\xe8\xf8\xc444\xa6\x01b\xf2\
_\xff\xf3\xbfT8/\xc0\x9b\xaf\xb9\x06\xf2\xe2\x9cv\
\x87;\xd1s\xd3t\x8f\xa8i\x8dh\x97\xbdA\xe5y\
d\xfd\x06\xd4\xea\x83\xe8f9\xf4\xd8\xe1\x10\x0dQ\xad\
\xbf\x1d\xdc\x99\x97R\x1bQ9\xadT\xebh\xd3#\xa3\
u(\xaf\x82\x1eML9\x17\x7f\xfd\xde\xf7\xe1e\x17\
\xbd\x02_\xfe\xda?c\xeb\xce\x09h^%\x88\x94w\
\x85\xa2\x88c\xc8\xa9\xdc\x07a\x880\x0a\xc0\xc1 \xef\
\xb4\x11G!\xf4\xe2\x88\x81Z\x15!\xd7Z\xc8\xcaS\
3M\x1c{\xcc\x06\xbc\xfc\x9c\x17\xe2\xd2\x8b_\x89\xd3\
\xa8 o\xdb\xbc\xc5\x19w\xf3s\x97q\x8c\x19\x87=\
?g\xc2\x97\xcd\x17\x1cK\xe5-\xa8\xd0\x97P}Q\
ovoz\x82\x1b\x07q\x1cC\x8f\xb15\xe8\xa1\x98\
!\xdd\xe1\xd4\xd3\xf0\xd4\xa7>\x15\x13\xacx\x12\xd7\xdc\
\x08\x0d\xb6\x883g\x1c\x0fH\xcd\xf6\x0ceo\x00\xbc\
\x8e2b\x90\xd1\x98T\x18\x90\x0f\x88\x9f\xfa\xcay\xe2\
\xd2\xe0\x15\x04\xb4\xb9\x12\xa3j\x05\xdf\xf8\xe7o\xe2/\
\x9f\xfdl|\x96\x9b\x17\xa7\xde\xe9\xceh\xb3\xfd$=\
\xa4\xd5\x81:R\xae\xfb\x16\xf9h\x9e\xda\xf4\xe8l\xde\
\xb2\x0dA\x18#7bK^0bC>9Iq\
\xf5\xedHe\xbd\xc4k/\xa7\x8c ?\x17\x22G\xc0\
\xebW\x9b\x16\xbd\x04]\x8c\xa4 \x88\x88;\x87b!\
j\x03C4n\x07\xdd\x9a\x98\xe4\xfd\xa8A\x83\x5c\xbf\
\xf5\xd2\xb5.#\xbaC>\xf2\x08\x0e\xaf_\x8f\xe1\x91\
Qh|\xb7o\xde\x0ayt\xda,\x9b\xa6\xa14\xc0\
{\x97d\xde\xb6c\xa7\xe3\x0b\xc9B\x92g<\x93\xec\
\x8c\x17y\x85\xd0!\xf1\x12\x15y\x19\x8cr\x07\x94Y\
a\x91W\xd4[\xeelf\x84\xdc\x96+\xf6\xf9\x1e\x01\
\x8f\xc0\x11\x82\xc0\xec\x9d\xee\x08\x91v\x8d\x88y\xfd'\
?\xea\xef\x9e\xfb:\x97k\xa8\xbd\x19\x97\x03\x0d\x0f7\
$\x86fL\xa3$\x97\xbb\xecI\xbf\xa5\xe9R\xb3\xcf\
\xa8\x0cH\xa9\x1a\xa0\xe24\xc8\xdd\xd2J\xa5\x06\xa3\x82\
\xa1\x86U*\x9d\xca\x93a\x04*\x1f\xa0\x02,\x85A\
\x8f\xb9\x854X\xda\xad\xaeSh\xa5\x98T\xe8\xcd\x01\
\x02*\x12\x19B*\x9aR`\xa5\x84\x8a\xb4\x83\x1f\x86\
\x11\xd4GDEIe\xa0\xbc9L\xdd8\xa2\xfe\xe6\
\xc2\xcc\x9d\xe7\xd5\x89\x8c\xcaT\x91\x95\xa9I\x11\xe5y\
hh\x18]\xee\xdeK)\x1d\x19^\x87\xd1\xd1Q\xa6\
)\x8f\xfe\xffJ\x10@^\x0c\xb3\x10\x1a\x9b\xfao\xb1\
nT\x1d@Hez\x86J\xf7E\x97\xbc\x12w8\
f\xa3}\xef\x87?\xc2T+u\xea\x8eE\x00\xc5\xe3\
0\x0d\xe0\x01j\xc4\x91\x94c\x1a\x86 N\x98\xfd\x84\
,\xd3.:G\x0b:4\xdcow*\xbc#\xde\xf7\
w\xee\x89\x17<\xf798\xf7\x85g#'\xb6\x14\x08\
95/\xa3\xcb(\xcf\xba\xc4\xa6\xeb\x94&)\xe0\xe5\
\x085nB\xe1\xc6\xb6\x5c8\xdb\xed\x92\x81k\xd3#\
\x9b*\x19\x15\xb3\x8c\x0a\xfeq\x9b6\x024<\xff\xf7\
\x87?@\x85\xca\xfe\x8b\x9f\x7f\x16^\xf9\xf2\x97\xe3\xbe\
\xbfs\x0fT)x\x85X\x80\xf2\xb5i\xd8JN\xe4\
lM\x8a8W\x8c!\xa3\x81\x96\xab\x03\xce+H\xee\
\xb71\x0c#*\xcf\x0d\x96\x0d\x0c\x0f`3\xbd!o\
\xb8\xf6z\x5ct\xe9e\xf8\xf1\xafn\x84\x1eA\x93\x92\
\xb9c\xd7N\x04\x5c/A \xa55\xe3\xdc\x0fA\xeb\
HF\xb5\xe6\xc3\xcc\xa0\xdf\x10\xc9\xe3\x94\xd0{\xa8G\
\xec\xdc\x5cQ1\xd5\xfa\xd0z\x0ai\xbcZ\x188\x0f\
C\xc0\xf5v\xec\x89'\xd2\xc8\xd9\x09\xbd\xd2\xfc\xbd\x1f\
\xfc\x00~\xfa\xcb_! \xeeUzy\xa8\x87;\xc3\
\x96\xe2\xc3\xa2\x08\x19\x95}\x02\x0e\xb0\xbd\xd2\x1a\x0fh\
`\x81\xd8\xc0)\xb6\x80^bP1\x80\xba=\xee\xf5\
[w\xc7k_u\x19\x9e\xf5\xb4\xa7\x22\x12\x10\xc4\x0d\
\xe4a\x9c;2\xe3\xbc\xa5\x8e\xb2\xd9yt\xfc\xfaN\
\x82j)\xea\xab\xe6\x92\xaa\xe7\x22\xb3\xa7<\xcf\xb9\xe4\
2hM\xe9\xb7`1\xe5n\xd2C\xb1}\xf3\xed\x18\
\xa41\xf9\xd4'?\x01o\xba\xea\x0a\x9c\xf1\x80\xfbb\
\xa6\xd1v2\x86\x92\xd3\xbd>$c[\xa0N\x1c\x85\
\x1b\x88m\x10\x860R@,\xc01\x8a:\xbc\x06\xf4\
Z\xe6\x98\x06m\x97\xfd~\xf7\xfb\xff\x85\x0b/\xbd\x0c\
\xd7\x5c\xf76\xb43\xb6\xe7F\xc6\xf6]c\x90\x11\xa1\
\xcd\x8cI\x1aX\xcdv\x172\xb8B\xf2\xd2\xfc\xd4\xe9\
I\x92\xacl\xee\x8e2\xaeP\xa4\xcc2T|\x8e\xca\
\x013\xa4\xdd\xc3\xecY\xa1\x18[\xea(\xd7HFk\
Z\xeb\xa4\xcb\xebi\x80\xf7(\x19`-\xceM\xcc\xfb\
T\x97\x98ed3\xc0\x8d\x8cj\xbd\xe6\xeeE\xf2\xe6\
\xea\x7fq\xad\xe7\xda\xd7\xe6\x0dmf\x0c9C\x07\xce\
\xa3\xa5\xb1\x0c\x0d\x0d-\xd5\xe5\x5c^\xaf\xfcf\xec\x80\
%\x14\x1b\x22\xb3\x22\xcd\xac\xdd:\xcc\xf6\xac\xfen1\
\xf5\x95\x0e=\x02\xee{\x89\x17M)I\xce\x1b\x91\xa8\
L\xfbp\xcd \xc0\x99]3cY\x93\x0313\x98\
\xd9\xa2\xb1\xe9F\xbe;\xb4\xa8\xe1!\xcc037\x16\
\xb3\xf9p5q\xcc\xe6\xeb\x9a-\x1f\xef\xe7Sb\xd3\
\x9f\xdf\x9f6+x\xf6\xe7\xefn\xfb\xfev\xfdi\xb3\
\x82\xbf\xd9\xd2a\x80\x90\xca\x17\xcbx\x835~\x0b\x1b\
C\xe9p9\xbf\xfdE\x015w\x11\xa8l\xe6F\xb5\
\xa8\x8fT\xe6\x88|\x90\x19\xd2N\x86n;EN\xe5\
7\x80\xb9P\x8f\x01\xc9\x98H\xa9T\xe4A\xc6j,\
\xa7A\x10W#\xee\xccg\xce\x90\xa8\xc4\x09\xa4D\xaa\
\xae\x1e\xf5J\xa2\x0a\x15\xb6\x10Q\x10#\xb4\x88\x9c(\
'B\xa4\x94Q\xca\x96vZ\xb5K\x8f\xa0\x90I\xa1\
\xc8\xa8\xdc9\x8a@e\x15P\x7f\x8e\x8cqG\x01\xa4\
\x0a\xe6\xc6\xd0\xcc\xed\xf2\x1a-\x93\x90\xfdHF=\x1e\
g\xac!C\x84\xc2\xa3\x9a\xc4\x0c\xba\xce\x0b\xa1v\xc6\
\xfe\xa4\xeb\xea\xb1\xbb\xb0Z\xc5\xaf\xff\xc6o\xe2O\xfe\
\xe2\xb1\xf9\xab_\x7f\x05>\xf4\xb1\x8f\xe2\xe6m;\x9d\
\xa7\x80\xfb\xe2\x98\xc9\x816\xfbLI\x14\x9b\x02\x01\x08\
\x8c\x82\xe4\xd4\x953h\x8e\xd3n\x0b\x01M$\xbd\xa6\
:\xe1\xd6\xb4\x14T\x8a\x8e;\x9fx<\xce\xfc\xf3\x07\
\xe0\xaaW\xbf\x0a\x7fp\xaf\xff\x0f\x1d\xee\x90wg\xa6\
1X\x8d\x11Z\x8ank\x06\x1c*\xa44[\x08\x84\
q\xc0)2\xa8\x1frv!\xd8\x97q\xde\xbai\x8e\
\x8e\xb4\xb5 D\xc0t\xaeJ)`lX\xa1!*\
\x07TYnf\x9c\xc3\x0e\xe7\xb0\xc5~\x808\x08p\
\xeb\x0d\xbf\xc4\xcc\xd8.<\xe2\x81\x0f\xc0\xb6\xcck8\
\x00\x00\x10\x00IDAT\xe5\x17\xbc\x0c\x8f=\xf3\xcf\
\xb1i @\x05\x80\x09\x0c*\xee\xc83$\x95\x18\xc6\
\xfa\xd0'\xe7\xe0\x15\x1a\x10D!\xb8\x1c\xa0\xaa\xec\x16\
\x19\xe5\xe8\xc2\x9cz=\xc3\xf0}\x9f\xf8,\xce{\xc5\
%\xf8\xd6\xf7\xfe\x03\x03\x1b\x8eAep\x18S4$\
\xb3 @\x5c\xab\x91A\xc8\x19\x81\xfbt\xe5\xd9\xeb\xb6\
\xd9\x8a\x0a\x82\xac\x0bz\xc4\xe20\x80\x08\x8ck\xfd\x04\
,\x8d\xc3\x08\x11\xfb\x11\xc6Rt5|(M\xa5\xbd\
\x0d c8\xb0a=\xbe\xf3\xbd\xff\x87\x97\xbf\xe2\x22\
\xfc\xf5\x87>\x84)\x1a%Y\x084\xf2\x0c-\x03f\
\xd26\xf2(\x84<yz\xa9\x04\xd9\xb2%\x0f\x0e$\
\x97U\xc4!FL\x06\x0cA\x8c+l\xcb\x03C\xc4\
\xe1\xe1\x0f~0\xde~\xed\xb5\xf8\xfc\x87\xdegy\xb7\
\x89\xb1\xed[APQ\xe1\xc2\xd2\x9c#\xeb\xa0\xce\xb9\
4cG\xe4\xa1)1\x8e#`\x7f\x8awh\x1c\xb5\
\xa9\x8c+\x04\xe7Q\xf9\x0a3\xe4P\xb9\x99\xc1\xcc\xd8\
-;'Nf\x06\x8d\x9b,\xc8\xba\x83\x9c^\x14\xf5\
\xd5\xe4\xbc\x81\x9e\x9a\xef\xfc\xfd'\xed5\x97\x5c\x88\xa7\
>\xee\x11\x18\xaa\x1aZ4L\xd7\xd5\x12$D\xb6\x02\
\x83\xc6\x01\xf6'\xd9\xb2\xbc\xcb\xdc\x9c\xd7f\x8av\xda\
\x01\xc84\xa5\x0c]p\x08$\xa3\xd7\xab\xcb6\xbf\xbc\
\xe56\x9c\xf7\xcaW\xe1-\x7f\xfd^\xfc\xef/oB\
ed\x03\xa2\xda\x10\xday\x88\x9c\xd7T\xc6\xb5\xd6`\
?!\x8d\xcd(\x8a\x9c\x91\xd0n6\x90s\xbd\x18{\
\x08,\xa7\xcc9\xcc\x0c\x81E\x8e\xc2 fw\x05E\
a\x82\x00\xe1\x1c\x85\xaa\xc3th!\x5c<`?\x99\
0\x98\xa7\x8c\xb5\x0b\x02{\x00@lr3\x84\xc4=\
I\x22\xe8\xf7\x88\xf2\xa6\xea\xba\xa9p\x9e\xc0\x8f!\x04\
\xf2\x00)\x0d\xef47\x04\x11\xfb\xa5\xbc\x19\x80&\xd7\
\x9b\x85\xa1k\xd7n7\x91\x11\xa3\x00\xb9\x0b5\x16\xb7\
\xa8\xb9\x1e\x14Z\xce\x06=\x87\x99\xb9\xf9\xd1}O|\
\xb39\xd9\xc8\xc1D\xe2k\xe4\xbd<\xf5\xb0[\xb2^\
o\xf9\xde\xc4s^\xa7\xfbB\xab\xf5\xb9/\xbc\xd5v\
5\xfef\xcbcg\xb6\xefe\xab\xf5\xbf\x7f\xcb\x03\xb2\
\xb3YR\x9cQ\x7f\xac\x19\x04\xfc\x8c\x1e\xaa\xa94\xdd\
\xcas\xde~\x0f\x95\x00\xbe\xdf\xc3\x06\x01~\xd1;Y\
\xfaC\x97\xb9\xe7'}\xe9\xf7R/\x87\x8c\x89^b\
r\xd1\xd1\xdbV\xf1\xfe\x0a\x85\xd2\x00*3\x01\xa9(\
\xed\xe5\xb9Z\x5c-T\x07\xe5x\x95\xd1C\x96\x17\x89\
2,R\xc59\xe3\x153\xa7\xb8\xe4\xc0/o\xbc\x09\
'\x9dr2\xf4\xd6\xb8\x8f\x7f\xf2ST\x9c/\xc6\xa7\
\xbe\xf0%\xcc\xd0\xe0\x0bxwkS\x11r\x0a>\x9b\
\xb7\xe8%\xc9\xd9\xbeMET\x8f\xd0\x98\x19\x22*U\
\xc5\xd7[\x06)\x809\x95\x5cP\xe9\x0e\xc9\xbb\x16G\
\xb8\xeb\x9dN\xc3\xf9/~\x11.z\xc9\xb98\xf1\xd8\
cp\xc3\xcf\x7f\x8aN\xa3\x81\x0d\xa3C\xf4\x04\xa5\x08\
\x83\x00\xadV\x0b\xf2lh\x17\x9b\xdd8\x05\xab\xcb\x9d\
\xec\x8c\x89N\x96\xc2\xa8@W*\x15\xd7W\xc0\xfa\xcc\
FN\xa5\xae\xcb]ny\xaeT\xa6\x9d\xeaFc\xda\
\x19u\xa3\xa3\xc3\x18\xa0'j\xd7\xf6m\xb8\xed\xa6\x1b\
\xf1/_\xf8\x8c\xbd\xf4\x9c\x17\xe2y\xcf~\x16~\xe3\
.\xa7!\x12\x03\xea\xc0\xee\x16\xc21\x80\x8a\x1bL\xa3\
PAANQaV\xab\xd5\x81\x8c-\xa3\xb2I\xbd\
\x94j\x22\xcb\x03\x83\xfe\xa7\xd2W\xbf\xf9m\x5cH#\
\xe73\xff\xf0%l\x19\x1bCJ>\x19\x15X\xa3\xe1\
\x1b%U\x98\x14f\xe2\xa5q\xb0\x95;\xcc\x0c\x9a\x97\
\x92\x5cf\xdfIe}Y.)>sD\x19\x08\x01\
ZT\xbc\x87\xd7\xad\xc7\xa7>\xfb9\x9cu\xf6\x0b\xf0\
\x8d\xef|\x07a\xc0\x89c\x8b\x90Jo\x8b\x86\x0f\x82\
\x18\x8a\x13Rd\x9cO\x84!,\xae\xb0\x86\xea\x91#\
\xeb\x98Vb\x9eSZ d\xc9@%\x82\x1e\x0fk\
\x11\x88\x0b_\xfa\x12\xfc\xfa\xdd\xee\x82\xad\xb7\xdd\x8a\x89\
\xf1]\x18\xa2\xf7 \x0c2\x8c\x8d\xef\xe4\x22\xee:\xcc\
\xf5\xf2\x07\xcd\x9f<\x98)\xe7_\xf3\xb1~\xe3FT\
\xe9\x01\xd1\x5c\xcaK%\xc3\x87\xec\xa0yS=\xd5\xaf\
\xd2[\xa8\xf973$I\xe4\x0c\x9d\x88(\xc7\x81a\
b\xe7\x0e\xdc\xe5\x8e\xa7\xe2\xe2\x0b^\x0e\xc9\xf1\xebw\
<\x0d\xadf\x13\x09\xe5\x1b\xaeV(\xcb\x0e4\x1b3\
\xe4\xd7\xa1\xcc!\xe2(v\x04\x13\x07\x83\x05\x1aw\x8c\
\x94\xf5\xf5?\xb1Z)\x95|\xc6e\xe4\xe8\xff\x1c\xbd\
\xe8\xbc\xf3\xb1}l\x02\x0d\xaeu\x84\x092\xb6\xebp\
\xdd\xa6\x046\xb7\x10\x08\x22d\x0e\x116\xea9Lx\
\xcdRO\xf6\xeeG\xf3\xa0\xa8[\x86E\x8aK\xd0f\
c\xbb\x13d\xbbS\x09\xb9\x99\xe3k\xb6t\xb8\x0a\x93\
e\x8bw\xaf\xf7e\x9b\xfb\x825\x83\x80V\x82hv\
M\xbb\xebEq[3#\xf4\x03)\x10\xd0\xac\x161\
\x7f\xf6\x08x\x04\x0e;\x04\xa4\x5c\xadD\x87\x9d\xc0\x07\
H a\xd0\xcb\xbaL\x9fx\xe2\x89\xd8\xb2}\x07&\
\xa6\xa6q\xa7;\xdd\x099+\xbd\xf3\xdd\xef\xc2%\x97\
^\x8a/~\xed\xeb\x90\xd29>9\x8d\xc9\xe9&\x22\
*\xf1\xfaZ\x8b\xa9\xc8\xd7\xa8\xc4\xb6\xbb)\x95\xe7\x0c\
)\xb5\xe8\x0c\x06\xa3\xb2\x18\x04T\x10\x99\x16\xff00\
\x84\xbcCJy\xff\x93?\xba\x0f\xae}\xcb\x9b\xf1\xca\
\x0b/\xc0H\xbd\x8e_\xfe\xe4'4zf@M\x15\
\xeb\x86\x86\xb0\x89\x0a{\x1c\x84\x90\xb1T\xab\xc44V\
*\x08\xa8j\x1a\xbd\x1f\x11y\x88\x8fv\xb3\xa5H\x9b\
\x19\xc2\xd0\x10\x04\x01\x86\x06\x07\xc9\xa3\x03\xa3Q4:\
8@\x03*\xc3\x96[o\xc5\xf8\x8e]X?2\x8a\
s^\xf4\x22\xfc\xdf\x0d\xb7\xe6\x0fz\xc0\xfd\xb0a\xdd\
\x90\xbaCs\xa6\x83L;\xfe\x06\xb4f\xa6\x00\xa9\xc3\
\x8cw\xa8H\xe74\xa0\x98\x01\x0b\x03\xb4\xda]D\x94\
\x05\xecK\xb8d,\x90\xe2\xfc_\xff\xfdc\xac\xafW\
\xec=\xef\xfb\x00n\xb8\xf9&\x8e\xdb\xb0i\xd3&\xe8\
Q\xc7lv\xecf\xc6\xbe\xba\xae\xcc\x8c\xcc\xd9\xb6<\
\xcc\x16\xa6\xcb\xfc\xe5B\xb3\xa5\xebg\xcc\x1e]\xb7\x01\
z\xe4J\xff\x9c4\xcb\x0dW\xbf\xf9\x1a\x5c}\xddu\
\xb8e\xeb64it\xe87J\xe2\xab\xdf\x09i\xbe\
\x02\x1a`0\x02Jt\x9b\xf4R\xa8L\xde\x02\x85\x9a\
3\xb2T\x94r\x03I\x1c\xd0Y\x92\xe1w\xff\xbf{\
\xe2\xf5\xafy5^\xf0\xfc\xb3@(p\xcb\xcd72\
\xccQ\xd1z\xe0xk\xf4^\x894v5V\xdc\xcc\
\xb0s\xfbvt\xdbm\xcei\x8a\x88s[\xaf\xd6\xdc\
?/\xadU\xaa\xa8\xd1x\x1d\xa8\xd51=9\x81!\
\x1a\xa6\xa0\x91\xdc\x98\x9c\x84\xd1\x85\xa6\xdf\xe5\x0c\x0f\x0c\
\xe2\xf1\x8f~\x0c\xae\xbc\xe2\x0a\xfc\xee\xbd\xee\xcd\xf9\x02\
R\x96%QL\x5cS\xe446\xd6\xd1\x13\xa3\xc7M\
\xa3(\xe1\xba\x0d\x8a\xdf\xd8\xcd4(B1\xbe\x06\xfb\
nq>\x1b\xf4bU\xe8\x05\xd2[\x0a\xdf\xf5\xde\xbf\
\xc1+/\xb9\x0c\xff\xfe\xbd\xefcph\x04z\xcb\x1b\
\x1b \xa1\xd1eV\xccYN\xa3\xcf\xccP\x8eG\xe5\
\xfb\x8b\xccJ\x84\x17r4[\x98of\x9c\x03[X\
i\x95\x94\xd9\x9e\xd5_\x85\x9d/\xf6\x08x\x04\x16!\
p\xf4f\xe8\xaez\xf4\x8e\xde\x8f\xdc#p\x84# \
\xc5f%:\xc2\x87\xb7H\xfcr\xac*\xd0\x0e\xf6\xce\
]c\xd0\xeb|\xf5\xbc\xff\xd8\xc4$:T(7n\
:\x16\x9b\xb7m\xc7;\xde\xf9.T\xcdl\xfb\xce\x9d\
\xa8\x0fT1M\xe5\x9fz\xa3L\x83b7\x9c\x86M\
\x87\x19\xa2\x94\x8a5\xa8@\x074@\xc20t\x8ab\
\xd6\xcd\xb8\xeb\x9f\xa1\x1a\x07\xa0n\x8a\x84\xc6\xcf\x99\xa7\
?\x00\xd7\x5cu\x05\x9e\xf9\xb4'\xa3\xdbj\xa2K/\
\xcf\x18\x8d\xad\x1d\xf4\xc2\xe44\x9e\xea\x09=8T\xc6\
\xf5\xfb\x19\xbd\xb5.b\x9b\x00\x85\x12\xda\xa6\xf2\xda\xed\
\xb6\xc1.\x10\xc71\x92(\x00\xba\x1d4\xa7&\xd1\xa5\
\xe2\x1eP\xf1\x96\xd7\xc8h\xf8\xfc\xe1}\x7f\x1f\x97^\
r1\xcex\xf0\x83p\xc7SO \x07\xd0\xc8iC\
\x86W\xad\xce\xb6\x95\x98\x0a4\x95\xf0JB\xb1\x0d0\
CLo\x81E\x11\xe3\xa0\xf2\x0c\x84\xf44\xe4\x00&\
fZ\xe82\xdc5\xd5to\xb1{\xe35o\xc1C\
\x1e\xf7\x94\xbcIy\x87h\xa8\xc9\xb3$\xc5X\xbf\xc3\
\x91\x8cf\x86\x88|\xcc\x8c\xad\x8a\xc3l>\xae\x1c3\
c\x97\xa6\xe8n\x91\x99\xb9\xfaf6W\xdf\xcc0F\
\x8f\xd2\xa9w8\x0d9\x0d\x9dI*\xfa\x9a\xbbo|\
\xf3[x\xe9\xcb.\xc0g?\xff\xf7\xf4\xd0u\xd1J\
s*\xf31bb\xab\xf14[)2F\xaa\xb5\x01\
\xc7\xcb\xcch<\x86\xd0G\xf3\x98i.YNt\x11\
\x06\xb3sG/\xdd\xe3\xff\xe2\x91\xb8\xfe-\xd7\xe2\xdf\
\xfe\xfe\x0b\xb6}\xf3V\xb4g\xa6\x09T\x86\xae{<\
\xaa\xcb\xba\x80\xf0\xd5[\xf8\xd2N\xd7=B\xa9t\x85\
m\xab\xea\x9b^\xa8\x16\xe7\xbb\xdd\x9ca\x9b\x0e\xa9\x89\
\x11\x1a5\xc5#k\xa1\x9b\xc3\xc6\xf4\x14\x1e\xf2\xc0?\
\xc7\xeb.\x7f\x15\x9e\xfe\x94'`\x80\xf3T\xe1<\xe7\
l\xebd\xe3\x1cg\xb3\x04~\xc2 \xa6Q\x9a\xa2\xcb\
u[\xab\x0fA4CO\xe14\x0dW\x190y\x18\
!\x8aC|\xe5\x1b\xdft/u\xf8\x87\xaf|\x19m\
\x1aVY\x10\x22\x0f\x03\x87\xa9\xea\x89\xc8\x0e\xe2\xadP\
\xd7\x89<P\x8a\xef\x0b\x99\x99\xeb\xa3\x97\x87\x99\xcd%\
\xcdl\xc5\xf2\xb9\x8a\xabD\xcclA\x0d3[\xc4w\
A\x05\x9f\xf0\x08x\x04<\x02{\x80@\xb0\x07u}\
\xd5\xa3\x08\x01?\xd4\xa3\x03\x01\xb3B\xa90\xdb\xbbp\
5\x94\xccV\xe6\xbbZ\xfb\xder)peZqQ\
\xc0]\xf1\x99F\x13S\xd33\xf2\xa3\xc0\xa8\x1cv\xa9\
\x09\xe74\x5c\xf4\xaa\xea\xd3\x1f\xfb\xa4\xfc\xfc\x97_\x80\
k\xae\x7f\x07\x0d\xa0m\xc8\xa8\x137i\xc4\xe4!\x95\
S*\xd1QRg\x9b\xd8)\xdby^p7\x0b`\
\x8c\xa6T\x9a\xa5\xa8\x06\x8cWx\x8a\x95\x9b\x81^\x9c\
ux\xf4\xc3\x1e\x8e\xeb\xae\xbe\x1a\xdf\xf8\xc4\xc7lD\
\x1e\x19*\xb0U\x1a\x082X\xc6w\xec@J\x85\xf5\
\x84\xe3\x8fCD\x85\x94\xae\x01\xe4Tv\x8d\x12\xc6t\
-P\xf7u\xe9T\x8f\xd5uZ\xd88<\x04j\xce\
\xd0+\xaf\xef|\xda\xa9\xb8\xe4\xa2\x0bq\xc1K\xce\xc5\
o\xde\xe5N\xd0\xef*dhu\xbaR\xf8\xa5\xf8R\
\x18\xc9\xc94c\x08\xd9g\x97\xcao\x97F\x13\xcc@\
\x9b\x01\x93\x8d\x19L\xb1\x7f\x8a\xea~{S\xafW\xf0\
\xcd\xef\xfc;^r\xc1\x85\xf8\xe4g?\x07)\xca\xb5\
\x91\x11T\x07\x06\x9cq(#G\x8fi\x99\x19\x8d\x8a\
\x04\x01\x0d\x04)\xca\x1a\xbf\xfa(\xc9\xcc\xd8\x85\x95\xc9\
\xdd\x0a\xcd\x16\xd77\xb3\x82O\x1e\xa0B/\xd9\xad\xb7\
oA\xb3\xd5\xc6\x10=\x15A\x9c`\xc3\xc6ch\xe0\
d\xf8\xe0G>\x8a\x0b.~%\xfe\xf9_\xff\xd5\x19\
k){\xa4\x9d\x83\x88\x06\x04\x9b\xba7\x0c\xe6\x1a0\
\xf3uH\xee\x00\xe6\x0c\x96\x9cs\x97sN\x12\xce7\
QA-\x0c\x90\x11\xc8c7l@\x83\x0b\xe7\x8dW\
\x5c\x01\xbd\xc5n\x92\x86pkz\x1a9\x0dQ\xcd]\
\x85\xf5\x06\xabU(\xccit\x0a\xff\x88yF\x0f]\
\x97\x98\xd2\xc2\xc4\xe0@\x1d\xc3\xa4\x8a\xd6\x10\x0d\x9f\x16\
\x0d\x9c\x1d\x9b7\xe37~\xfdn\xb8\xe6\x8dW\xe1\xbc\
\x17\x9c\x85\xe3\x8fY\x0fv\x8d\x89\xb1Ip\xcai0\
G\xa8%1\xe39=J!\x22b\xdc\xa6\xb1<\xc3\
qGI\x05A\x18\xd1\x88I9\x1f\x80\x8c\xcf\x0ae\
hr}\xfe\xfc\x86\x1b\xf0\xb2W\x5c\x82+\xdex5\
vMN\xa1:8\x84\xae\x054t\x22\xcc\xb8\xdf\xe3\
D03z\x8dh0\xd1\x0b\x94q\xccf\x06}\xfa\
\xe7Oy{Kf\xe6\xfa)\xdb\x9b-L+\xdfl\
\xf9<\xb3\xa2\xccl\xe9P\xedEfE\xb9\xe2\x9e<\
\x02\x1e\x01\x8f\xc0\xfeB \xd8_\x8c<\x1f\x8f\x80G\
`\xff#@\xbd\x0c+\xd1\xfe\xef\xf1\xf0\xe6\xd8\x8f\x85\
\x14\xba(\xa9\xa2Z\x1fD\xc8\x1d\xf8\x94\x0am\x87\xbb\
\xe4\x1dz-\x1a\xcd6\xf3*\x88\xaa5|\xeas\x9f\
\xc79\xe7\xbf\x04\x9f\xfa\xf4\xe711\xddp\xde\x9d0\
\x0e\xa8\xc0\x01q\x14\xc3\xc2\x18\x1d\xee\xe6\xb7\xe9\xe9\x11\
\x02a\x18r\xa7?P\xd4)\xcfY7\x83em\xc8\
\xe8\xa9S\xf9=v\xdd(N;\xe5D\xeclu\xf2\
g>\xf5/q\xd7;\xdd\x19\x0dzh:\xf4\xd0\x1c\
\xbbq\x03\xf4z\xe4\xb1\x1d;\x11\xc2\xdc\xabyc*\
\xb7\x03T`\x93$\xa1\xed\x93A?\xb6\xcei\xa4H\
\x01\xdev\xfbmX?4\x88s\xce~\x1e^s\xd9\
\xa5\xf8\xfd{\xdf\x0b\xddN\x07\x1c\x06=\x03\x11\x15c\
\x90O\x0e)\xefi'Cc\xa6\x89v\xa7\x89 \x0c\
!C\xc5\xc8\xdb\x22\xc6\xa9<\xb7\xc5\xb3Vw\x0a\xf3\
4yl\xa3\xd7\xa9ff\xf2\xe6L\xd0s24\xba\
\xce)\xd5m*\xc5\xd3T\xf0\xf5\xdb\x14Q\x9dF\xc7\
\xc0\xc0\x004nywD\xc2\x9aM!B\xcf\xa7?\
\xddS\xb4dt\xa5\xfa\x81E\x94\xb5\x8a\xa4V\xe5x\
s\xe8\x07\xf5\x99\x05\xeeu\xd6z\xc4\xed\xc6\x9bn\xc1\
\xb5\xd7\xbf\x0d\x1a\xc3\x7f\xff\xf8\xe7\xb0\x10n\xeef\x88\
\xc3\x00\x0d\x8e\x0c\xb2\xfc\xe6\xbb\x15\x16A\x18\x22\x08I\
\x16`jr\x1a1\xbdk\xa6*\x04\xb4\xc2\xb9\xeb\xd2\
\x88\xb9\xfb]~\x0d\xd7\xd3X=\xe7\xec\x17\xe0\xf8c\
\x8f\xc1\xb6\xad[\x9cA\xb2~t\x04\xbbvn\xc7\xf6\
m[\xe9\xb5\xa9\x034 8\x19\x90!\xa4\xdfp\x0d\
V\xab\x5c\x03\x01d\xf8LO\x8c#m\xb7\xf0k\xa7\
\x9d\x8c\xcb_y1\xae~\xf5\xab\xf0\x1bw\xbe\x03&\
&\xa6\xd0iv\xd84\xc7\x86\xd1!\xa4\x9d\x1c\x93\x94\
\xa3\xc3\xb5\x95\xc4\x09d\x90h\xddV+Ug\x5cJ\
4\x8d\x22\xa5\x05\x17p|\x8a\xff\xe0G?\xc1_\xbf\
\xe7\xbdx\xd1\x8b\xcf\xc5\xed\xdb\xb6ct\xe3&L\x90\
G\x8b\xeb:\xa8T\xa0\xd74\xd7\x87\x87!c\xaf\xc3\
y\xd6|\xc9@\xd5\x9c\x89\x9f\x99\xc1\xcc\x14\xdd\xafd\
\xb64O\xb3\x85\xf9f\xb6\xc7\xfd\x9b\xd9\x22Y\xcd\xcc\
\xf11[:\x5c\xd4\xc0gx\x04<\x02\x1e\x81%\x10\
\x08\x96\xc8\xf3Y\x1e\x01\x8f\xc0\x11\x82\x80\x94\x9b\x95\xe8\
\x08\x19\xc6^\x8b\xa9]\xf1\x19\xeep\x8fs\xd7\xbb\xd9\
\xee\x22\xcd\xb9\xcbMm1\x8f\x22\xd4\x86\x86\x10K9\
\xad\xd6q\xda\x1d\xef\xec<\x1a\xd7\xbf\xe3\x9dx\xe9\x85\
\x17\xe1\x1f\xbf\xfeO\x98\xe9\x02cS\x0d\xd0\xd1C\x85\
\x0a\xc8\xa8\x1cw\x9cW\x08`\x94\x14@\xbb\xef)\xbd\
&q\x14pG>BFO\xcc\xf4\xc4\x18\xba\xdc\xd1\
\x1f\x8cb\x0c$\x11\x1et\xbf?v\xff\xd8\xf31\x8f\
|\x84S\x90wPqnMMa\xb8^Cl\x80\
!\x03ulD\xdc\xe27*\xe7\xf2\xe8\xc4\xcc\x18\xa5\
Ggb\xe7\x0e<\xeaa\x0f\xc5\xe5\x97\xbc\x12\x0f}\
\xf0\x83i\xf4\xd4Pe=\xbdQ,\xa5\xf1\xd2\xa5r\
\x9bRI\xeeR\xe9\x0e\xa9\xc0\x87\x94\xa3V\xaf\x22\xa2\
\xd1D\xc6\xf4\x04p\x10\x16!\xa7\xc0Fc/c[\
y@~u\xeb\xad\xf8\xc2\x97\xbf\x8c\x17\xbc\xf8\x1c<\
\xf2Yg\xe5\x09\x0d\xa0\xc9F\x83\x1e\x81\x10uzu\
\xf4x\x14h$\xe9w R\x94E2\x9c\xe4\xe1\xd1\
zJ\xc8_\x1e\x06\xcc~\xcc8\x90\xd9\xb8\x023\x83\
\x99)\xba[dV\xd45+B523\x84\x929\
7\x8c\xd3@\x18\x972\xcf\xb1N\xd3(\xd3\xffa\x09\
\xe3\x04\x1b\x8e=\x0e#\xeb\x8f\xc1\x99OzF\xae\x7f\
6y\xdd;\xdf\x87[6\xefD\x1c\x07\xce\xe8I\x8d\
a\x0e\x22Lc\x10\xfc\x88\xbd\x88Q\x1dC\xf4\xba\xd1\
\x22@\x90\xe7Hh\xf4\xb4\xe8\xf5\xaa\x06!\x86i\x00\
\xcf\xd00}\xe8\x83\x1f\x88W_z\x09\x9e\xfd\xf4\xa7\
\xd1@i\xe0\xe7?\xf91\x8e\xa3\xb1\xfak\xa7\x9d\x86\
\xb1\x1d\xdbQ\x89BghFl+/\xcf\xf4\xd4\x04\
\xb6n\xb9\x1dY\xb7\x8d\x93\xe9\xb9{\xe1s\x9e\x83+\
.\x7f5\xfe\xf8\xf7\xee\x05\xbd\x0c\x82\x0e l\x18\x1e\
,\xde\xdaG\xc3{b|\x12\x11\xe7dxh\x00q\
\x14\xd2HmK,\x84\x9c\xcb6\x8d/B\x80\xed\xe3\
3\x18\x9bn#\x8a\x0c\x93\xcd.>\xf6\xa9\xbf\xc75\
\xd7]\xef\x0c\xf4\x8d\xc7\x1d\x0f=\xde\xd7e\xc5\xc1\xd1\
Q\xc8HM\xb9FC\x1aJ[\xf4\xff\xa58.\x19\
N\x9a3\xf1\x14).\x8a\xa2\xc8\xf5\xb5/'3[\
4\xcff6\xcb\x12\xae\xccl>\x0d~\xcc\x16\xa6\x99\
\xb5\xeaa\xb6\xb0\x8d\x999\xb2:\xc3\xb4\x00\x00\x10\x00\
IDAT\xde\xab6\xf4\x15<\x02\x1e\x01\x8f\xc0n\
 \x10\xecF\x1d_\xc5#\xe0\x11\xf0\x08\x1cV\x08H\
\x99\x13M\xd1\xa8H\xa8\x98\x0f\x0e\x0e\x22\x88b\xea\xb5\
9\xc3\xc8)J\xd3\x8d&\x9a\x9d6\xa4\xe4\xef\xd2?\
w\xa4\x82{\xfc\xc9\xa7b\xeb\xce]x\xf7\xfb?\x80\
\x8b.\xbe\x14\xb7\xde\xb6\x19\x93\xd3-*\xcb@@\x03\
\x04\x16\xd0p\x90\xf2\x0c\xc7K\x8f\x13\xc5q\x8c,\xed\
 \xa5\xc1\x11\xc7!\x86\xa9\xccV+\x09\x8c\xadB\xa2\
\x92u\x81c\xd6\x0d\xe1iOx,^y\xd1\x858\
\xfd\xcf\xee\x8f*\x15\xdb\xc9\xb1]\x10K\xbd\xce\xdah\
Q\x89\xd2f\x93;\xfdm\xd4\xd8\xfe\xe3\x7f\xf5V{\
\xf7;\xde\x8e\xe7<\xe3i\xb8\xf3)'\xb9G\xad:\
\xed\xd4y~\x8c|\xeb\xf4v\x84\xecE}\xd6\xaa\xec\
\xcf\x98\xcb\x83\xba.\xba\xe4\xd7\xa5\x87\xa2>8\x82F\
\xdaF\x93\x1e\x1d\x0b\x12\xe8\xb1\xa8\x7f\xfc\xe67\xa9,\
_\x87k\xaf{\x1b\xea\xc3#h\xb6;\x90\xe1\xb0n\
\xc3z\xb4hLl\xdb\xb5\x13m\x1aQ\xca\x93B,\
\xfc\x14\x9a\x99\xf34\xc8\xcb\x13\x86\xa1\xf3\x1aQ\x8c\xb9\
\xc3\x8c\x9d\xcf\xa5\xf6<b\xb6\xb0=m\x1c4\xe9}\
k\xb6:\x18\xa5\x22?\xba~\x1d\xd24u^\xbau\
\x1b6b\x9c\x06\xec\xae\xb1q\xcc\x103\xfd\xd3I\x04\
\x11\xfe\xf1+_\xc7\xc5\x97\xbd\x0a\x7f\xfb\xd9/\xa15\
+BJ\xb6\x9d4G\x8bF\xa90q\x9e\x13b\x93\
r\xbe:\xf4^\xe54*T5\x0aB\x0c\xd2\xe8k\
w\x1ah\xb6\xa6\x9d\xc1\xc3\xa68~\xd3z<\xe5I\
\x8f\xc5\xeb_\xf3Z<\xfc\xcc3\xb0}\xeb6\xfc\xf2\
\x17?\xc3\xa6\xf5\x1b\xe8\xcdKi\xe0va\xc47\xcc\
\xe0\xc2\x8d\xa3\xebh\x98>\x08\xaf{\xf5\xe5x\xd0\x9f\
\xdd\xcf\x19Q\xc6\xb2\xc1J\x8cJ\x08\xb49\xa6\x94\xf3\
\xa3y\x1b\xa1A+y:\xc4\x9dS\x89$N`\xc4\
6C\x80\x90\x8bCF\xce\xe8H\x1d\x03\x03\x09\xfe\xe1\
+\xdf\xc4\x05\x17]\x82\xbf\xf9\xf0G\xb0}\xe7\x18\xd6\
\xad\xdf\xc8\xb1\xb7\x10\xd3\xb0\x09\xa3\x18mYR\xc4\xa0\
A\x0fd\x8b\xebZ\xf3if\x08\x82\x00\x9a?\x19\xa7\
\x0au]\x88\x94\x8f\xfd\xf41\x13R\xf3\xcc\xcc\x16\xa6\
\xcb\x12\xb3\xa5\xf3\xcb\xf2\xa5B\xb3\x85m\xcc\x16\xa6\x97\
j\xe3\xf3<\x02\x87%\x02^\xa8\xc3\x16\x81\xe0\xb0\x95\
\xec(\x11L_J\xa2\xfe\xe1\x9a\x19\xccl.\xdb\xcc\
\x5c\xda\xac\x08\xf5E&\x9a\xab\xb0JD}\xf4\x92\xbe\
\x80E\xbdyK\xc5Wa\xbbj\xb1Y!\xaf\x99\xad\
Zw_*\x98\xd9\x1c>\xe2cV\xa4\x15?\x92\xc9\
l\xe9q\x94su\xa0\xc7fV\xf4o\xb6t\xb8Z\
\xfffK\xb73\xdb\xf3\xfc\xde\xbe\xcc\xcc%\x13\x1a:\
]*\xc8\xadV\xcb)\xca\xf2pP\xef\xa5\xb7&\xa3\
\xd1b\xb00r\x14&\x15\xe6\xe5\x90\xa2\x18V*\xb0\
 \xc4M\xb7\xdd\x8a\x17\x9e\xfb\x12\xbc\xff\x83\x7f\x83_\
\xdd\xb4\x85\xa6\x0b\xd8&\xa0A\x90C<,\x0a\x9cQ\
\xa1\x8e\x820t\xc6Osj\x1a\x90\xb5\x01\xd6\xa1\xe7\
E\x1e\x83j\x04X\x0etZ]\xdc\xf9\xd4\x93q\xee\
\xf3\x9f\x87\x17>\xef,|\xf9\xa3\x1f\xb6\x1d[6\x83\
\x1b\xfbTrC\xe8\xb5\xc7\x9dv\x13_\xf9\xd8\x87L\
\x8fO\xe9\xb7#'\x1d\xb3\x11\x09\x0d\xa3\x94\x0a\xb9\x01\
\xa8&!\x22\x0b\x90QY\x16O]\xa3\xccfo\xa0\
\xcc\x98\x0b\x03\xb6\xc9@Y\xa9\xd4Ga\x15A\x98\xe0\
\xbb?\xf8\x0fl\xac\xd6\xed\x9a\xeb\xae\xc3\xff\xfd\xec\xa7\
8\xf9\xb4S\xa1W;g\xf4J(\x9c\xa4\xf1\xd7\xcd\
\x81(\xae\x90\x99\xa1K\xdcd\x1c\xe81\xa8.\x0d\x03\
\xf0\xa3\xfe\x94V(\xe5\x99Y\x0b\x0e3\x9b\xbb\xce\xcc\
\x0c\xba\x07\xadDf\x0b\xeb\x9b\x15i\xf0\xa35,\xe5\
\x5c\xfd\xb4\xe8\x95k\xd2\xe8\x91b\xdf\xe5\xd8\xc7\xe9\xe5\
\x898g!=s\x16' <n~\x92\xfa\x803\
^?\xf1\xa9O\xe3\xe9\xcfx\x1e\xbe\xfb\x1f\xff\x05=\
\x9ega\xe0\xe6WF\x8fQ\xf9\x0f\xc2\xd0\x19tf\
\x86 \x0c)s\x8e.\xbd1F.\x15\x1a\x0e\xfa\xdf\
<\xccA\x04\x80\x0e\x18\x80\x13~\xb7;\x9c\xe2^\xef\
\xad7\xee\xfd\xcb\xe7>c7\xdd\xf0Kp&P\xa7\
\xa1\xd9\xe1\xbc\x89\xfe\xe4\x0f\xff\x00\xaf\xbd\xfcU\xf8\xcb\
'>\x16\xc3\x03\x03n\xde+q\x848\x00\xeb\x16\xbc\
\x22\xf6\xa75\x92\x09l\x03\xfb6\xc4q\x08}\x94\x95\
\xc3\xdc<Ns\xbd\x0c\xd2\xc8\xf9\x97\xef\xfd\x10u3\
{\xe7{\xde\x8b_\xdd|3\x22\x8e9\xa9\xd5\x80(\
\x82\x85\x91D\xe3\xd8\xd8\xda\xc8\x83s\x19\xb2?\x8dW\
\x06OFNf\xe4G\x0fO\x9b\x86\x9d\xe6\x8e5\xdd\
\xd1\x1bw\x19K\x9c4\x07\xbbK\xfd\xcd\xcd\x0cf\x0b\
iw\xea\x98\xcd\xb7Q\xfd\xfe\xfe\xb5\xf6JR\xf9J\
d6\xcf\xcblq|\xa5\xb6k\xa1\xac\x1f\xbb\xfe\xf4\
\xbe\x8e\xb1\x9f_\x7fz_\xf9\xaf\xd6\xdel\xf1\x9c\x9a\
\xcd\xe7\xad\xd6\xde\x97{\x04J\x04\x822\xe2\xc3\x83\x8a\
\x80\xef\xcc#\xe0\x11\xd8\x03\x04\xf4%\xdb[\xbd?\xdd\
[\xd6\x1b\xe7\x86;\xd5[@\xbb\xff\xa9\x05\x907\x01\
4tR\xde\xf9\xa4t\x1e\x7f\xc2\x89\xf8\xc4g>\x8b\
\xf3\xce\x7f)>\xfc\xf1Ob\xba\xd1B\x18\x1b\xdaT\
~\xa7\xb8C\x1f\xd0\xe0\xe9P\xf9\xd6o.\xa28F\
u`\x88\x1am\x8e\xf6L\x03!\x0d\xad&Cc\x87\
\x11O\xd5J\xc42\x80Q\xdc\xf7w\xef\x85)\x0ay\
\xde9\xe7\xe0\xd3\xefy\x8fm\xdf|;N;\xe9D\
\x9c}\xd6sq\xdb\xd4t~\xaf\xdf\xbc;\xf4Q]\
\x8a\x02v\xe3\x94e\xc5\xa9\xab#\xe0\x89\xdf\xe9H\x92\
\x08\x0dzf\x9a\xdc\xcd\xd7X\xda\xd4\xfa\x15\x1a\x1b\xb4\
h \x04A\x88\xff\xf9\xe9O\xf1Vz\x88\xde\xf4\xe6\
\xb7\xe0\x8f\x1f\xf1\x88\xbc>8\x04\xbd\xd5L\xbf\xef\xc8\
\xc95##\x85\x1a{\xc6\x0eK\xa2x\x12\x01e\xe8\
\x12<\xf5\xa7\x99u@\x0e\x19sK1\x96\x9c\xca\xcf\
(\xbbd\x91B\x9f\x22\x07\xfd+\x9c\xcb\x9cv\x84!\
%\xca]V\xba\xe8\x92Kq\xfd;\xfe\x1a\xff\xfd\xb3\
\x9f#\xe2|\xc8\x10\xd859\x83\x89\xe9\x19Tk\x15\
\xe6\xc5\xd8\xbec;\xda\xc4*\xa2\xf1\xd0\xe9t\x10Z\
@\x03\xa6\x02\xa3\xd1\xda%\xb6\x09A\xaf\xd0\x22%4\
\xa8'\x11\xee{\xaf\xdf\xc1Oo\xbd=?\xefE/\
\xc2\xcc\xf8$\x1a\x93\x93\xf8\xec\xdf|\xd0^~\xfe\xf9\
8\xe7\xec\xe7\xe3\xd4\x13\x8e\xa3d\xa0G\x87\x02p>\
\x90e\x94\x06\x8e\x022\x89i\x88F4n\x02.\x0a\
=\xda\x96\xb2<\x07\xd7 IkI\x06O\x9b\x19\xd3\
\xcd\x16jf\xf6.\x1a9\xf7\xfb\x8b'\xe6m\x1a\x9c\
\xb5\x81:*4vr2\xea\xd0\x9b\x94S\xd6\x8c\xed\
JL\xcaPy\xcc\xf6\x87G\xc0#\xe0\x11\xf0\x08\xec\
\x06\x02\xbc\xcd\xefF-_\xc5#\xe0\x11\xf0\x08,\x81\
\x00u5\xacDK4Y&k\xe9l)\xbb\xa2\xde\
\xd2\x85\xe9\x0cF\x15\x18}$\xa5\xb0\x9f@\x052#\
#Q\xce]\xf2,\x0c\xb1m\xd7\x18N9\xf54\xd4\
\x06\x07\xf1\x91\x8f\xfd\xad{\xbd\xefg\xfe\xe1\xab\xce\xc0\
\xa8V\x13L\xd2\xe0\xd1\xef`\xeaCCT\xb7\x03t\
\xf58R\x10!\xa9\x0f\xa2M\xc3H\xff\xaf\x87\x05\x94\
\x010\xba\x08R*\xac-z\x99\xa8\xf3\x22\x06\xf0\xc0\
?\xf9\x13\xfc\xf0\xe7?\xcb/\xbe\xe0\x02\x9c\xff\xe2\x17\
\xe3\x81\x7f\xfa'\xd8@\x856d\x19M#\x80m\xd4\
\x8e\xba6yH2@o\x0d\x93r\x9f\xb2\xce\xe4L\
\x8b\x06\x0f9Q^\xda\x5c\xb00\xc0t;\xc5\xb6\x89\
)\xc4\xd5\x18\x1f\xfa\xbb\xbf\xa3\xb2\xff\x0e|\xf6\x0b_\
p\xafi\xdex\xecq\xd0+\xa5\xb7\xed\xdc\x85.\x0d\
6\xb2\x80\x99\xa4QL\xa4>D\x8a\xcf\xd3BL\x01\
\xa5E\xf35\x0e\x5cL\xd2\x95\xd4\xdfK\xcaI\xa4\xf3\
\x8a\x98p\x96\x15G\xc0\x99\x0e\xe8\xed0\xc8\xce8\xf6\
\xe4\x93\xf1\xb5\x7f\xfeg\x5cr\xf9\xab\xf1\x9e\x0f}\x14\
\xdb\xc7\xa710T\x87\xc5\x09&\x1a\x0d\x1aE\xc0\x86\
\x8d\x1b\xc1\xa6\xee%\x01q\x1cC\xbfK\xda5\xb6\x8b\
\x06f\x88JDli\xf4\xc8\x0b\xa3\x17@h^\xf4\
\xa5(\x83\xe6\xf4?\x7f\x00\xdex\xd5\x1b\xf0\xeaW]\
\x86\x1b\xb7l\xcb\xefu\xcf\xdf\x82\xca%k\x83\xf3\x92\
q-D4:#\x1a\x9czT\xaeK\xc3I\xeb#\
\xe5Dq\x19\xa0C\x8b&\xa9\xc4\x08\xe2\x10\x8dN\x86\
N\x0e\x84q\x00\x199\x9f\xf9\xfb/\xe0E\xe7\x9d\x8f\
3\x9e\xfc\xac|\xc7\xd88\xa2J\xd5\xfd\xdf\x9c8\xa9\
\xd2\xd0\xce\x9cq\xd6%\x1f,\xf3\x91\x8c\xcb\x14\xf9l\
\x8f\x80G\xc0#\xe0\x11\xe8C\xc0\xdf3\xfb\x00\xf1I\
\x8f\x80G\xe0\xe0!\x90\xe7\xf9\x9cb\xbdT\xbc_\x12\
\xd5\xe9\xcf\xdb\xa3t`\xc0,\xe54\x02\xd6o\xdc\x80\
]\x13\x934\x14:\xd8p\xec\xb1\xd8\xbc};\xae{\
\xfb;p\xcc@\xc5\xfe\xed?\x7f\x08\x19<-j\xd5\
\xd4[\xa9d\x03y\x10Boz#\x13$\xb5\x01\xd7\
u\xdan\xa2\xcd]\xfa\x90\xbb\xf0\xd58B\xbdRq\
\xbf\xcb\x91\xd1\xc3\xc1\xe1\xd7\xeftg\xdc\xef\x0f\xee\x8b\
;\x9fr\xb23\x80\xf4\xd3\x0b\x91~\xe7\x11\xc0\x10\x04\
\x01\xca\x0f\xd1@W\x9e\x00\xe2\x92\x92\xea\xf5\x8a\xeb7\
\xa0\x97\xa0\x99\xa6\xce\xf8J\x92\x10?\xbf\xe1F<\xfb\
\xec\x17\xe3\xa3\x7f\xfb)\xdct\xebf\x0c\x0d\xafGH\
\x85\xb9I\xa5Z\x0a\xf3\xc0\xe0\xb0\xe3\x9b\xf7\xf063\
\xa8'a(\x93\x01\x12\x00\xf3\x1f\xe5\xcf\xa7\x0eNL\
}\xaeF2\xfc\xf4X\x93\xabg\x9c\x83Y\xeaZ\x8e\
]\x93\xd3\xd8t\xc2\xc9h\xe5\x86\xf7}\xf8\xc3\xb8\xf4\
u\xaf\xc3\xb7\xbe\xfb\xff\x9c\x91S\xad\xd5\x90\xe6\xc0L\
\xab\x8d JhL\x0c\x11\xdb\x1c\xf2\x9c\xac\x1b\xdd\x80\
\x99\x99\x19\x84\x04$\x0e\x0c\x84\x17q\xc0\x04\x80n\xb7\
\x0d\xf5\xa7\x17\x19\xdc\xf5\x8ew\xc0=~\xed.8\xf1\
\x98\x8d\xc8\xba\x1d\xa4\xf2\x10\xb1\xce0\xe7%\xa1\x11\xa3\
\xf9e\x12\xc6\xb6Q\x14!b\x9e\x0c\x1aF\x11%\xe6\
\xe6\xae\xd1\xec2?\x80Qn\xc9v\xf1e4\xcc>\
\xf0A\xf7\xeal\xa3\x17(\xaeV\x10U\x12h<3\
\xad&\xf4x\x9aQ\xb0z\xbd\xee\xda\x8b\x7fI\x1c\xb2\
\x8b*,\xc9e,sr\x98q\x1d-\x17.\xd3\xcc\
g{\x04<\x02\x1e\x815\x85@\xb0\xa6F\xe3\x07\xe3\
\x11\xf0\x08\xacI\x04Je\xad\x1c\x5c\x99\x96:\xb9\x14\
\xc1\xa9\x89YY}.\xa4N\xecv\xf9\x15*\xb3I\
\xe5U\xca\xaf4\xd1\xa9\x99iT\xeb5l<f\x13\
\xce\xf8\xcbg\xe5\xaf~\xfd\x15\xb8\xe2\xcd\xd7a\xeb\xce\
1\x15c\xaa\xd5\x81E\x01\x828F\x83\x0a4\xa8\xbc\
fY\x07!\xf3\x12zY\xd4\xa7\xb1_\x19\x12\xa5\xd1\
\xa3\xd7K\xb3\x1au\xe2\x0cz\x13\x98^Y\x5c\x09\x01\
\xbd\xc2\xda\xe8Q01\x91 \x08X\xc7H\xb93R\
\x02*\xbbfF%^\x5c\x81\xb6\xeaP1\xde\xbc}\
\x87\x93\xe9\xc2W^\x82\x9bo\xdf\x8a8\xa9\xd1\x931\
\x8a\xa4:@#,\x87^\xdd,\x03G\x8f\xd8)T\
3\x91Q3\x96\x07I\x14PF\x14\xee\x122\xa7y\
EeXuD%\xae\x8a\x1f\x0c\x92<K\x11\x05c\
\xf7\x99\xc3C\x86G\x8a\x1c\x99\x01z\xbcK\xa4x\xca\
I\xd4[\xe5\xb6\x8f\x8d\xc18'\xc7\x9dt2n\xb8\
\xf9\x16\xbc\xf6\x0dWa}%\xb6\xff\xf9\xf1O\xd1\x22\
\xc6A\x92\x80P\xa2\xc31\xebe\x07\x199\xd3\x06\x82\
\x0c\x8av\xab\x01C\x86(\xe0\xb9\xd3B\xde\xe9\xa0F\
K\xa5\x12\xd0{\x94\xb59+p\xe5\xfa\xa2\xac\x10\xff\
\x84\xc6L\xab9\x03\xfd\xc3X\x19\xb8]\xb9p\xc0\x0f\
e\x03y\xb02\x13\x94\x93i.\x17J\xcd\xb9\xaeF\
\xf8\xd9\x0d\xb7\xe0uW_\x8b\xd7\x5cq%~\xfa\xcb\
_at\xc3F\xc44\xc6\x1al\xdf\xa5\x5c\x1c\x0ar\
3H\xa6\x80\xfd[\x18R*\xc7\xca\x9d(\x1dYg\
\x05\xc9\x1b\xc8R\xe5\x95\xf3\xb5\x5c\xe8\x1a\xfb\x93G`\
\x8d \xe0\x87\xe1\x11\xd8[\x04t\x0f\xdf\xdb\xb6\xbe\x9d\
G\xc0#p\x94#`F\x05m\x05\xdaWxJ%\
\xae\x97\x8f\xf2z\xd3{\x127\x9b\x97W\xcai\x94\xc4\
\xb08\xa1\xb1P\xa3\xf2Y\x87~\xd73\xddj14\
\x8c\xae\xdf\x80\x7f\xfd\xf7\xef\xe1\xecs\xce\xc5'>\xf7\
\x05T*1\xda\x19\xd0\xee\xe6\xac\x9f`\xa6\xd1B\x10\
\x86\x00\x15cP\xf9\xec\xd0\xc3\xa3\xd77w\xdam\xa4\
T`\xb3\xb4\xed\x1e\x93\xd2M6\xb2\x00\x03\xb5:*\
\xec+\xeft\x81\x94\xcd\xdc\xb3kd8;\x00\xaa\xf6\
\x00\xeb\x19)\x07 \xa2\xae\xee\x0c\x9d\xf1\xc9\x19\xf7\x0f\
A_z\xc1\x85\xf8\xe2W\xfe\x11\xfa\xc7\x9b\x1b7\x1d\
\x83d`\x00\xd34\xbcZ\x14l`h\x04C#\xeb\
\xd0i\xa7\x98\x18\x9f\x82~\x9fbf03r\x9b?\
L\x8c]r\xbe\xef~L\x95\x16\xb9j\x87\xc1\xa9\x94\
\xc5\xcc\x108\xbcA\xc4s\xd4\x86\x86\xdd\x1b\xe78%\
\x98\xa0\xa7F\x06D}d\x04\x0f|\xfc\x93\xf3W\x5c\
z\x19\xfe\xf6\xef>\x89\xdb6\xcf\xbf|b\xa0.\xa3\
0\xa5We\x12\xfa?7\xa1\xe6\x8f\x9e;\xa4\x1d\x08\
%\xbd^Z!\xe8z3\x82\x1f\xb0\x17\xbdz\x5cs\
K\xcb\x0b2\x1a\xf5\x7f\x89j\xf5*\x12\xae\x878\x8a\
\xa1\x0f\x9dq\xee\xd13\x85\x82W\xc8j>\xc7&[\
x\xdf\x87>\x86W^\xfa*\xfc\xf3\xb7\xbf\x83\xda\xe0\
\x10\x06GG\xb9\x8e2\x1ab]\xd48\x7fq\xad\x8a\
\x90\xc6ZHYd\xe8(\x14\xcf9CJ\x89\x1er\
\xf2\xf5\xa4}\xd4#\xe0\x11\xf0\x08x\x04VF@\xdf\
\xc3+\xd78\x22K\xbd\xd0\x1e\x01\x8f\xc0\x91\x80\x80\x94\
\xd8\x95\xa8\x7f\x0c\xaa\xdb\x9b\xa7\xb7j\x05\xf4L\x94T\
\x96I!\x14I%.I\x8a\xea|\xdc\xa8\xb8\x1a\xf4\
\xea\xeaF\xab\x89.\xb5\xd4\x80;\xf72\x80r\x03R\
\xee\x9e\xa747*TD\xd7o\xd8\x80\x0f\xfe\xcd\x87\
q\xd6\x8b\xce\xc5\x7f\xfd\xe0\x7f\x10F\x86\x0e\x8d\x95Z\
\xadRtG\xc58KS\xc4TX\x95\x97$\x91\xf3\
\x14\x84\xbc\xbbfT\xa2\x9b\x8di\xc8\x1b\xe0\xfa\xa6\xb2\
naD]\xba\x83\xb4\xd9\x82\x14h\x8dI\xde\x8b\x82\
Yq\xce\x19\xe8\xc5\x04\xe2\xf1\x9d\x7f\xfb\x1e.\xbe\xf4\
2\xbc\xe3\x9d\xef\xa2\x8dd8\xfe\x94S\xd0b\x7f\xd3\
4\xae\xf4\xd6\xb2*\x15\xf8\x84\x86\xd4\xce\xb1q\xec\xd8\
5\x86\xb8\x92`xt\x04\x16D\xe4O!\xf2\x00F\
~\xbd\x04\x8e\x0f\xc4\x8d\xd9s\x87\xe4\x98K\x1c\xa4H\
\xce\x119\xa2,\xea\xbf\x9f@c\xa3 \xc0\xcc\x16\x10\
\x13\x98\x98\x9at\x8f Z\x9c\xd0p\x18\x84\x9eKk\
\xd1\xd8\xcc\x11`pd\x14\xef\xfb\xe0\x07\xf0\x9a\xd7\xbe\
\x16_\xfd\xfa?\xa1\x9dv\xe9\xdd\xe9\x22\xa2\x8128\
0\x82V\xbb\xc3\xb9\x8c@\xebI\xcc\x11q\xfeBz\
U\xf4\xf8a\x9b<\x12\xd6K\xe9yQ\x98$\x09\x1c\
^]N\xbc&\x87\x06\xeb\xd4\xf88\xf4\xd1\xdc\xe9\xcd\
vA\x18\xc2\x02\xe5\x00\xdb\xb6\x8d\xe1G?\xfa\x11^\
|\xee9\xf8\xfc\x17\xbe\xc8\xf5\x95C\xaf\x8a\x8e\x92\x0a\
\x0d\x9d\xdc\x19\xd8\x83C#h\xb6[\xd0\xfa\x9bn\xcc\
@\xa4G\xd8\xb4\xfeB\xae\xb1(&3=jH*\
\xd69E\xcd\x17R\xd1\x9b?{\x04<\x02\x1e\x01\x8f\
\xc0J\x08\xf0n\xbaR\xb1/;\x10\x08\xbc\xf0\xd1\x8f\
\xe3W\x16`\xd0'\xd3\xc9\x93G\xe0\xc0\x22\xb0\xe6\xb9\
\xebj\x12\xad<Py5\xcc\x0c\x0aU\xb3R\xaf\xa1\
V\xabQ\xa5\xce1=\xd5\xa0R\x9aa\x80J\xe8\xc0\
\xc0\x80S\x86\x11\x84\x98\xa1Q2\xb4n=6o\xdb\
\x85\xd7\xbc\xe1\x0dx\xe3[\xdf\x81\x9f\xdft+h\xaa\
PU\x0fh\x18\x05\x90a\x91[H}\xd8\xa07p\
u\xba\x1d\x04\x16 \xa4\x02,\xfe\xf2\x06\xc8 \x02\x8d\
\x14]\xf8\x96\xc4\x08\xab\x15\x9aS\x01r\xd6\xcb\x11P\
\x86\x00\xba1d\x14l\xba\xd5\xc1\xae\xc9I\x9c\x7f\xc1\
+\xf0\x96\xeb\xdf\x86\x1bn\xbc\x11\x1b\x8f9\x16\x92\xb7\
ION\xc6\x9a\xb9\x85\xee\xff\xd3LMMa\x82u\
G\xe8\xd1X\xb7n\x1d\xf4\xbfk\x94W\xaf\xd7\xc9i\
\xf1!\x83\x02\x12\x02G\xce\xc7\xcc\x9c\xb0f\x06\xb3Y\
bN\x14E\xf4\xb8U\x5c\x9e\xbcj\xdd4G\x9d\xc6\
_L\xa3bz\xa6\x89cN8\x117\xde\xba\x19\xd7\
\xbc\xf5z\x0c\xc7\x89\xfd\xecW7\xa1\xc3vmR\xc8\
:\xcd\x16\x8d\x17b\x8f \xe2\xd4\xe4\xc8\xe8\x22\xaaT\
*\x8e'\xab@\xfc\x15\x8a\xcc\x0c\x08\x03E\x818\xa2\
1\xb5\x0e\x19\xcf\xe9\x0f\xd4\x00\x00\x10\x00IDAT\
\x17\x92\x1e\x17\x0c\xe3\x90e\x86&\xdb\x7f\xef\x87?\xc2\
\xf1\xc7\xac\xb3s^\xf62g\x88\xc9[\x88(D\x16\
\x04\xd0cw!\xdb\xca\x98\x9e\x9c\x9e\x82\xe2\xea\xaf\x5c\
#2\x98\x03\xd6K\xb9NZ\xf40\x16\x9d\xed\xfdY\
s\xbd\x12\xed=g\xdf\xd2#\xe0\x11\xf0\x08\x1c9\x08\
\x04G\x8e\xa8kG\xd2\xeb?\xf9\xb7\xc6mB\x0e(\
s_\xd2f\xb6(,\xbf\xa0Xi\xc5\xc3\xach\xdb\
_iw\xdb/W\xcf\xac\xe0[\x96/\x17\xaa\xdf\xb2\
L;\x9c\xa22\xad\xb2CAf\x85\xecf\xb6j\xf7\
\xcb\xc9jfnNVe\xb0J\x85\x92\xff\xbe\x86\xfd\
\xdd\x98\xed\x9e|fE=\xb3\xbd\x0b\xfb\xfb\xedO\xaf\
6\xae\xfe\xfa\xfdi\xb3y\xb9\xfa\xcb\x96J\x9b\xcd\xd7\
73H\xe1\x97\xb2\xe9B\x0baXH\x01\xd3%Y\
\x1e\xd0\xc8\x09@\x0d\x95D\xb3\x22\xcb\x99N\x91\xe5]\
\x04!\x90T\x22DT4\xbb\xdc\xd5\xd7?\x81\x0c\xc3\
\x18a\x9c\xd0\x98\x01\x95\xd4\x10#\x9b6\x22c\xde\x97\
\xbe\xf1O\xb8\xfam\x7f\x85\xf7|\xe4\x93\x98\xa6r\x9d\
2\xaf\xc9~R*\xcd\x99\x85\xd0\xee}\x9e\x19\xc04\
OsG\x10\x86\x00\x95\xde\xdc\x80\xe2U\xd8,\xd2\x18\
X7e\x94\xc2C\xa1^\x86\xf0\xc5\xaf|\x15g\x9d\
\xfdb\xdc\xb6u\x1b\x02*\xdf\x83\xa3\xeb\xd96BW\
\x8f\x5c\x05\x11\x8c}\xaa\x89\x14\xe2Z%A\x9d^\xa6\
.\xbd\x04\xedf\xc3\xfd\xdf\x9e\x84^\x09\xbd\x16;/\
=&\xec\xc3\xc9$\x0c(\xab\xcd\x12f?f\x063\
s)3sq3\xa3\xf1\x96\x1fP\x02\xe5q\xe4z\
&\xce\xa5\xbc\xb3\xa1\xb2\xcd$O\xceh\x86,\xeb:\
\x022\xe8w6\x11=r\x19\xc7\x1c\xd0\x03S\xe1\x5c\
\x19\xabu\xbb\x19\xf2 D\x18\xc5\x98\x9aiA\xffH\
vh\xd3q\xb8\xef\x19\x7f\x91\xbf\xeauo\xc4\xc7?\
\xfd\x0f\xd86\xd6\x80\x8c\x1e\xab\xc4\xee1\xc1\xae\x01y\
\x18\x82\xb6\x8a{\x1c\x0d\xa5\x5c\xe4\x07\x11\xd7\x8a\xbc=\
 n\xb0\x00\x1dzx\x9a\x9d\x16=E\x86.%\x13\
m\x1d\x9f\xc4\x07\xff\xee\xe3\xb8\xfc\xca+\xf1\xc7\x0f}\
D~\x87_\xffu\x04\xf5\x0a\x92\xa1:\x8cs\xa4\xb7\
\xb1Q2\xe87:\xddN\x86(L\xb8\xfe\xd8\x98\xbc\
s\xcd\xebl\x98\x91\xb7\xfa\x0f,\x82\xb1?Q\xceu\
\x95q=\xa5\x5c<\xbd\x84=\xfc\x98\x19\xcc\xe6i\x0f\
\x9b\xef\xf7\xeaf\xf3\xb2\x98-\x8e\xefk\x87s\xeb\x7f\
v=\xf5\xa7\xf7\x95\xff\xbe\xb6\xef\x97\xa7?\xbd\x1a\x7f\
\xb3\xc5\x98\x99\xcd\xe7\xf5\xf3\xebO\xef+\xff\xd5\xda\xef\
My\xbf\x8c+\xa5\xf7\x86\x7fo\x9b\x03\xc9\xbb\xb7\x1f\
\x1f?\xf4\x08\x04\x87^\x84\xa3O\x82\xb3\x1f\xf7\xd8\x5c\
\x8f%\x1c}#\xf7#\xf6\x08\x1c\x00\x04\xa4\x98.\xc3\
\xd6l\xfe\x8b\xdf\xac\x88\x07(B3[\xa6\xd5\xc2\xec\
\x0e\x15\xd1\xa9\x99\x06\xdaTB\x87\xd6\xaf\xc7\xbac\x8e\
\xc1\xd6]\xbb\xf0\xc5\xaf}\x15\xcfy\xe1\x8b\xf1\xed\xef\
\xff\x17\xc4J\x86\xcaL\x93*4\x95\xe1$\xa9\x22\xa7\
\x22\xbe\x90\x13\x0a\xbd\x99\x99\xf9,\xb5\xd9\xa8E\xc5\x97\
6\x96+\xfb\xf6w\xbf\x8f\xf3_v\x01\xde\xfe\xd7\xef\
\xc2\xf0\xbaQ\xa4,\xc8aH\xc93\xa3\xb2+bS\
\x1e\xc1,e\x0cu\x14\xa1\xd9\xf2c2[\xbeL\x1c\
\x8eD\x0a\x88MH\x03 $>.\xce1\x9a\x19\x02\
\xe2Fk\xc7\xfdFF\x06c\xbb\x93\xe2.\xbf~\x0f\
\xa44\x1e\xde\xfd\xbe\x0f\xe2\xaa7\xbd\x05\xdf\xfa\xee\x0f\
\x98\x06\x9c\xe1\x09\xd0|\x02\xe4\xa1\x89\x93\x84)@/\
\x93p\x11\x9d\xc83a~\xbb\xd3f\xbd\x1cQ\x1c;\
\xa3\x96S\x82qz\xfe>\xf5\x85\x7f\xa0\x17\xeee\xf8\
\xf8'?\x85\xf5\xc7n\xc2\x1d\xefv7l\xd9\xb9\x1d\
)\xe5\xcbI2P(\xa68\xc1\xcc\xe6H\x19\x96\xeb\
<Of\xe6\x12fE\xe8\x12\xb3'\xb3\xc5y\xb3E\
>\xf0\x08\xec+\x02\xbe\xbdG`\xcd\x22\x10\xac\xd9\x91\
\xf9\x81y\x04<\x02\x1e\x81}D\xa0\xd3\xe9@Jn\
\x85\xde\x15\xc5\xb5\xbb\x1f\xd2\x03 eZ\xaf.\xce\xb8\
c\xfc\xa67\xbf\x19\xe7_x\x11\xfe\xf7g?C\xc5\
\xbd\x95\x0d\x98\x9c\x9c\x84I\xe1^\xa6\xff9\x95\x95\x91\
\xa8\x12\xe0\x86[\xb7\xa2bf\xd7^\x7f\x1d\xc6\xc6\xc7\
\xa1\xff\x0d\xa3\xbe\xfa\x9b\xb3\xca\x82,\xa5E\xbd\x99\xfd\
i\x95\xf5\xe7)\xddK\xaas$R9\x86\xd0\x0c\x22\
3\x9b3$\xcc\x98\xc7\xb9\xd2\xe3}\xe0g\xeb\xd6\xad\
\xf4\xd2e\xd0\xdb\xf6n\xb9\xe5\x16\xbc\xf5\xado\xc5\x80\
\x99\xfd\xe7\x0f\xfe\x9b\x1e\x9a\xc2\xe2\x98\x96Q\xdb\xee\xb2\
6h\xcc\xd0\xe8\xe1\xfc\xa6\xf4\xf4\xc1\x98e:\x81\xd1\
\x22\x1c\x9b\x98\xc0\xb7\xbe\xf3\x1d\x1c[\xab\xda\xfb\xde\xff\
A\xf26\x9ct\xd2IP?7\xddt\x136l\xd8\
@/T\xe6H;\xc8\xe8\xf9\x98\x19\xccl.\xc7l\
>\xaeL\xb3\x22mf\x0b\xea\xf5\x96)\xee\xc9#\xe0\
\x11\xf0\x08x\x04VG X\xbd\xca\x125|\x96G\
\xc0#\xe0\x118\x0a\x10\xd0c\x991w\xf1\xf5\x9b\x1b\
\x0dW\xff\x90RFH\x85\xc6\xcf\xc6\x8d\x1b\xd1\xe2N\
\x7fmp\x007\xdcx3\xae\xba\xfaMx\xcb[\xaf\
\xe7n>\xdc\xfft\x911\xa46\xbddL\xe8\xa6+\
R\xbcIc\xea\x1d\xef~/^\xfd\xda\xd7\xe0!\x8f\
\x7fR^\x1f\x18@7\xcf\xe8E\xea\xa0R\x1f\x00,\
\xd8-e\xd7L\xdc0\xf713\xd7\xce\xac\x08\xe7\x0a\
\x1813\x9e\x97?\xa4\x98\x8b\x96\xafq\xf8\x97\x94\xf2\
\xeb1?\x19\xa7\x9a?\xcd\xa3\xe22^\x15G`x\
\xd0\xe3\x9e\x98\xbf\xed\x1do\xc7P\x18\xd8M\xb7\xdd\x8e\
z\xbd\x86\x8c\xf04[M\x10@G\x9a\x8f\xd2K\x17\
D!\xe4C\xbb}\xeb6\xf7Oh\xaf~\xf35x\
\xf8\xd3\x9f\x9e\x0f\x8d\x8e`\xa6\xd9\xc0\xae\xf11\x0c\x8f\
\x8c@kcf\xa6\x89\x8c6\x94d\x11)!/\x8e\
#\x00\xec\xa6x\x8c\x0d\xf3\x1f3\x83\x99\xb9\x0c\xb3\x22\
T\xc2l>^\xa6\xcd\x16\xe6)\xdf\x93G\xc0#\xe0\
\x11\xf0\x08,F X\x9c\xe5s<\x02\x1e\x81=E\
\xc0\xd7_\x9b\x08H1\x96\xc2<==\xed\x94P\xfd\
\x90\x5c\x0a\xb3~\x0c?61N\xc3\x04\x08\xe2\x082\
x\xa4\xe8~\xeb_\xfe\x19\xdf\xfb\x8f\xef3?\xa3\xe2\
<\x08\xf7\xa1\xc2\xeb\x9eQS\x82qc(b\x80\x7f\
\xfb\xf7\x7f\xc7W\xbe\xf1O\xd8A%9\xa1\xa2\xdd\xec\
\xa6l\x0bg\xe8L\xcf\xcc\xa8\x0a\xa4|\x9b\x99\xeb\xdf\
e\xf0\x14\xc2 B\xcf\xc7la\x9d\x9e\x22\x175[\
\x5cnf\xael\xa9\x93S\xd0\x97*8\x8c\xf2J\x19\
\x15. \x0e+#\xe8z}\xb3\x0cT\x19,\x9a\xa7\
v\xda\xc5.\xce[\xbb\xdb\xc1\xfa\xf5\xeb\xa1\xff\xcds\
\xfb\xb6\xad\xb8\xcf\xe9\x0f\xca\x7f\xfc\xd3\x9f@\x86L\xc2\
\xf943\xb6NA\x98\x9dg/G\xc0t\x80N\x9a\
3\x04~u\xf3-\xf8\xe4g?\x8d\xca@\x9dm\x8c\
^\x9d\x0cq\x92\xb0~\x88Iz\x87\xa6\x1aMh\x9d\
\x942\x19=D\x98\xfd8c\x87\xeb \x10\xf3\xd9<\
\x05f\x14Z\x11\x92\x99\xc1\xcc\x18\x9b?\xcclQ\xde\
|\xa9\x8fy\x04<\x02\x1e\x01\x8f\xc0r\x08\x04\xcb\x15\
\xf8|\x8f\x80G\xc0#p\xa4#`V(\x88fK\
\x87\xab\x8d/\x08\x02\xf7\xffjd\xf0HqU}y\
{D*3\x96O7[\xe8R\x09\xae$5X\x10\
\xa2V\x1d@\x9e\x1b\xd2\x94\xca\xb2\x1a\x94D\x05\xd7E\
\x15\x8a\x98\xa8\xd5\xeb\x98\x98\x99Fe\xb0\x8e\x91u\xa3\
`3L5f\x10\x84!\xf4\xe65\x19:\xe8\xf9\x98\
YO\x0aN\xf95[\x9c\x87\xbe\x8f\xd9\xe2:fE\
\x9e\x999>}M\xf65y\xd0\xda\x97\xf3\xb2T\x87\
z\x9b\x9aH\x06\xcf\xae]\xbb8/\xb9\xf3\xba\xc8h\
\xdd\xbce\x8b\xf3\xc4\x1c\x7f\xe2I\xd0\xff-j\xd0\x13\
315\x03MMB\xcf\x9d\x99\xa1\xd3n\xc38\xc7\
\xa2\x8c\x1dX\x18\xd0\xb8\x01\xe4\xe1iu\xba\x8c\xd0\xe4\
\x94q$\xa2\xd7'Lb\xc8@fU\xf4{\xf6d\
\xf0\x94_\xb8\xfa\xcd\xe6Rr\x9b\x99\x9b\x0b\xb3\x85\xa1\
\xf8\x95dfe\xd4\x87\x1e\x01\x8f\x80G\xc0#\xb0\x1b\
\x08\x94\xf7\xde\xdd\xa8\xea\xabx\x04<\x02\x1e\x81\xa3\x0b\
\x01y\x06\xf4\xc8S\xb5Zu\x03\x97\xd1\xa3\xdf\xeeH\
\xa1\x1d\x1d\x1du\xbb\xf7z|I^\x04yw\xf2\xc0\
\xa0\xb7m\xe9\xd5\xc2A\x18\xba6\xee$\x0d\xdaE\xa8\
2\x1b\xc9\xc5A\xc3\xa6\x89\xcc\x02\xe8\x05\x04cS\xd3\
\x08\x92\x0a\x06FF\xd1\xa2\xe7\xe1\xf6-\x9bA\xcd\xd7\
Q\xde\xa3\xdf\xea\xb7)\x10\x0f\x11\x8a\x8fYO\x05f\
\x99\x19\x9b\xce\x13\xb3\xe6\x0e3\x9b\x8b/\x17\x91\x22.\
Z\xae\xfcp\xc9\x17\x16\x223[0^\xb3\xd9t\x18\
\xb8G\x02C\x1a#\xeb7n@\xa5V\xc5\xce\xb1]\
\xc4}\x06\xeb7m\x84E1\xc6\xc6'\xb1e\xfb6\
h\xfe\x86htjl\xedN\xdb\x19=\xdd\xac\xa3$\
\xb2\xbc\x98\xb3 \x08\x5c~R\xa9b\x03\xdbg\x81\xa1\
E\xa3\xa7\xd1j\xd3\xeb\x93\xa1\xddI\xd1lu\x10\x84\
!\xf4\xff\x99\x5c\xe3\x9e\x930\x95\xd1\x83<\x85\x91z\
\x8aV\x8c\x9a\xd9\x82r3s\xe3]\x90\xe9\x13\x879\
\x02^<\x8f\x80G\xe0P!\x10\x1c\xaa\x8e}\xbf\x1e\
\x01\x8f\x80G\xe0H@ \xa4\xe2*\xef\x80\x14]\x85\
2~\xb2,\xc3\xc4\xc4\x14\xbay\x8e\xda\xc0\x10*\xf5\
\x01L\xd2+\xb0s\xe7\x18*T\x84c\xb6\xe9P\xf1\
E\xdes\x8b\xcdgG[\x86Lfl/\x0f\x8e<\
\x06S\xf2\x10Q\xa9\xd6?\x9a\x94\xc1t\xc2\x09'\xb0\
Fq\x98\x19d\xf0\x94\xdc\xcc\xac(\xe89\x9b-\xce\
\xeb)vQ\xb3\xd5\xeb\xb8\x8aG\xc8Is\x2223\
\xa7\xfc\x9b\x19z\xd3\x9a'\xcd\x97\xe6MFj\xab\xd5\
r\xf5\x84e\x8bFIF\x8f\x9c\xfe\xf9hR\xa9\xb9\
\x7f\xee\xd9\xa4\xe1\x02~\x82(\xe2\x19\x90\x91\x9b#\x83\
\xda\x95\xd3\xd6\xe0\xbc\x8eMN\xa0\xd9\xee\x82\xcb\x001\
\xbd@\xa2,\x05d\xcc\xc8\x10V\xbf;v\xecp}\
\x99\x99\xe3\xa5\x93\x91\x89HqQ9\x9f\x8a\xf7\x92\x99\
\xb9\xb6\xfdy\xbdi\x1f\xf7\x08x\x04<\x02G4\x02\
\x07Q\xf8\xe5\xee\xb5\x07Q\x84\xa3\xbb+}9\xf6\x22\
`f.if\x8b\xbe\xec\x5cA\xdfI\xedE}\xd9\
\xae\xad\x19\x15$*S+\x95\x97\xedT\xa7\x97\xf4e\
-*\xcb\x97\x0b\xd5\xa6,3[(soYYg\
\x7f\x87\xea\xa3\xa4\xa5x\x9b\x152\x99\x1d\x98p\xa9>\
{\xf3\xccV\xee\xb7\xb7\xee\xde\xc4\xcd\x0e,\xff\xbd\x91\
iO\xda\x94s\xa7p\xa9vf+\x8f\xcfl\xe5\xf2\
\xa5x\xf6\xe6\x99\xad\xdc^r\xe9q4\x91\xe2j\xab\
P\xd7\x86\xf6\xfas\x04\xc8a4t\xa6 \xefA}\
`\x00\xfa\x07\x9f\xaa\x17\xeb\x1fM\x9ab\xbc\xcd\xf2:\
\xa4&,m\xb8 j\xc9\xfa\xf1z\x5c\xad@\xff\xfc\
2\xcf\x8c\x8au\x0d\xddn\x8a0\x88\x10\x851f\x1a\
M\xaa\xd9R\xb5s6\xcd\xc5h\x8e\xa40\x9b9\xe6\
sy\x92k.\xb1L\xa4\xbf\x8e\xd2%\xf5613\
\x98Yo\xd6A\x89\x9b\x99\xeb\xd7l\xf9P\xc6LI\
f\x8b\xeb\xf5\x0ajf4H2zw\xbaH9\x07\
F#4\x8cc(\xcc8s2z\xf4\xc2\x093c\
\x9d\x0c\x15z\x80\xbaD=\xb0\x00Y\xce\x1al#~\
2`\x14\xa6<%\x9c\xd78\xae \xcd\x80\x94u\xe4\
\xd9is\xdery}H2\x803\xf2\x8b*\x95\xb9\
y3\x9b\x97\xb3\x94]!\xd9-y,5'\xaah\
6\xcf\xc7l\xcf\xe3\xe2\xb1'T\xca\xb1\x5c\xb8'\xbc\
\x0e\xc7\xba\xcb\x8d\xab\xcc_M\xe6\xb2\xdeja?\x9f\
\xb2~\x7f~\x7f\xba\xac\xb7\x5c\xd8_\xbf?m\xb6\xf2\
\x1a\xe9\xaf\xdf\x9f^\xae\xdf2\xbf\xbf\xfe\x9e\xa6K>\
\xbda/\x8f\xde\xfc\x03\x117+\xf0\xe9\xedSq3\
S\xe0i\x0d!\xc0o\xe154\x1a?\x94\xb5\x8a\x80\
\x1f\x97G\xe00F@\xb7Q}9*\x14\xd1\x9e\xe9\
\x97V\xc5\xa2\xbe\xfc\x5c\xda6T *\x0a\xcb/\xf5\
\x22\xb5\xf2\xb9\xe8m\xe5:\xbet!\x02\xc2W9\xb4\
U\x14p\xb2\x0c9\x8d\x9b\x22Q\x9e3\xc8\xa0Tj\
~f\x94*(\xa7\x91\x0b\x91<w\x9aCR\x96/\
4H\x8b\x9ad\xdf\x97_\xf6\xaf\xf2L'O\x1e\x01\
\x8f\x80G\xc0#p@\x11\xf0\xdf\x95\x07\x14^\xcf\xdc\
#\xe0\x11X\x0b\x08\x94\x0aj\x19jL\x8a\xe7Tr\
\x8bp^\xd1UZJ\xacH\xf5\x16\x91Q\x01\xee\xf9\
\xbd\x0d\xa84;>\x19\x95n\x92\xd2\x8e\x187*\xd3\
\xa2E<\xe0sVB@\xd8\xf7\x92\xeaj^8]\
\x10\xd1g\xe3\xbc.\xc2]et\xe3\xc0\xe4jcB\
_\x8a\x22\xa3\x87\xa74x\x98\xddg\x92*\x87\xf3\xe8\
\xa6]\xb5g\x89\xf3\x95s\xde\xc0P\x94qnE\xea\
[-\xd4\xb7\xa8\xec_y\x9e<\x02\x1e\x01\x8f\x80G\
\xe0\xc0\x22\xa0;\xf4\x81\xed\xc1s\xf7\x08x\x04\x8eX\
\x04\xa4\xa4\xadDG\xec\xc0f\x05_ile\xd9l\
U\xa7\x1c+\xae|\x85\xa2\x22\xae\xdbh\xe0\xca\xcbt\
\xceB\x11\x83\xf9\xc3\x18\x151(\x0f\x93bL%\xdb\
X\xb9\xe0\xc2\x12\xa6\xa5|3\xb6\xe0P\x9d\x05\x19L\
H\xa1g\xe0\x8f\xdd@@F\x86\xe6\xa7$\x19\x1ci\
\xbe\xcc#\x82\xb3\xfcJ\xcc-\xefGZ\xb3\xa5\xc9T\
(\xa3\x87\x13\xc86\xe2\xcd`\xc9\xa3,+9\x95\xe1\
\x92\x95}\xe6\x9e#\xe0[x\x04<\x02\x1e\x81e\x10\
(\xee\xd4\xcb\x14\xfal\x8f\x80G\xc0#p\xb4#P\
*\xa9\xbd8,\xc8\xa3q\xa2\xb4\xf4\xe1\x9c\x1a\xb5\xe2\
\xaa\x9bS\xff\xe5\x81~\x97\x80\xf2\x1cQW\x962\x1d\
\xa49J\x92\x913wS&_\xcc~To6\xea\
\x02v\xe3B\x7f\xda=\x04z\xf1R\x5c\xa4\x969#\
\x051E\xc3\x93SB_\x0c\xe3<\x0a\xcc9S<\
z\xf3Y\x84\xa2L1\x12\xe7Ii\x11S\xee\xd0\x1a\
\xe8\xa5\x8c\xb9\x22\x19W2\xb2\x14g\x96?<\x02\x1e\
\x01\x8f\xc0\x01C\xc03\x9eG`\xee{u>\xcb\xc7\
<\x02\x1e\x01\x8f\x80G\xa0\x17\x01)\xaeJ\x97\xa1\xe2\
\x96S\x0b\xa6\x82\xac<\xcb\xe6o\xa5J\xabHuz\
\x89\xb5\xe1\x88\x9a3ulW\xa4\xbaL\x16\xf6\x10\x0b\
\xdd\xa3TNy.<\x0e\xbd\x0a\xb4k\xe0O\xfb\x84\
\x80\x0c\x0da^\x92\x98\xf5\xc6\x95\x9e\xa3%~\xa4\xac\
\xff\x8fS\x96\xbb\xb9\xe1\x5c\x95i\xf1Q\xbc\x0c\x15/\
Iy\x9as\x91\xf2$\x87HqO\x1e\x01\x8f\x80G\
\xc0#p`\x11\x98\xff\x86>\xb0\xfdx\xee\x875\x02\
^8\x8f\xc0\xd1\x89\x80SBi\x99,\x17\xf6\xa2\xa2\
:J\x97\xa1\xe2%\xb9\xbcY>\xcac\xd4=\xd6\xa6\
\xb8\x88v\x8c\x82E$\xe3F\x8f\xb2\xe5\xceh\x92\xd9\
\x13\xa0\x88\xcf\xb7pJ\xf5lKy\x04D\xb3I\x1f\
\x10\x81^|\x98\x5cp\xc8\xb8\x10)\xd3\xcd\x91\x22$\
\xc5KB\x1e,\xf4\xd4\xb0\xbc\xb0J\x19\xd14\x90\x16\
\x189\xcc\xee=\x02\xb6/Is\xa9xY\xae\xbe\xe7\
H\x8b\x82\x05e\x9aQ\x7fx\x04<\x02\x1e\x01\x8f\xc0\
A@ 8\x08}\xf8.\xfa\x11\xe0\x97#u\x1b\xe6\
z\xf8\x09\x82?\x0ec\x04J\x85p\xb9\xf00\x16}\
\xdfD\x9bm\xadq\xcfF\x17\x052:\xf2\x5c/#\
f\x91)\xc5\x10e\xa8\xf8b\x92\xa2\xab\x5cw\xfdS\
\x89V\x1csm\xb8\xd7/\x85x\x8eWQ\xea\xcf+\
#Pb\xbar\xad\xa2\xd4\x88\xb9\xe6T\xa1r\x9c\x11\
\xe3\xf0\xa6'\x0d\xa9\xb3q\x94\xefH\xb6\xa7|n\x0c\
\xdd|\xb9\xcc\xa5O\xe2\xd9_\xb2T^Y\xa7\xec\xbf\
L\xfb\xd0#\xe0\x118\x14\x08H\x07\x13\x95\xf7m\x85\
\x22\xde(\x0e\x858\xbe\xcf\x03\x86\x80f\xf9\x801\xf7\
\x8c\x97C\xc0\xf8\xa5\x1a\x92\x8cj\x0ewr\xa9\xe0\x94\
_\x8c\xbda\x19_\x8e\x8b\xf2\xcd\x0cf{O\xfa_\
\x0f+\x91\xd9\xde\xf363\x89x@\xc9\xcc\xe6\xc6\x7f\
 :\xd2\x1c\xacD\xfb\xda\xa7\xd9\xbc\xfcf\x8b\xe3\xfb\
\xca\x7fO\xda/5N\xb3\xc52\x99\xcd\xe7-\xd5\xa6\
7\xcf\xfd?\x1a\xfdO\x99e\xc8l\x9e\x97\xd9\xe2x\
/\xaf\xa5\xe2{2\xbe\xa5\xea\xe6\xecs5\xd2W_\
/\x95\xf5u\xdd\xc8\xd8\x11\xc9`\xc9\xa9\xc1\x962\x92\
-\x82\xc0\xc0K\x9b\xd7\xb8\xbe8u\x9d+]\x10\xb8\
\xe1!3)g\x9d4\xc8\x90\xe6]G\xb9\xb4o\xe6\
\x15}8\xae\xae}\x9e\x17\xed\x8cZ\xb7\xc8y\x7f\x18\
\xef\x1d\x93\xd9b\xfcz\xcb\xf7&n\xb6\x98\xa7\xd9|\
\xde\xde\xf0\xecmc6\xcf\xcbl\xf7\xe2\xbd\xed\xf5\x1b\
'\x06~\xd5\x00\x00\x10\x00IDAT\x98\xa5\xa8\x9c\
\x87\x00\x06\x91q\x0a\x14\x8aB\x0b\x5c\x9e\xe29:\x08\
-C\x10\x02a\x18\xb2\xb60\x07\x5c\xc4\xc0O\x0e\xc5\
\xb3<ws\xc9\x80\xf7mf\xe5\x1ddY\xca\xbc\x14\
]\xce]I\x19y\xb99D\xf1Q\xbf+QQk\
\xf9\xb3\x99\xc1\xcc\x16U(\xc7gf\xae\xdc\xec\xc0\x87\
f\x8b\xfbX$\xd8a\x96a\xb6Xf\xb3\xdd\xcf\xdb\
_\xc3)\xe7\xab\x0cW\xe2kv\xf0\xe4\x93<\xa5,\
fE\xbfeZefE\x9e\xd9\xd2\xa1\xea\xec\x0b\x95\
}\x1d\xaa\xb0\x94\xbd\xe8_wy^\xef\xbc\xc2\xf3r\
\x13\xab(\xf0\xe75\x80@\xb0\x06\xc6p\xe4\x0d!/\
`\xef\xd3U\x8e\xbcqx\x89=\x02\xab `\xb6\xf4\
\x97\xa4Y\x91\xbfJ\xf3\xc3\xbe\x986\x08@\x05\x17\x81\
Aj\xb2Y\x112\xc1\xafL\x9d\x97\xa3\x80J*\xcb\
\x5c; '\x8f\xdc\xc53Haf\x89?\x0e\x10\x02\
2>\x1ckb^\xc4\xa5\xe4(\xa7\x085\xa79h\
\x9c\x92\xe6\xef\xd1\x01\xe7E\x8a\x90\xea\x15d2L\x8b\
\xe8\x1e\x9d\x8b>\xf7\xa8\x89\xaf\xec\x11\xf0\x08\x1c\x08\x04\
\xf2\x80\x5cE\x0ct\xf0\x9e\xe0\xee\xe7\x8a\xafN\xbe\xc6\
\x11\x84@\xcf,\x1fAR{Q=\x02\x1e\x01\x8f\xc0\
a\x82\x80\x99\x0c\x1c\xd0x)B,\xf31[\xba\xdc\
\xccVm\xbb\x0cK\x9f}\x08\x100\xf6i\xa63\xe6\
\xe6\xcd\xcc\x5c\xdc\xcc\xe0?\x1e\x01\x8f\xc0\xe1\x81@\xe9\
\xb9Y.<<\xa4\xf4R\x1c\x0c\x04\xbc\xb1s0P\
\xf6}x\x04<\x02k\x12\x01\xb3\xc5\xca\xad\xd9|^\
O\xd4\x8d\xdfl\xbeL\x19f\x0b\xd3\xca\xdb\x13Z\xee\
K\xbc\xcc\xdf\x13^\xbe\xee\xca\x08\x18l\xae\x82\x99\xc1\
l\x9e\xe6\x0a|\xc4#\xb0\x86\x10(\xef#\xcb\x85k\
h\xa8~(k\x1c\x01o\xec\xac\xf1\x09\xf6\xc3\xf3\x08\
\x1c\x8e\x08\xac5\x99\xcc\xcc\x0d\xc9\xac\x0c\x81\x22\xa6\xd0\
`f(?f\xc6t\x912S|\x9e\x94kf\x0a\
<\x1d\x86\x08hj\xca\xd91+bf\xc6\xf9,\xe8\
0\x14\xd9\x8b\xe4\x11\xf0\x08x\x04\x8ez\x04\xbc\xb1s\
\xd4/\x01\x0f\x80G\xe0\xc0!`V(\x81fK\x87\
\x07\xae\xe7\x83\xc7\xd9\xcc\x5cgfE\xe8\x12K\x9c\xcc\
\x16\x96+ef\x0b\x14e3[\xa2\xa5\xcf:\x9c\x10\
\xd0\x0c\x99\xd9\xdc\xbc\x99\xd9\xfe\x10\xcf\xf3\xf0\x08x\x04\
<\x02\x1e\x81\x03\x84\x807v\x0e\x10\xb0\x9e\xadG\xc0\
#\xb0\xf6\x110[\xac\xe8\x9a-\xce+\x910X\x19\
]\x14\x9a-,\xd3\xa3#\x8b*\xf9\x8cC\x8a@9\
Ef\xc5\x5c\x99-\x0c{\x85\xf3\xf3\xd7\x8b\x86\x8f\x1f\
\x89\x08h\x0d\xafD\x07vL\xfb\xce\xdd\xcc`\xb6<\
\xed{\x0f\x9e\xc3\x91\x82\x807v\x8e\x94\x99\xf2rz\
\x04<\x02k\x0e\x01\xb3\xe2\x8bxo\x07\xb6\x92\x22\xa2\
\xb2\xbd\xe5\xeb\xdb-D\xc0\xcc\x16f0e\xb6{y\
\xac\xea\x0f\x8f\x80G\xc0#\xe0\x118\x84\x08\xac\x09c\
\xe7\x10\xe2\xb7W]K\x09)I\x0c\xcc\xcc\xed>\x94\
\xf1243E=\x1d@\x04\xcayX.\x5c\xadk\
3\x9b\x9b\xbb\xde\xba%\xbf\xde<\x1f\xdfs\x04\xcc\x0a\
|\xcd\x96\x0e\xf7\x9c\xe3\xc2\x16\xe5<-\x17.\xac\xbd\
8e6/\x97\xfe\xef\x8e\xfeW\x8b\xc8f\xab\x16\xff\
\x97\xa5\xef\x95\xc5(Kg+\xcd\x06\xbd2(\xcbl\
\xe9z*+\xc9\xcc`\xb6<\xf5\xf2,\xe3\xbd\xff\xfb\
\xc8l\xf9\xb6fVv\xb3lhf+\xf6o\xb6r\
\xf9\xb2\x8c\xf7SA9\xd6r\xeceX\xb2\xd7\x9c)\
Oi\xc5\x15*\x9d#w\xe3\x0aB\xfd?\xb4\xdc\xfd\
\x0f\x1e\x97\xc7\x0a\xdd\x1c\x88\xe3\x18\xe2\xad\xbaf\xf3c\
d\xf1\xdc!~\xfdd6_\xd7\xcc\xe6\xea.\x17\x11\
\x7fQ\x7f\xb9\x999\xf9\xfa\xf3}\xfa\xe0\x22`V\xcc\
\x83\xd9\xd2\xe1j\xd2\x98-n\xb7Z\x9b\xfdYnf\
s\xec\xb4\xceDe\x86\x99\xb95f\xb6zX\xb6)\
C\xf1\x11\x95\xe9\xe5B\xd5Y\x89\x96k\xb7R\xbe\xd9\
\xbc\xbc+\xd5S\x99\xd9|]\xb3\x85q\x95{Z;\
\x08\x04kg(~$\x1e\x01\x8f\xc0,\x02>\xf0\x08\
8\x04\xcc\x16~\x81\x9b-L\xbbJ\xfe\xb4_\x100\
\xb39>f\xf3\xf1\xb9L\x1f\xf1\x08x\x04<\x02\x1e\
\x81C\x82\x807v\x0e\x09\xec\xbeS\x8f\x80G\xc0#\
\xe0\x118x\x08\x1c\x98\x9e\xcc\x0a\xa3\xc6\xac\x08{{\
1[\x9c\xd7[\xee\xe3\x1e\x01\x8f\x80G\xc0#pp\
\x10\xf0\xc6\xce\xc1\xc1\xd9\xf7\xe2\x11\xf0\x08x\x04<\x02\
G\x01\x02f\xde\xc89\x0a\xa6\xf9\xc8\x1f\xa2\x1f\x81G\
\xe0(B\xc0\x1b;G\xd1d\xfb\xa1z\x04<\x02\x1e\
\x01\x8f\xc0\xfeE\xc0\xac0n\xcc\xcc\xfd\xc6A\xdc\xcd\
L\x81'\x8f\x80G\xc0#\xe0\x118\x0c\x10\xd8\x1dc\
\xe70\x10\xd3\x8b\xe0\x11\xf0\x08x\x04<\x02{\x8a\x80\
\x999\x05\xdcl\xe9pO\xf9\xf9\xfa\x0b\x1103\x97\
aV\x84.1{2[\x9c7[\xe4\x03\x8f\x80G\
\xc0#\xe0\x118\x88\x08xc\xe7 \x82\xed\xbbZ+\
\x08\xf8qx\x04<\x02\x1e\x81\xa5\x110\xf3F\xce\xd2\
\xc8\xf8\x5c\x8f\x80G\xc0#ph\x10\xf0\xc6\xce!\xc0\
\xbd\x04=\xc8\x0fA\xe7\xbeK\x8f\x80G`\xbf\x22\xb0\
7\x97\xf1\x9a\xbb\xf6\xf7+\xa2\x07\x89Y>w'\xee\
\xeb\xb0\xccW6\xe3s\xf5\xbc\x11#D<y\x04<\
\x02\x1e\x81#\x0d\x01\xde\xc9\x8f4\x91\xd7\x86\xbc\x11\x0c\
\x81#\x1c\xf4O\xef{\xed\x0fz\xe7\xfb\xb9\xc3\xde\xb1\
\xecM|_\xc5)\xfb\xec\xe7cf0\xb3\xfe\xec\xc3\
:mfNf\xb3\xf9p5\x81\xcd\xe6\xeb\x9a-\x8e\
\xaf\xd6~\xb5\xf2\x12\xdf\xfd\x19\xae\xd6go\xb9\xd9\xe2\
1\x99\xcd\xe7\x95u%_\x8a\x1c\xa2n\x9e1\x06G\
\xac\x0a\xd6.\xab1^D\x95\x1f2\xea\xfe'\x8f\x12\
\x8c\xeb0cm\x92\xe2{Kf\x05\x0f3\xdb[\x16\
\x87\xa4\x9d0\xdcSZMP3\x83YAK\xd55\
3\xa4i\xea\xea\x84a<W\x85-\xdc\xff\xd1\x99\xcb\
\xe8\x89\xb0\x89K\xe5\x99\xb9:\xa5\xcc.\x93\xa72\xad\
\x90\xc9}:\xcc(\xc9\x0a\xb4O\xccw\xa3\xb1\xd9\xa1\
\xed\x7f7D<l\xabH0\xb3\xb5\x8d\x9f\xd6\xb8H\
c\xed%\xb3b\xdc\xbdyK\xc5\xcd\x8azf\xfb/\
\xec\xed\xc7le\xbe\x92}9\xea\xe5\xe3\xe3G>\x02\
\xc1\x91?\x84#s\x04\xc6\xed`\xbf\xbb{d\xce\x9d\
\x97\xda# \x04r\xd3\xb9 \xea\xbdEd7\xce=\
\xcdv\xa3\xb6\xafrP\x10\x98\xf3\xde\xf4\xf6\xb6\xd2\xd7\
\xe3Je\xbd<|\xdc#\xe0\x11\xf0\x08x\x04\x00\x1c\
R\x10\xfc\x1d\xfb\x90\xc2\xef;\xf7\x08x\x04<\x02\x1e\
\x81\xc3\x19\x01\xed\xfc\xf6\xca\x97s\xa3\xaa7\xed\xe3\x1e\
\x01\x8f\xc0\x91\x89\x80\x999\xaf\xae\xd9\xe2\xf0\xc8\x1c\x91\
\x97z9\x04\xbc\xb1\xb3\x1c2>\xff\xd0!\xe0{\xf6\
\x08\x1c&\x08H\xd1]\x89\x0e\x131\xbd\x18\x1e\x81\x03\
\x82\xc0Jk_e\x07\xa4S\xcf\xd4#\xe0\x11\xf0\x08\
\xecg\x04\xbc\xb1\xb3\x9f\x01\xf5\xec<\x02\x1e\x01\x8f\xc0\
\xfeF\xc0\xf3;D\x08\xf4\xb8qz\xa2\x90\xa2/:\
DR\xf9n=\x02\x1e\x01\x8f\x80G`\x0f\x10\xf0\xc6\
\xce\x1e\x80\xe5\xabz\x04<\x02\x1e\x01\x8f\xc0\xd1\x85@\
\xbfQ\xd3k\xf4\x1c]H\x1cV\xa3\xf5\xc2x\x04\xf6\
\x19\x01\xb3\xc5\x8f\xaf\x99\x15y\xfb\xcc\xdc38\xac\x10\
\xf0\xc6\xcea5\x1d^\x18\x8f\x80G\xc0#\xe0\x11\xf0\
\x08\x1c\x1e\x08\xc8\xd0[\x89\x0e\x0f)\xbd\x14\x1e\x01\x8f\
\x00\xe01X\x09\x01o\xec\xac\x84\x8e/\xf3\x08x\x04\
\x8ej\x04VR\xf4TvT\x83\xe3\x07\xef\x11\xf0\x08\
x\x04<\x02\x1e\x81#\x00\x01o\xec\x1c\xe2I23\
'\x81\x14'Q\x96es\xcf\x83+} \xc8u8\
{:\x10\xfc\xf7\x84\xe7\xac\x18\xcb\x06\xab\xf1Z\xb6\xa1\
/\xd8/\x08\x98\xd9\xb2o\xab1\xb3\xfd\xd2\xc7JL\
\xccl\xae\xff\x95\xea\xedIY\xef\x9aZ\xad\x9d\xd9|\
\xfff\xb6\xa8z\xc9\xcb\xac(+\xd3\xfd\x15\xcb\xfc2\
\xe4e\x8e\xac\xef\xad^*S;3scV\xfcP\
\x93d:X\xb47c-e\xebokV`X\x96\
+\xec\xaf\xa3\xb4YQO\xf1\xe5H\xff\x0b)Ms\
\x04\x06t\xba@\xc8oM\xfdo\x9e\xb2\xbex\xf7R\
\x99\xaf\xb0\xccW\xbc\x97\xcc\xec\xb0\x99\xe3^\xb9\xfa\xe3\
f\x85\x9cfK\x87\xfd\xf5}\xda#\xe0\x11\xf0\x08\x1c\
\x8e\x08\xf0\xb6}8\x8a\xe5e\xf2\x08x\x04<\x02\x07\
\x0d\x81\xfd\xde\x91\xff]\xc7~\x87\xf4\xb0g(\xc3\xe6\
\xb0\x17\xd2\x0b\xe8\x11\xf0\x08x\x04\x8eB\x04\xbc\xb1s\
\x14N\xba\x1f\xb2G\xc0#\xb0\x7f\x10\xe8Wp\x95\x16\
\xed\x1f\xee\x9e\xcb\xbe\x22`\xb6\xb4G\xc2\xac\xc8\xdfW\
\xfeK\xcd\xf5Ry\xfb\xda\xcf\xc1o\xef{\xf4\x08x\
\x04<\x02k\x07\x01o\xec\xac\x9d\xb9<\x22G\x22\xc5\
`%:\x22\x07\xe5\x85>\xea\x10(\xd7p\xef\xc0\xfb\
\x9eR\xeb-\xf2\xf15\x86\x80\xe6_C*C\xc5=\
y\x04<\x02k\x08\x01?\x94#\x1a\x01o\xec\x1c\xd1\
\xd3\xe7\x85\xf7\x08x\x04\x0e5\x02K)\xb8\xfe1\xb6\
C=+\x07\xaf\xff\xa5\xe7?w\xbf\xbd<xR\xf8\
\x9e<\x02\x1e\x01\x8f\x80G`9\x04\xbc\xb1\xb3\x1c2\
{\x9f\xef[z\x04<\x02G\x09\x02\xfd\x8a\xae\xd2\xa2\
\xa3d\xf8\x87\xfd0\xcd\x8a\xc7\xd5\xcc\x96\x0e\xf7u\x00\
\xbds]\xc6\xcbp_y\xfb\xf6\x1e\x01\x8f\x80G\xc0\
#\xb0\x7f\x10\xf0\xc6\xce\xfe\xc1\xd1s\xd9K\x04\xa4\x18\
\xacD{\xc9\xd67;\xac\x10X\xfb\xc2\x94kx\xed\
\x8f\xd4\x8fp%\x04\xb4\x0eV*\xf7e\x1e\x01\x8f\x80\
G\xc0#p\xf0\x11\xf0\xc6\xce\xc1\xc7\x9c=f\xc8\x0d\
\xc8HL\xf8\xc3#\xe0\x118\x02\x11\xb0\xb9\x1f\xe5\x04\
\x08\x5c\xbc\xbc\x9d\x16\xe1r\x8a\xaf\xae}X\xe6Fl\
\xf9l\xc8T\xc1\x03\xe4U\xb4g\x16\x0f\xc5E\x8c\x96\
\x87\xda\x96T\xe6\xf9p\xaf\x10ps\xa1\x96\xc2S!\
\xc9\x98i.\xe4)'\xf6\x22F\x19\xe3\xb9<8o\
\xb3m\x94oy\x0e\x85\x22\xd5P\xb8\xf4\xfc\xab\x04\x80\
\xab\xad\x9a\x9e<\x02\x1e\x81C\x86\x80\xbb\x86\xb3\xf9\xee\
u\xad\x8b\xe6s|l\x8d P\xdey\xd7\xc8p\x8e\
\x9ca\xa4\x81\x0c\x9e\x9c\x06O\xcf\x85v\xe4\x88\xbf\xdf\
$53\xf7\xff&\xcc\x96\x0e\xf7[G\x9e\xd1\x11\x89\
\x80\x14\xc6\x92\x0e\xd4\x00\xcc\x8a\xb5\x17\x044ZHf\
EZ\xfd\x99\xcd\xc7\x95\x16\x95\xf2\xe8\x7fbEQ\x02\
\xfd\xcf\x1c\x85y'C\x1c\x84\xe84[\xaa\x86\x80m\
\xf5\xffY2\x1a4\x19Rnp\xe8\x9aW,u\xd7\
}j9\xf24E\x90\xe60~\xc1\x06\x08\x0bC'\
5\x17*\xad|VC\xf9\xc9\xf8\xe5,\xe2V\x09\xb3\
\x96\xbew\x94\xf2)d\xa55}\x04\x1c]/1\xb9\
\xe0\x10\x06%\xa9\x80v\x0cJR\xda\xcc\xa0\x7f\x9c\x13\
\x86!4\xff\xc6LB\xec\xe05\xce\x098\x17\xc8\xc1\
\xf9\x81\xfbD\x11\x100\xd6\xcd\xbb\xae~d\x01\xd3\x86\
\x90aI\x11\xd7P\x90\x87\x88,*\xe6\x91|ru\
\xca\x9a\x98\xa52mf\xfbt\xff3+\xda\xa3\xef\xd3\
;\xe6\xbe\x22\x9f\xf4\x08\xcc!`V\xac\x1f\xb3\xa5\xc3\
\xb9\x8a{\x191[\x9a\xafY\x91\xdf\xcb\xf6@\xc4\xcd\
\x8a~\xcc\x96\x0e\xcb>\x8b\xeb\xc5\x90\xf3Z\x17\xe9\x9e\
^\x96\xf9pm \xa0\xfb\xf6\xda\x18\xc9\x114\x8al\
V{\xf1\x9e\x9d#h\xd2\xbc\xa8\x1e\x81Y\x04\xcc\xcc\
\xc5\xcc\x18R\x91u\x973C\x97\xe9\x94\xd9\x22\xc6\xef\
M\xa7\xc8*e\xc6\xba\x8a\x90\x0c\xc63x.B\xcc\
~\xcc\x94.o\xc9\x0aE*,C\x1a7N\x13W\
\x9e\xb8\x8b\x14\xf7\xb4W\x08\xcca\xb9Lk\xc2]h\
?\xa0\xd1b\xae\x92\x14!\xa1.\xe5H\x16Q\x11\x82\
\xe5`U\x1a\xaf\xaa\xd0\xff\xdfb\xd9\xd2,\xe4\xb9\x9c\
\xc7\x00f\xc6\xb4\x8e@'O\x1e\x01\x8f\xc0!A@\
\x17\xb9\xa8\xbc\x0e\x15\x8a\xca\xeb\xf3\x90\x08\xe5;=\x00\
\x08hV\x0f\x00\xdb\x03\xc9\xd2\xf3\xf6\x08x\x04<\x02\
\x07\x17\x01\xb3\x85_~fEZ\xcanI\x92H_\
\x9b\xda\xc4\x90\xce\xabtI\xce *\x13=aN>\
\xaaoV\xf0S\x91Y_\x9ci3s\x0ar\x08\x83\
\xc8\xacH\xe3(\xff8\xbc\x89A\x192\xba\xe2\xa1y\
(\xa9\xb7\xa2\x0c\x98\xde4a\x86\xb3[\x8d\xb9$\xfa\
\xe2h\xcc\xc8\xa0\x01\xd4\x17s\x99.Z\xd1_\x87\x94\
\xee\x9f\x9c\xf5JR\x9e\xd6\x85\x19w\x8b\x03\x16\xa8\xc1\
,\x99-L\xcff\xfb\xc0#\xe0\x11\xf0\x08x\x04\x0e\
\x10\x02\xde\xd89@\xc0z\xb6\x1e\x81\x83\x86\x80\xef\xe8\
\xa0!`f03\xd7\x9f\x19\x15Y\xa9\xb9L\xda\xec\
\x0fn\xcc\x98p\xa5<\xcd\xee\xf0\x9b\x15y\xa5\x92\xad\
\x9b\xae\x0c\x16\xd6\x80\x94cP\x19\x96\xda\xacx\xce\xba\
9\xab\xe7\xcc3\x13\x7f\xd6r\x1e\x88R\xc5f\xda\x1f\
\xfb\x11\x01!Ol\x89\xb1\x19\x81\xef\xe5\xac\xe4\xac\xd5\
*\xc3EE2L\x15*\xady\x92\x91\xc3\xd6n\x1e\
\xd3\xd9\xbae\xa8\xba\x22\xd5/\xc9LL\xcb\x94\x0f=\
\x02\x1e\x01\x8f\x80G\xe0` \xa0\xef\xdd\x83\xd1\x8f\xef\
\xc3#\xe0\x11\xf0\x08\x1c\xd1\x08\x98\xcd+\xaaf\xe6\x8c\
\x1e\xb3\xf9\x10\x11\xe34z\xcc\x18Z1TF\xdd\xef\
=\x944\xb3\xa2\x0d\xf5k\x19>!\xabdT\xb2S\
\xb6I\x83\x0cY\x98#WhR\x9f3*\xd0\x0c]\
\x1c\x8c\xb3r\xcfa=q\x1f]\x8c\xc0\xee\xe6\x98Y\
1'\x0c9-p\xa4oE#\x07\x92\xd2PH\xea\
5\x5cd\xe8\xb0\x06\xc0\xba9\xe7\x883\xc5\xb8\x15^\
\x1f\x1a\xaa\x9aW\x14)W\xcd,\x87\xc8%x23\
\xa6\x8d1\x7fx\x04<\x02\x1e\x01\x8f\xc0\x81F\x80\xb7\
\xea\x03\xdd\x85\xe7\xef\x11\xf0\x08x\x04\xd6\x06\x02f\xe6\
\x94T3\x03\xa8\xd4\xe6\x1c\x96\x94\xd8\x9c\x06\x8b\x99\xc1\
\xfd\xc8\xdd)\xb6p\xf5\x9c\xa5\x03~X\xc6\xb3;\xcc\
\xcc\x85:\x99\x99S\xb0\xc5K\xcat\xa94\x97\xca\xb4\
\x999>f\x06\xd51\xb3\xb9\xb4\x99\xc1\xdf\xc0\xb1\xff\
>4Z\xc4Ls*rq\xce\xb1B\x82\xee\x82\xf2\
df.Zz\xe0\xc0zf\xcc\xeb\x09\xcb<3\xe6\
\xbb\xda\xc5\xc9\xac7\xedf\xbc(\xf0g\x8f\xc0\x81C\
\xc0s\xf6\x08\x1c\xd5\x08\xf8\xef\xca\xa3z\xfa\xfd\xe0=\
\x02\x1e\x81}A\xc0=\xbe6\xab\xe0\x16\x86\x8e\xcd\x1a\
<\xe8\xd7\x8f\xd1\xfb\xb1|\xfe\xd6\xebx@\xea5i\
V\xe16\xa3BLb\x8e+\xe9m\xeb\xe3\xf3\x08\xc8\
(\xec\xa5\xf9\x92\xa5cB}\x8e\x04\xeel5E\xf3\
Y\xbcK\xa33\xe7\x14\xc8k\x03\x86f<\xa9.\x03\
\x1e\x8c\xe5\x90\x91k\xc6\x14\xe7\xdf\xbd\xa1\x80\x06o\x19\
\x9a\x19\xcbi\xc8r>\x1d\x0f\xb6\xd0\xa16\x85\xc7\xc7\
\x1b9\xc2\xc3\x93G\xc0#\xe0\x118\x18\x08\xe8\xbe\xbf\
\xb0\x1f\x9f\xf2\x08x\x04<\x02\x1e\x81\x15\x110+\x94\
Y3c\xbd\x8c\x8a-H\x85\x02\x0c~\x94\xeb(\x07\
\x8c\x7f\xceba\x1c\xe5\x87\xed\xac\x8c\xf7\x84f\xca\xcd\
\x98#b\xb0\xe2a=\x0fJ\xadX\xd1\x17.\x83\x80\
Y\x81\xb7\xce\x8b\xaa0\xd3\xcc\xdc\xd4\x95e\xcc\xd2l\
\x22p\xe7\x22\xd7\xcc`f.a6\x1f\x9a\x15qW\
\xe0O\x1e\x01\x8f\x80G\xc0#p\xc8\x10\x08\x0eY\xcf\
\xbe\xe3\xddB\xc0\xfd\x106\xcf\xdd\x9b\x7f\x0eD|5\
!V\xebs\xb5\xf6k\xa1\xfc@\x8ea5|\xf7\xb5\
\xfc@\xca\xbe?x\xaf6>3s\x8a\xa4\x99-\xd9\
\x9d\x99\xcd\x95\x9b-\x8e/\xd9\xa8'\xd3\xcc\xe6R\xa5\
,e\x86\x99\xa1\xd3\xe9\xb8d\x14E\xae\x9f4M\xa1\
\xff\xaf\xa3\xcc(\x08\x91\xa7]d$m\xea'a\x04\
\xa4\x19\xf4\xbfW\xdc\xefqh\xdc\x98\x91?w\xf7U\
\xbf\x9fX\x82n\xbb\x89Z%\xa1B]\xf0M\x92\x04\
\xeaCu\x8d\xa6\x8c\xea\x88\x94\xee\xa5\x1cK\xe5\xf6\xd6\
(\xe2\x92\xb5\x97\xca1\x96aQk\xf9\xb3\x99\xc1l\
\xff\xd0\xf2\xbd\xcc\x97\x94r\xedI\x98\x11\xbd\xb9\xfa\x06\
8\x8f\x0c\xef\x99\xe2jfN~}\xd1\x19\xf3T\xcf\
\xe5\xe7pO\x18v\x88\x7f\x1c\xc7\xd0'\x0a\x02t8\
\x7f\xb1\x01z\xb7\x84\xfe?\x92\x19\x13,lw\x9a<\
\x83F\x0e\xd0J;n\x8e*1\xe7\x8d\xf1J\x12\xa3\
^\xad\xb1\xcc\xd0i\xb5\x91uS\x90\x83#\x9b\xed\xa7\
L\xab\xff\xde\xf9`\xa5\x15\x0f\xd5\xdf\x1d\xeagbf\
n\xdc\xfd\xf9{\x9a^\xad\xef=\xe5\xe7\xeb\x1fY\x08\
\x98\x15\xeb\xc8l\xef\xc2C\xbd~V\xeb\xbf,\xef\x9f\
\x153\xeb\xcf\xf2\xe9#\x1c\x01}\x07\x1c\xe1C\xf0\xe2\
{\x04<\x02\x1e\x81\x03\x83\xc0\xf0\xf0\xb0\xf1\xe6j\xd1\
\x00\x00\x10\x00IDATS\x1a\x9b\xcd&\xba\xdd\xee\
\xec#j\xe66\x1f@#&\x8eB$\xa4\x90w\xd2\
\xb4\xdbF\xae\xb7\xb3\xd1H\x01?\x91\xfb\xbe\xec\xf1\xd0\
\xb84\x0bz\x8e\x81\x81\x01l\xdf\xb2\x15U*\xccY\
\xbb\x85\xc6\xd4\x146n\xd8@#\xa8\x03\xf5Y~\x19\
+\x94\x06\x9e\xb2\x07\xc5K\xeaau0\xa3\x87E_\
2j\xfa\x05\x11.e^\x19\xef\xd0`U\xbcR\xa9\
 \xe91&\x85}\xadF#\x85\x06Isf\x1ai\
\xa7\x8bD\x13I\x06\xed\xe6\x0c\x02\x0b\xd0n\xb7\xa1i\
\xabV\xab.d\x11\xaaa\x8c!\xce[\x1c\x86\x18\xa8\
\xd5151\x89\xed\xdb\xb6\xb1\xbea\xd3\xc6\x8d\x18\xe1\
\x9a\xe1\x02A\xbb\xd5RuO\x1e\x01\x8f\x80G\xc0#\
p\x88\x11\xe0W\xf4!\x96\xc0w\xef\x11\xf0\x08x\x04\
\x0eS\x04\xa4\xec\xca\xd3\x12R\xb1\x95\xc2+\x85\xd9\xcc\
\xdc\xce\xbe\x8c\x1f\x91n\xa2FW@N\xaf\xc0`}\
\x80\xc6O\xec\xcc\x9dN\xb7\xf0\x0a\xb9\xa1IcV\xc4\
\xfdV\x87-\x98\xce\x99\x96\xb7\xa1FC'\xa5G\xe0\
\x84M\xc7\xa2B\xef\xd0\xce\xad[\xa9L\xd70:2\
\x04\xcb3G2t\xa4\xb0g)\xd0\xcd\x80\xd2;@\
\x16\xfe \x022|D\x8c\xd2\xce\x10\xb2\x8a\x01f\x06\
\x195\x01\xbd6ccch\xce40<8\x04y\
s\xb6l\xd9B\xe3\x92F\x0e\x8d\xd8\xd3N9\x05#\
\xcc\x9f\x9c\x9a\x81>\xf5\x1a\x8d\x98\xc9I\xc4\x11\xe7\x8a\
\xb3i0e;O\x9fb\x9dV\x13\xbbv\xec\x80<\
y\xebGFq,\x8d\x9c\x80\x9e\xa3\xed\xe49\xc6|\
y\xfa\x86\x07\x06\x11\xb0\xad\xc85v'N\x1e\xf38\
\x83L)\xce\xc0\x1fk\x00\x01?\x04\x8f\x80G\xe0p\
F@w\xf2\xc3Y\xbe5/\x9b\x14\x98\x95h\xcd\x03\
\xe0\x07\xe8\x11\xd8\x07\x04V\xbavT\xb6\x0f\xac]\xd3\
F\xa3\x01)\xca\xa5\x91#/Ai\xfc\xe8\xd1\xb6\x90\
J\xb0<;QhT\x84[Tnszdfh\
\x8ct\xa9(\x17\x8fG9F\xe5\x89\x9a\xb2Tq\x91\
\xb2\xf4\x18[H%\xb9\x16G\x18\xdb\xb5\x03z,\xee\
\xd8\x8d\x9b\xb0s\xfb\x0e4\xa7g\x10RYW=3\
6Td\x9646\xd1l\xf2\xa8\x0dJ\x03\xa7\x1f\x00\
a#\xd2|\xb5\xe8a\x91q322\x023\xc3\xf6\
\xed\xdb9GM\x1c\xb7\xe9\x18\x8c\x0c\x0d;\x8f\xcem\
\xb7\xdc\x8a\x89\xc9q\x1aBu\x08\xe9];wbh\
h\x08A\x18\x82\xd6\x93#}Y\x06,\x0d\xd8Y\x18\
\x04\xac;\xe8\x1eYlq\x9e\xa6\xc7'`4vG\
i0\x0d\x0d\xca\xc81\xd7\x07\xab\xaexH\xc6\x03I\
+v\xee\x0b=\x02\x1e\x01\x8f\xc0\x81B\xe00\xe3\xab\
\xfb\xf6a&\x92\x17\xc7#\xe0\x11\xf0\x08\xec\x1f\x04V\
S$W\xebE\x8f=IQ\x96'ejj\x0a3\
33\x90\xf1\xa3<\xed\xdek\xe7\xbf\x1a\xc5h7[\
h\xd10\xfa\xc4\xfb\xdfo\xbf\xff{\xbf\x878\x880\
>\xb1k\x11{\x199\x19sE\x0c\xf0\xbb\xbfs/\
<\xe7\x19\xcf\xc4\xe4\xce1d\xed\x0e\xeaI\x057\xff\
\xeaF\x1c\x7f\xcc\xb1\xa82\xae:2x\xcc\x0cf\xf3\
\x94\x07\x06G4\x94V\x1a\xa3\xda\xafe2#\x0e\xa2\
Y\x1c2\xe4\xf4\x9b\x14$\x5c4o\xc62\xcd\x8f\xbc\
:\x9a\xb7M\x9b6a\x90\x9e\x9b\xc9\x89\x09\x88\x92 \
\xc4\x19\x0fz0\xfe\xe0>\xf7\xa5\xb1\x0a4\xe9e[\
\xbf~=a\xcbh\xe4\x00-\x1aKF\xae\xa28\xe4\
\x1c\xb0\xe4\x0e'\x9d\x82G=\xfc\x91\x98\x19\x9fD5\
J020\x84\x90\x96\x97\xfa\x89\xc9\xa5^\xa9\x22\xa6\
\x97\xce4\xe1\xac_\x1e\xac\x82^*\xf3}\xe8\x11\xf0\
\x08x\x04<\x02\x07\x0e\x01o\xec\x1c8l=\xe7\xdd\
C\xc0\xd7\xf2\x08\x1c\xb6\x08\x98Q\xc5\xcd2\xc8\x9b#\
Ey\x90\xbb\xf6\xfa\x9d\x87\xd2\x93\x93\x93\xc8\xbb)n\
\xbe\xf1&\x1c\xbbi\x03.|\xf9\xcb1\x99fy-\
\x8e159\x81\xd1\xe1\x91\x05\xe3\x92\xdeK\xf5\x19\x0a\
E*L,\xc0\x13\x1e\xf3h\x5c\xf5\x86+\xf1\xf9\x0f\
\x7f\xd0f\xa6'\xb1~t\x18\x9dv\xdb\xf1.\x95e\
)\xee\xaaof\x0a\xe6\x0c\x1f\x97\xf0\xa7E\x08\x08/\
\x19>C\x03\x03\xaeL\xbf\x7f\x92\xd1\x22O\x8f\xe22\
Z\x15\x9ez\xd2\xc9x\xe9y\xe7\xe2\xc5/:\x1b\xa3\
\x83\x03\x10\xba\xd5$\x82\x1eIt\x1e\x1d\xce}\xc49\
\xc2,\xee\xfa]\x8f\xbe4\xd7\x8f\x0c\xe3\xd1\x8f\xfc\x0b\
\x5cu\xe5\x95\xb8\xdb\x9d\x7f\x0d\x9b\xe9\x19\xear\xce\xd6\
\xd1S\xd4\xa0\xa7G\x9e\xa1j\x9c\xb87Qk\x0e\xd5\
\xc6\x09\xe2O\x1e\x01\x8f\x80G\xc0#p\xd0\x11\xf0\xf7\
\xe0\x83\x0e\xb9\xef\xd0#\xe0\x118R\x10\x90g@J\
\xb2\xe4\xd5o?\xf4\xbb\x1d)\xcc\xca\xd7\xcb\x0b\xba\xf4\
\xc6<\xf3iO\xc7\x95\xaf\xbf\x02\x7f\xfc\xfb\xbf\x8f\x84\
\x1e\x17\x83\xa1^\xaf\xab\xc9\xb2$\xa3G43\xd3@\
\xc8Z\xa7\x9dx\x12Z\xd4\xd0/x\xe9\xcbP\xaf\xd6\
\xa0\x1f\xbd\xeb\xf7@\xeaG\xc4\x22\xea\xde\xb9#V\xf7\
G\x1f\x02\xc2R\xa4la\xa5\xb0\xa4\x19z\xe3\x92$\
\xc1\xf1\xc7\x1fO\xac\x0d\x9bo\xbd\x0d\xc7\x1dw\x1c^\
\xf0\x82\x17\xe0\x8d\xaf\xbf\x1cw\xbd\xeb]i\xcc\x16\xad\
\xbbi\x06\xe1mA\x80\x94s\x0b\x1a9!\x8d\xd7\xc2\
B-\xf0O\xf5\xc3)2\x1f\x1e\xac\xe1\x8e\xa7\x9d\x88\
\x97\xbd\xe4\x1c\xbc\xf2\xa2W\xe0\xc4\xe3O\xc0-7\xdd\
\x8c$\x8a\xb0i\xc3\x06\xc8\xe0e\xb5\xd9\x83\xfc\x8d4\
\x9b\x92wGQ\xc9\xba\x12\xa9\x8e'\x8f\x80G\xc0#\
\xe0\x11\xd87\x04\xbc\xb1\xb3o\xf8\xedUk=\xfeR\
6\x5c\xe9\x8bNee=\x1fz\x04<\x02\x8b\x11\xd0\
5\xb2\x12-n\x01\x94\x8a\xe6Re\xbdy\x012\xd4\
*1\x14\x22\xeb\x02\xdd\x0e\xa6\xc6val\xfb6\xd4\
\x93\x18\xbfy\xd7\xbb\xe1C\xef{7\x9e\xf0\xa8G`\
 \x0a\xd1\xd5+\xa8\xc9\xc0H\xcd\xe6\x0c\xcf\x8b\x0f\xdd\
pU.\x03G4T\xaf\xd1\x8b\x90C\xbf\x83\xcf\xa9\
\x0b\xff\xf6=\x7f\x13\x7fu\xfd[\xf0\xe4'>\x8e\xca\
v\x1bF\x9e\xfa\x1d\x8fB\xc9`\xb9\xde\xc7F\xca\x0b\
\xc5\x1b\x94nyZ\xdc\xbf\xcb\xe9Q\xba]\xfa\x08?\
\x09\xd3\x92\xb4\x16\xe4IqC\x22V;wn\xc7\xc6\
\xf5\xeb\x90\x84\x01~\xfe\x93\x1f\xc38\xa7\xcf~\xc6\xd3\
p\xf1\x85\x17\xe0\xc1\x7fz\x1f\x1a?\xe0\xdc\x05\xa8\xb1\
\x5c<T/`-\x10\xa3 \x8e\x1c\x1b\xd0\x80UD\
Fn\xb5R\xe5\x5c\x85H\xbb]\xa4\x9d\x14\x89\x01\xd5\
\x08\xf8\xe3\xfb\xfe6.z\xd9K\xf1\xb8G\xfd\x05:\
\x8d\x19\xdc~\xf3M8f\xfd\x06\xe8\xa5\x05\xba\xdfK\
\xa62\x14/\x91\xd6aIJ/E\x1a\xcf\xbe\xd0R\
<\x8f\xc8</\xb4G\xc0#\xe0\x11\xd8\x07\x04\x82}\
h\xeb\x9b\xee%\x02\xda9D\x96\xf3\x8b\x100\xb3}\
\x22\xac\xf21[\x99\xff*\xcdW\x95m\xb5\xf6\xbe|\
e\x04\xccV\x9e\x1f\xb3}+_MQZY\xba\x03\
_j\xb6\xf2\xf8V\x92@c\x0b\xa9E\xf6R@\x0b\
\xc2\x11w\xe6\x03R\x86\x9c\xeam\x8eR\xa9\xec\x0fU\
G\xa4kR\xfc\x12Z\x1d\xfa]F\xc0VQ\xc8\xdb\
#\x95\xda\x84|\xa4\x0c\xb7\xa6&\x90\xcdL\xe2\xdb\x9f\
\xfa\x98\xbd\xec\x85\xcf\xc7\xc5\xe7\xbe\x00\xc3\xacSe\xdd\
\x844\xc08\xb2\x0eZ\xcdiT\x12j\xc0\xcc\xeb\x95\
\xdf\x98\xa0\xb8\x08s\xcc\x911/t\xbf\x03\xc9\xa1\xe6\
UvY!\x9dq\xfa\x03\xf0v\x1a=_\xf8\xe0\xbb\
,\xef\xb40\xb1s'\xc4\xb1ZaO\x1d*\xda\xf4\
:\x84A\x8c\x9c\x03bK\xc0B\xe4`C\x86\x8ag\
\xccow\xd3\xf9\xeb\x97\x9a\xb6\x95\xc4N\xcb8z>\
f6_\x7f?\xc5{\xd8/\xc9[7\xc1\xdc8K\
V\x18\xa1\x14\x1b\x22\xe6\x10\xbd\x1c!\x0d\x8e\x94V`\
\x87\x1e\x97\xdc8\xbe DJ\xfc2\x18\x82 \xa2\x17\
\xa5Bc\x11@f.^\x89\x13\xa6\xd9\x9a\xc6i\x95\
\x1e\x99\xc1\x81:\xbd-\xbf\xc2\xae\x9d\xdb\xf0\xe0\x07\xfc\
)^s\xe9+\xf0\x97\x8f~(N\x18\xad\x22a\xb3\
\x80\x06KD~\xa2\x80xe\xc4V\xf3\xc1\x22\x80\x18\
\x80\x86\x8e\xd6\x06(_\x9c$H\xd36r\xf2\x8e\xb8\
N\x12\x1a\xb8A\x06\xc7'\x06p\xe2\xa6a<\xf5\x09\
\x8f\xc3\xa5\x17\xbe\x1c\xdf\xf8\xdc'\xec'\xff\xfd\x03\xc8\
@N\xc2\x10\x95\x98\xb3\x97\xe5l\x9fR\xee\xc0\x91<\
w\xe2o\x9c\xf8@\xbcfIi\xd6\xa4\xf1\xdcF\x18\
\x19\x82\x104\xb0\x0a*\xd7z\x80\x0c\x223\x83\xd9B\
\x0a\xb8^K\xc2>~\xcc\x16\xf26[\x98\xd65\xb3\
\x12\xad\xd6\xfdJmU\xb6Z\xfb\xc3\xbd\x5ccX\x89\
V\x93\x7f\xa5\xb6*3+\xe6\xa3\x9f\x8f\xcaD\xfd\xf9\
\x07;mV\xc8g6\x1f\xee\x89\x0c\xe5:^.4\
\xb39v\x1a\xaf\xa8\xcc0\xb3E\xd7\x86\xd9\xc2\xbc\xb2\
\xee\x91\x18z\x99\xf7\x0c\x81`\xcf\xaa\xfb\xda\xfb\x03\x01\
\xebaB\xfd\xa3'\xe5\xa3\x1e\x01\x8f\xc0\xee\x22`\xd6\
{%\x15\xad\xf4e\xd7KE\xee\xfcY\x8a\xb4Re\
\xa8WK\xeb1\xa7\x90\x0aiL\xa3C\xbf\xc3i\xb7\
\x9a4Vb\xda-mL\x8e\x8fa\xc3\xe8\x10\xda3\
\xd3\x18\xaa%x\xe9\xb9\xe7\xa0\xc1\x0e~\xfb\xeewu\
\xc6G\xdemS\xa1mQ\xd9\xee\xc2\xa8\x80FT\x8e\
\xeb\xd5\x0a\x12*\xdd\xeaG\x94e\x19\xf4\xfb\x90f\xa3\
\x81\xb4\xcd\xfaTz\x91\xb3D\xc46j'#(`\
\xa6F\xa4\x9b\xf2\x00\x8d\xa5uC\x03\x98f_\x17\xbc\
\xe4|\xdc\xf5.w\xc6m\xb7\xdc\x8c\xf1\x9d\xbb04\
8\x80$\x8a135\x053+x\xcf4]<'\
O=vgf\xd8\xb0a\x03\xd8\xdc\x11{sG\x99\
\xcei@\xb8\x8c\xc3\xf4d&$\xe0\xfe\xcf\x8dD\x8c\
\xa2\x08Rxr\x0ePxvi\x84j\xee\xc6\x88G\
B\x03/\xa6\xea?E\xaf[sj\x1a\xc3\x83u\xd4\
h\x98\xec\xd8\xbe\x15\x9bo\xbd\x05\xf7\xfa\x9d\xdf\xc6K\
\xce}!\x9e\xfb\x9cg\xe1nw8\x05\xb4\x1d\xe4\xb8\
q\xf3\x17\xd3\xc0\x80\x1eK\xa3\xd7.\xe0\xfc\x87Q\xe0\
~/%\xdef6g\x9cH\x06\x91\xfa7\x1a\x13\xda\
\xac\x9a\xd8\xb5\x03\x01\xe7L\xbf\xdb\xea\xb4\xbb\xc8\xbb\x19\
j\xb1\xe1^\xf7\xbc\x07n\xdb\xb23\xbf\xe6\xcdWC\
k\xaa19\x81\xe9\xf1I\x90=\x8d\x9e\x10\x92]\xa4\
7\xfc\xc9[\xa4\xf9\xd2[\xffD\xeaW}\x84\x5c\x8f\
*W\x5c\xfd\x8az\xe3J{\xf2\x08\xacu\x04\xb4\xe6\
W\xa2\xb5>~?\xbe\xfd\x87\x80\xbeW\xf7\x1f7\xcf\
\xe90D\xc0\x8b\xe4\x11X\x1b\x08\x98\x15\x0ap\xefh\
RZ-\xbd\x94s\x87_\x94Q\x09\x15\x99\x993\x02\
@\xb5\xd4Q\xce[^I\xcc\x93\x12\xbdq\xfdz\xa4\
\xf4\x9e\x8c\xef\x1as\xff$\xb2\x22C\x82\xca\xa9~`\
^e\xfc\x86\x9f\xff\x02\x8f8\xf3\x0c\xbc\xff\x9d\xef\xc0\
\xfd\xfe\xf0\xbe\x98\x9c\x9at\x8a\xb2Q\x900\x08`a\
\x0cc\x98\xa5)\x95\xf3.\x95\xd9\x0c\xf2D4\xe9}\
QhA\x84J\xb5\x8ejm\x00!\x95p\xe4\x19\x0d\
\xa9\x14N\xc9&\x0f\x1df\xe2\xa6\xd8<U\xe3\x08m\
z\x1e~\xefw\xee\x89\xd7^\xfe*<\xef\xac\xe7@\
\xfe\x9b\xdbn\xbc\x11\x09\xfb\x1b\xacT\xe8\x18\xc9P\xa3\
q5P\xab\x22\x0c\x80\x88\xa7j\x85\x86Z\xda\xc1\x8e\
m\xdb\xe7\x98e\xc4)\x93\xa1@\xcaaD\xc7\xa8\xaf\
\xe7s\xe5\x87*\x92S. \x98\xeb\xde\xcc\x16\xc4i\
'\xd2\xc8\x89H\x01d\xe4\xa4\xc4\xd8\xcc\x5c:\xe08\
\xd6\x8d\x0c\x11\xce\xc2\xd0\x1c\xa2\x17\xc7\x88\xed\x96\xcd\xb7\
\xbb\xb7\xacm\x5c\xb7\x1e\xe7\xbc\xe8\xc5x\xfeY\xcf\xc3\
\x03\xff\xf4O\xb1ah\x10t\x10\xa1\xd9\xea\x92\x17\xf1\
\x07\xe0\x8cO\xf2d\x94s\xd2q\xf9q\x92\xb8\x7f>\
\xda\xa5\x11\x14\x84!\x1a4~\xdb4\x86\x84V\x14\xc7\
\xaa\x0a\xd0\xa8\x1d^\xbf\x0e\x90,\xac\x13\x05\xa13\x8c\
\xd2L\xb5\x80c\x8eY\x87\xdf\xbc\xfb=\xf0\xb6\xeb\xae\
\xc7C\x1e\xf4@\xceu\x17Z_F\xe4+\x9c\xa3\xac\
\xd3\x86\xfe\x91i5\xa9\xa0V\xa9\xbau7P\xab\xd3\
\x18J \xc37\xed\xe64\xba(\xe3\xecZM\xd9\x8e\
K\x1b\xfd\x04\xff\xf1\x08\xaca\x04V2tT\xb6\x86\
\x87\xee\x87\xb6\x9f\x11\x08\xf63?\xcf\xce#\xe0\x11\xf0\
\x08\xec7\x04\xccl\x01/\xb3\x85\xe9\x05\x85L\xe8\x0b\
\xb0\x97\x98\xe5\x8e\xde\xbc<\xcfQ\xa6\xabTlo\xbe\
\xf1\x06t\x1b-\xf7\xdb\x8e\x8c\x9e\x97\x8c\x8am\x8d\x86\
\xc6\xed\xf4\xa4|\xe1#\x1f\xb0\xf7\xbe\xeb\xaf\xf1\xd4'\
>\x1eS\xf4\xee\xe8\x86\xb9~p\x08\xaac\xd4\xc4\xcd\
(\x0f\xf9AJ\xbb\x85\x90\xf1\x14F\x11\xa20B\x9c\
\xd4\x100lR\xb1\x9d\x99U\x98a\x14\x87\xde\x84 \
\x09\x01*\xc9\x902\xcb,\x1d&=\x99\xcazN2\
f\x88\x22\xd6a7\x90\x01\xf3\xa4\xc7<\x0ao{\xeb\
\xb58\xfd\xcf\x1e\x80\xad[nG\x83\xf2\x98~\xd3#\
\x99\xd3\xc2\xbb\x94u\x9bh\xb7\x9bn|I\x12\xb9\x90\
\xacf\x0fIO\xbd\x1b\xeah6k\x1f\x83\x9cc_\
\x89\xf6\x86\xbd\x99\xc1\xac\xa0\x90\xe373\x1a!\x19\xe4\
\x05\x91\xc1\x13\x11\xdf\x0a=g\x95\x88\x86\x07\x8dAy\
\xdd\xb2v\x0b1\xeb\xa5\xad\x16B\x02\xf6\xc7\xf7\xb9\x0f\
.\xbf\xf4\x12\x9cq\xfa\x03q\xc7\x13\x8e\x83F>\xd3\
$F\xb4vj\x95\x08\x15\xce\x81x\x99\x19\x10G\x00\
y\xc9\x90`\xb1C'g\x8b\x0e\x8d\x9d\x8ca\xc0\xf2\
0\xaa \xe3`\xd2\x1ch\xb2\xaf6=9\xcdf\x1b\
\xddN\x87\xb9\xe0<\x9b\xf3\x06\x864\x82\x8c9\x81#\
\xc3\xc8`\x05\xcf~\xfaS\xf0:\x1a\xab\xdf\xfc\xd4\xc7\
l|\xfbv\x8c\xed\xda\x89:\xd7\xdd`\xb5\x06y\xa2\
\xda3\x0dt9\x872\xe42z\xac\xba$a\x1a\xd3\
\xb0R(\x22\xbb\xb9\x83\x22\xcc\xc5}\xc4#\xe0\x11\xf0\
\x08x\x04VG@\xf7\xe4\xd5k\xf9\x1a\x1e\x01\x8f\x80\
G\xe0\x10!`fN\xf9-\xbb7\x9bO\xe7\x16`\
)\x02\x95\xd4\x85T\xb46\x05T\xd0i\x05P\xeb\xcf\
\xdd\xff\xc7\x19\xa1\xf1\x92SA\xce\xa98Wh\x9cl\
\xdf\xbc\x05\xeb\x87\x87\xf0\x86\xd7\xbd\xd6\xbd!\xed\xd8\x8d\
\x1b\xddn\xfbh}\x00)\x0d\x97\x80joBe\x99\
\xce\x15r\xa3\x22\xde\xcd\xd0jv\x10\x04\x11\x8c\x94!\
@\x0aC\x97\xfd\xe4\xac\x11K1\xe7\xee}@\x85:\
e\xba\xc3\xcc\x165g)\xce4\xbb\x98\xa3#\x839\
k\x07N\xb1O\xbb)E\xcc\xa1\xdf\xf0\xd0,\xc2\x80\
\xfac\xb5\xe37m\xc4+^\xf2b'\xdb\xa9'\x9e\
\x80\x1d\xdb\xb7P\xa6\x06@\xa3G\x9e\x82\x8c\x86\x9a\x1e\
\xe3\x1a\x1a\xd0\x8b\x0fR\xf2t#fK\x10'\x06A\
\xc8P\x140\x141\xef\x90\x1e\x94\xe1\xffg\xef=\x00\
,7\xaa\xac\xe1sK\xd2\x8b\x1d'\x8f\xb3\xc1\xa4e\
\x97\xb4?\xbbK\x86o\x039-9g0\xd99c\
\x1b0\xc66\xc6\x06\x93\x0d\x98\x9c3&\x1909\xb3\
,,9\x18\x8c\xe3xb\xe7\x97%\xfd\xe7\xd4ku\
\xbf\xee\xe9\xee\x99\xf1\xcc\xd8\xd33R\xeb\xaa\xf2\xad\xaa\
[\xa5\xd2=u\xf5\xd4\x94W:M\xa0k\x16\xc0\xa6\
I\x16\x13\x89%%\x0aq0D\x1c\x1f\xb9`\xb8C\
k\x5c\xbbQ\xc70-:D\x0b\xd8t\xe3\x0d\xb8\xdd\
\x91G\xe0U\xa7\x9e\x82\x13\x8fy\x19\xeep\xf8\xa1p\
\x04,\x1c\x06\xca\x14\xa8\x16\x0b(F\x8e5\xc0[\xdf\
\x04v\x1c\x01\x85\xea$\xbeD\x18\x15\x11p\x8c\xea\xb4\
\xc8\xd5\x098\xa2\xb0\x84\x94\xb2\x09\x5c\xc1\xbbm\xce\x91\
\x06A\x8e@lT \xafR\x09!\x81\x17\xb3tO\
U\xa4\x02$\xb5\xb9\x18\x01\x89,4\xa4;\xdf\xe1\xb6\
\x18\x89\xd3\xf4\xf8W\xbe\x02\xb7=\xec0\x8cl\xda\x84\
\xa9\xb11\xb6'D\xe8\x02?\xbf\xd4\xc8\x84\xe3\x1e\x13\
@\xa5\xb46\x19\xf9\x09\xe8\x88\x12\x82\xe9\x19\xa2\x1c@\
\xf9x\xea\xd6\x9c_s\x09\xe4\x12\xc8%\x90K`\x09\
\x09\xb8%\xd2\xf2\xa4\x5c\x02\xb9\x04r\x09\xec3\x120\
\xb39m13\x98\xcd\x92\x12\xcdL\xce\xe2\x94\xa4\xd3\
\x8a\xa5\xdc\x18\xcd\xa9I\xe8\xf7\x1d+\x07\x071\xb2u\
3\x9a\xf5\x1a^\xfe\xe2\xa3\xf1\xe67]\x84{\xde\xed\
.Hc %\xc0\xf1?\x0c'\xc8)r\x97?\x8d\
\xdbHH\x1d*\xdb\x80\x83\xa3\x92\x5c,w\x15\xe3\x16\
\x95\xf0\x06\x95\xd5\x04\x063#\xe8\x01\xfeN%\xfc\x87\
?\xff\x1f\xfc\xfa\x8f\x7f\xc2\x14\x95e\xea\xad\x90\xae\xda\
\xa0b\x9bP\x8d\x96\xd2\x9d5\xd8\x99\xa3\xf2K\x9e\xce\
!0\xc3\xc4D\x0d\x05\xae\xd2\x01\x00\xc7\xb6\x14\xe9\xa7\
\x1e\x8c;\xdd\xee(\xbc\xfd\xaf\xe5\x1f\xa8\x00\x00\x10\x00\
IDAT\xe2\x0b\xf0\x8a\x97\xbc\x18\x07\xaf_\xe3A\
OD\x0d{\xa0\xaf\x0aY\x0e\xb6m\xdd\x84\xbe\xbe\x0a\
y\xb0\x9f\xe4cf\xbe=\x09\xf9\x98\x19R\x92\x991\
t\xeb\x9d\xe9\xbc\xea\xcd\xcc\xb7\xb1\xb7E^\xd1'\xc8\
p\x94\x87\xfeQg\x91`\xc4\x08.\xf5\xcf;\x93f\
\x9b\x00&\xc2\xd6\x8d7a\xe5\xe0\x00\x8e{\xc5K\xbd\
\x05\xe5^\xf7\xfcg$\x94\xb3\xf8\xf4\x11qD\x06\xca\
\x14\x1c)\xf3c\xdfd\xb9\xb8\xd3\xf2@\xa5\xc3\xf1j\
s\x1c4nm\xf2U\x9b\x0a\x85\xa2Ok!\xc5U\
\xd7^\x87\xff\xfb\xc3\xefq\xcd\x86\x9b`.DD\xc0\
\xd4&\xe3Z+\x86@\x11h\xc9a\x10D\xa6\x9c+\
1\x12\x02\xe6\x98|\x88=\x09B\x81\x88\xe9\xe5\x90\xf5\
2S@\xf0\xf2\x9f\xf7\xbf\x0f\xce?\xe7\xd5x\xde\xb3\
\x9e\x09\xbd\xa6\x98\xb6;h\xd5\x1bh\xd3\xea\x14\xb2\xf2\
\x0aAq\xa9P$\xaf\x04\xb5Z\x8d\xed%\x1cf9\
\x16\xf7'\xb3\xcc\xb8\xf2\x8b|D~\xd9\xaf$\x90w\
&\x97@.\x81=+\x01\xb7g\xd9\xe5\xdcr\x09\xe4\
\x12\xc8%\xb0\xf7$`fs\x98;*\xc1 r0\
\x04\x98C)\xa8(nO\x8e\x80\xc5\x88`\xba.\xd0\
_\xadbt\xdb\x16\xd2V<\xe2!\x0f\xc5;\xde\xf2\
V<\xfe\xd1\x0fGJe\xb9\xdd\xec \xa4\xc2\xdbW\
*\x02T`;\x041\xe0\xe1\xb8\x13\xef\x04J\xa2\x08\
\xfa\xe8\x00+f.\x903\xe0\x02\x87\x88\xf1\xac\x1e\x0d\
*\xe9?\xfd\xd5\xafp\xbb\x83\x0f\xb1\xb3\xcf9\x07\xaf\
;\xff||\xf2\xf3\x9f\xc3\xf5[\xb6\xfa\xbc\xa1^e\
3\xdf\x12t\xad<\x0e:\xccl\xba7\xc0P\x7f\x05\
\x99\xae\xeb\x08f\xa4\xe4\x97\x02`\xb8RB\xb3\xd6\xc2\
c\x1e\xf1`\x9c}\xc6\xe9x\xee3\x9f\x01\x81\xb2\xab\
\xaf\xfa\x0b\xd6\x0c\x0f\xe3\xf0C\x0e\xc6\xb6\xad[`f\
0\x97v]38*\xec&y\x89X\x0bv\xf3\x10\
\x18Y\x8an\x0e{3\x83C\x97\xa2@n\xe2\xc1J\
!\x0a \x19$\x04*\x11\xe3\x87\x87\x06P\x1b\x1f\xc3\
\x13\x1e\xfb\x18\x9cs\xe6\x99x\xe4\x83\xff\x8br)\xa0\
d@_!\x84\x7f%\x91c \xabPLPA\xb1\
\x81\xac\xfd+\x81\xc5b\x11:\xf4\x9b(\x17\x05\x08\x84\
(C\xe7\xc1i\xcc\x84k7l\xc4\xd7\xbfy%N\
>\xe5T\x9cy\xf6\xabq\xd4A\xeb\xed\xc7\xff\xf3?\
\xa8q^\x90=\x22\x8e]\xa1\x10\xa1\xc3\x81\x93UP\
\x8c\x8dV\x1e\xbd\x9e\x18\x90O\x10\x02\xc4e\xb4\xf85\
\xe0\xc8Ou\x97\xd9fz1H`\xfc\x98G<\x9c\
s\xed\x12\x5c\xf1\xd1\xf7\xd9\xaa\xe1!t\x9a\x0dLN\
\x8c\xa1\xddjx\x80T`\xfbC\xf2\xc1\xf4!\x19O\
{\xbd\x93\xf8k~\xc9%\xb0\x7fK\xc0\xccxk-\
N\xfbw\xef\xf3\xde\xf5H`\xb7\xbdZ\x87w\x9bI\
\xce \x97@.\x81\x5c\x02{C\x02f\xb64\xdb\xd4\
\xcdy\x18\xfa\xcc\x96\xcc\xc4Q\xcf\x87(H\x80 M\
f\x00\x90\xc2z\xc5I\xd6\x9c\x07\xdd\xef\xbe8\xff\xf5\
\xaf\xc7\x8b_\xf4<\xac\x1c\x1e@\xab\x19\xa3Be\xb3\
Z\x0c\x91t\xb8\x8f\x9f\x02\x8e\x8ajH\x0dV\xbf\x0f\
\x81\xa0\x8d\x03\x12\x9aXJ\xfa?9\xac\xb4\x9d\x00\xb5\
F[)\x9e~\xfd\xfb?\xe2\x92\xb7\xbe\x0d\xe7\x9ew\
\x1e\x1e\xf9\xacg\xa5+\xd7\xaeC\x8bV\xa5O}\xee\
\xf3x\xfd\x1b.\xc4\x15\xdf\xf9\xbe\xcfG\xd6\x1e\xf8\x10\
KQ\xd1N\xbd?\xa1\xb6-k\x0f\xf5t\xe8\xb7!\
\xa0\xf5\x01T\xaae%\xa8\x12xu\xa8pwh\x9d\
\xe8\xab\x14\x08\xc6\x80u\xab\x86\xf1\xf4'?\x09o\xb8\
\xe0<<\xee\xb1\x8f\xc4M\x1bn\xc0\x9f\xfe\xf8{H\
\x896\xd6\x12\xc0\xe0\x08\x94\x9c\x5cV\xe8\xe5A\xbf\x99\
\xe1\xd6<\xd8\xa49\xd5g\xad\xc9\xe2\x05\x03C\x02\x88\
\xc0\x1cB\x9a0L\x82\xa1\xe5$\xa1U\xad\x8f\x80\xe1\
S\x97^b\xef~\xc7\xdb\xf1\xecg=\x1d\x87\x1f\xbc\
\x96=\x82\x07\x80\xcdf\x0b\x9c\x02(\x17\x0a\x88\xe0P\
 \x00-\x92OL9\x0a8v(\xcb6\xf90\x88\
b9\x02\xbd\xe0\x90{\xd9\xcb\xf2\xf6\x93\xff\xf9_\xdc\
\xee\xa0uv\xe1\x9b\xde\x84*\x01Ue`\x00\x0f~\
\xd2\x93\xd2\xf3.\xbc\x10\xc3\xc5\xc8\xae\xba\xeez\x9f\xb7\
\xa6A\x0b\x0c \x7f_\xb9\x81\xd2\x06\xba\x96\x9d\x04z\
\x85\xadR)\xf9p\xb3\xdeD\xc2\xf1\x0f\x01$\x9c\x87\
\x01\xdd!Z\xe1\xf4\xb5\xbd\xe7?\xf79\xf8\xee\xe7?\
nQ\x10\xa0>U\xf3\x00\xc9\x94\xd71\x17\xfb\xec\x98\
W2\x11\xe0\x91\xcb {\xa5kN\xb9\x04\xf6o\x09\
\x98\x19\xcc\x16\xa7\xfd\xbb\xf7y\xef\xf6\xa4\x04\xb4\x8e\xee\
I~9\xaf]\x94\x80\x1e`\xbbCf\x8b/\x04f\
\xb6\x8b\xad\xd9\x0f\xb2\xef\xe1.\xechl\xf6pu\xbb\
\xc5n~[\x13j\xcbf6\xf3\xb0X\x88\xf9\xfc2\
\xbb\x1a^\x88\xe7\x9e\x8cS{\xe6\xf33\xb3\x99\xa8V\
\xab\x05)\xc3Y>\xfd\x90_\xe1\x0e\x15^m\x8cK\
\x0fM\xa8\x1c#\xe9x\xa57bQ\xbd\xba\xa6\xd7\x98\
V\xaf\x5c\xe9\x01\xc2\xf3\x9e\xfbl\xdc\xe9vGB\x9b\
\xfb\x8eJf\x81\xd6\x22\x1a\x7f\xd0\x22x\x89\x09h\xd2\
N\x07\x99y\xa5@pC\x81\xb2~\x83\x0b\x22\xd4i\
1\xd0op\xa4}\x16J\x11\xb6ML\xe1\xbd\x1f\xfe\
\x88\x074?\xfc\xe9\xcf\xd0?\xbc\x02\x85R\xd9\xe7-\
W\xfaP(\x96q\xedu7\xe0\xfd\xcc\xf3\xf2\x13N\
\xc6\xdf\xae\xbf\x11M\xf2\x08\xd8\xd0\x14\x86\xa9z\x0bM\
\x02,S\xe3\xb9:\x17\x0a!B\xfaC)\xd5)\x90\
PQ\x0f\xa9\x14G\x04^\xd2\xb8\xa9\x0eS\x99n\x03\
l\xe7\x1d\x8f<\x02/~\xc1\x0bp\xca\x09\xc7\xe3_\
\xef\xf1\xff\xe1F*\xe5\x11\x80\x22\xf3\x0b,\xc8\xf2\x83\
\xb8\x83B\x14@\xfc\xda\xb4\x22\x14\xa3\x02s\x90/\xe7\
\x8ac\xbf#Z\xa5\xcc\x8c\xddM}\xbc.\x92mF\
\x9aS\x22\xc9E\xa4\xf4\xdd\xa1\x22-,\x02\x8d\x01\xfb\
Z.\x17a\x04\x02\xcd\xfa\x14\xdd\x18\xe5b\x01)\xc7\
\xb7\x9f\xc0\xa6B\xff\xd4\xf88&GGp\xbb#\x8f\
\xc4\x0b\x9f\xff<\xff\x09\xf05\xabW\xa2@\xf9\x08e\
\x08\x1c\x15)\xaf\x02e\xe3\x0c\x1a\x12JT}\x03\xfb\
\x03/Gv\xcd\x83\xca\x98\xfdU\x86X\x8d\x0f\x98\xee\
\x80?\xfd\xfd:\xbc\xeb\xbd\x97\xe1\xb5\xaf?\x0f\xf7{\
\xf4c\xd3\xdb\xde\xee\x0e\x1e\xa0\x0a\xa4\x0e\x0c\xad\x80\xe8\
?\x1f\xff\xa4\xf4\xa4\x93O\xc5;/\xfb\x00\xc6'&\
T\x1am\xce\x19IK\x14\xd3\xdf\xa6\x8c\x89\xcd`\x1a\
3\x9f\x03\x94w\xe0-6\xc6\xb0c\x1f\xd5\xe4\x88\x9d\
\x9e\x9ch\xe0\xfe\xffz7\xd4(\xe0\xa3\xd9\xa7C\xd7\
\xaf\x87,R\xa6\xf6q\xde\x85\xecH\xdcn\x01\x9c\xbf\
Q\xe8\x10\x98\x83\xacT)\x91\x9a^w\x13\xf8q\x1c\
7\x11Y\xb3\x9f)\xcc\x0c\x01\xc7\x5cdf>l\xb6\
\xb0\x8b\xbd|\xb0[\xbeM\x8b\xb9;\xaa~\xa1r;\
*\xb3?\xa5\x9b-<nf\xdd\xf8L>\xf3\xfbl\
\xd6M7[\xda\x9d_\xee\x96\x08\x9b\xcd\xb6iG\xf5\
i\xadY\x8aT\xde\xac\xcbO\xf7\x80\xc8\xac\x1bV\xda\
\x8e\xc8\xac\x9b\xd7\xcc\xb0\xabe\x91\x1f\xcbJ\x02nY\
\xb56ol.\x81\x5c\x02;-\x013\xdb\xe9\xbc\xcb\
!c\xf6`\x97\x9b\xb5wx\xc5 \xf4\xffI\xcc\x0c\
\xb2^l\xda\xb4\xc9+\x86\xabV\xaf\xf0\xbb\xe4\xfa=\
\x84Q\xf9\xd4\xef#jTN7\x5cw\x1d\x0eZ\xb3\
\x06/y\xe1\x0bq\xc9E\x17\xe0\x88C\x0e\xc6\x8a\xa1\
!*\xa2,F\xcd\xd7Qk\x0e\x9dQ1\x06)D\
\xa9\x5c\x86\x1e\xb6\xb2\x04hG^\xeeT\xbd\x81:\xc1\
T\x0c\x87 \x0a!\xc5\xb6\x95\x02\x97\x7f\xfdJ\x9cr\
\xfa\x19\xf8\xfc\x97\xbe\x0c\x8b\x0a\x18^\xb5\x1a\xd4I\xd1\
\xe4\xa5\xdei\xa1%\x04E0\xe1\xc2\x08\x1d*\xc5\x13\
\xe4s\xf4\xcb^\x8e\xf7\xbc\xff\x83\xb8\xea\xda\xeb\xd1d\
\x5c\xb1\x5c@D\xc5\x1e<\x1a\xac\xa3\xc5\xb2\xfa\xeaW\
\x83\x96\x1cv\x11\x813O\x8e\x8at\xe0\x80\x1a\xc1U\
\x85\xfc\xca\x040z\x9d\xaaB\xfe\xff~\xdf\xfb\xe0\x98\
\x97\xbd\x14\xafx\xe9KP\x9f\x98\xc4\xe4\xf8\x18\xc1C\
\x82\x81\xbe~\x02\x88\xc8\xffN\xa9\xc9\xba\xfb*UL\
MM!\xfb\xcaY\x8b\xc0B\xbf\x13\x91kf(\xd0\
2\xd2+\xeb^?\xf6\xd0\xb1m\xdb\x16\x0c\x0e\xf6#\
\xa0r\xbee\xd3f\x84T\xdc\xd7\xadY\x0d\x01\x81\xb1\
\x91m\x08\xd8\xdf\x0e\xdb\xb5e\xd3F\x0cT\xca8\xfa\
\x05\xcf\xc5\x05\xe7\x9e\x85\xfb\xfd\xcb]\xd1\xe9\xa4\xb4\xda\
\x91``s=\x10`qh\x1e\xc8\x82\x03\x8e\x89\xc2\
JS\xdb\x1b\x04\x95\x93\xecw\x108D\xa5\x02\xc6j\
M\xe1El\x1e\x9b\xc4'>\xf5y\x9cr\xea\xa9\xf8\
\xec\x17\xbe\x88U\xeb\xd7\xe2\xc8\xdb\x1c\x85\xeb7\xdc\xe8\
\xc7\xafE\xebJ\xb3\xc3\xd1\xe6X\x0f\xae\x5c\x85\x0e\x11\
\xc6W\xbe\xfe\x0d\xbc\xfc\xd8\xe3\xf0\xf9\xaf^\x81\xc9F\
\x13\x84\x9b\x18'?\x8d\x97x\x07\xa1C\x87c75\
UGH\xbf@+x\xb4\x09d\x1d\xcc\xc7\x09\xd8\x0d\
\xf5\x970Uk\xd3\x82\x97\xe2a\xff\xf9\x00\xbc\xfeu\
\xaf\xc6\x93\x9f\xf8\x04\xe8\x03\x13\xb2\xd0\xb5\x1au\xfa+\
\xa8\x10\xf05'k\x04\xe05\x0cV+\x94S\x80\x0d\
7\xdc\x88\x80r\xd3\xfc\x14\x85a\x08\x81U\xf9\x9b\xcd\
&D\xac2?s\x09\xe4\x12\xc8%p\xc0K\xc0\x1d\
\xf0\x12\xd8\xc7\x05`\xa6\x07\xf9\xe2\xb4\x8f7?o\xde\
-(\x013\xbb\x05k\xbbe\xaa\x92\x92\x9a\xd1B5\
\xea\x7f\xc9\xe8\xb7\x1b)w\xbe[\x8d\x1a\x0e9h\x9d\
W\x047\xdfx\x13V\x0d\x0d\xa2\x9f\x0ar\x99\xd6\x83\
\xcd\x1boB)\x0c\xf0\xb2\xa3_\x84s_\xf3j\xdc\
\xef^\xff\xc6\x1d\xf4\x0e\x15\xc7\xb2\xb7\xe8\x10g\xa0C\
@\x92\x90\x0fuQHQ\x8ei-\x91%%\x88\x0a\
\x10Q\xb7\x86\xf3\x1f#\xe8CP\xac`\x8a\x8ak\xbd\
\x93\xe0\xfb?\xfb\x05N>\xfd,\xbc\xe3\xdd\xef\x81\x00\
\xcc\xaa\xb5\xeb\xd0`\xd9\xcd#\xa3\x88\xcd\xa1CkL\
\x9b\xf9\x12\xa2\x22'\xabC\x18y\xb0#\xd04\xbcz\
\x0d>Gpt\xd6k\xcf\xc1\x97\xbe\xf65*\xcc-\
t\xd8Q\xbd\x22\x15\x12\xf4\x04\xd3\x8a\xb9\x14Y)\xf0\
jO\xb3\xd1B\xa2\xdf\x0fQ\x99/D\x01\x9b+\x85\
\x9f\x01\xb6\xc7\x92\x14\x01\xcb\x1f\xban\x8d\xff\xec\xf2;\
\xdf\xfa\x16\xfc\xfb\x03\x1e\x88)\x02\x9e-7\xdd\x84\x88\
sd\xa0R\x81\x11\x00N\x8c\x8d\x10\xfc\x14Qa\xb8\
Z\xad\xa2T*y\x80\xa3\xbab\xb6\x7frr\x92\x9c\
\xba\xa7\xc6\xa0\xeb\xdb\xb5\xab\xca-E\x87\x1e|\x08j\
S\x13h\xd3\xca\xb4bh\x00 \xb0\x18\xa7\xf5&d\
5z\x0dojl\x14#[n\xc2\x7f>\xe8\xfe\x04\
\xa7o\xc4\xa3\x1f\xf6\x1f\x88[1R\x0a\xa9\x1c\x1a\xba\
\xbfGb\xdf=lI\x08t\x1c\x1c%\xc2\xe2\xb4(\
\x00\x13\x93\x0d\x98\x01\xa9@\x13\xc7\xa1(\xd0@P;\
Vo\xb2\xdfE|\xf2s_\xc6ig\x9e\xe5-:\
\xc6q\xbe\xed\xed\xef\x80m\xe3\x13\xb8~\xe3F\xac\x5c\
\xb7\x8eca\x08\x0bE\xc40L\xd4\xea\xd0\xffM\xea\
\xeb\x1fD\xb5o\x00\xb2\xf8h\xccO<\xfd4|\xf7\
G?C\xa9Rd\xde\x00[\xc6&\x08\x80\xda\x00\xc7\
\xaeR-\xa3E\xd3\xdf8A\xa9^I\x94l\x13Z\
md\x99\x89\x9c\xa3\xa1-\xc5`%B\xa5`h\xb1\
_\xc3\x03\x15<\xed\x09\x8f\xc6i'\x9d\x88g?\xfd\
i~\x9c&)\x83v\xadF\xb0WA\x99`v\x82\
c\x19r\x82\xde\xfe\xa8\xdb\xb0\xaf\x80\xc6J\x04\x1e\x8e\
<3\x8a\x98\x97Q\xf9\xb9\xbd\x04\xf2\x98\x5c\x02\xb9\x04\
\x0e0\x09\xb8\x03\xac\xbfyws\x09\xecW\x120\xb3\
9\xfd1\x9b\x1b\x9e\x93\xb8\x17\x02K)\xb2J\xdb\xdd\
*\xc5#\xa3\x85x\xad^\xbd\x12\xfa\xddM\xdcnb\
h`\x10\xb2X\xb4\xea5\x94\xb9s\xdf\xac\xd711\
6\xea_}z\xe4C\x1f\x827]t!\x9e\xf0\xb8\
Gc5\xadA\xfd%\x87\x02\x81\x82\x14\xcf\x98(\x22\
\xa1r\x1fP\xa1\x8d\xb8;N}\x91\xd6\x9c\xd4+\x91\
-Z\x15R\x00\xc4,0\x82\x94\x06\x15\xe6)\xe6\xdd\
J\x8b\xc8\xa6\xd11\xbc\xe9\x1d\xef\xc0\x05\x17]\x8c?\
\xff\xed\xafX\x7f\xc8\xa1\xd0\x17\xba\xb6\x10\xe4\xf4\x0f\x0c\
\xa0\xdcWEbR\xb4i/\x22\xd3\x18\x80\x99\xc1\x02\
-\xbb\xce\x03\x1eY\x0c\xd6\x1ct0\xb6R\xc1~\xf3\
\xdb\xde\x893_\xf3Z\xfc\xfc\x97\xbfF\x14*\x0f0\
\xd5\xec\xa0\xd5N\xc8\xc7X\x18pT\xf0\x8b\xec\x9b\xac\
Cjs\xa9X\x02\x08p\xf4\xf51\xbd\xd6\x149\xa3\
\xa5\xab\x81\x16\xcb\x95h\xfdY\xbfz\x18/}\xd1s\
\xfd\xe7\x98\xbf\xfd\xe9\x8f\xda\x16\x82>)\xcfC}}\
X\xc16\xc6q\x1bm\x02\xa7F\xa3\x01\x91d\x1dQ\
I\x96R\x0e\x1e\x0a\x8b\xe8\xdd+\xe7\x96\xad\x9b\x90v\
:\xd0W\xc8\xd8t$\x04l\x11\xe5\x93\x12t\xea\xff\
\x1c]\xf1\xc9\x8f\xd8E\x17\x9c\x8fc^\xfa\x22\x82U\
\xca\x91B\xac\x16\x02\xfa\xd9m\x02\xc8@\x033\xafe\
\x92\xaf\xa3\xf8\x94\xd4\xd7W\x02\xc5\x07\x18\x10\x14\x22Z\
\xd9\x08\x06\x03\xe0\x8fW\xfd\x15/;\xfe$\xbc\xf7\x03\
\x1f\xc4\xd6m\xa3X\x7f\xf0\xc1\xe0\xd0bdl\x1c\xe5\
J\x1f\xa9\x8a\x8d\x9b\xb7\x12\xe0\xd4\x90\x10RD\xb4\xf0\
\x19\xc1P\x93c/\x90\x830D\xb1\x5cA\x892\xfc\
\xdbu7\xe2\xacs\xcfE\xc9\xcc\xfe\xf8\xf7\xeb0D\
KUX\x8c`\x06l\x19\x19G\x10\x19\xaa\xfdU\xd6\
\x1fB\xf3)\x08\x02\x88\x9a\xad&\xd8U0\x1bk\x00\
\x0a\x1c\xdbv\x83 \x09\xc0\xedos\x18\x9e\xf1\xd4\xa7\
\xe0\xdc\xd7\xbd\x16\xdf\xf8\xc4GL\x1fb\x98\x9c\x18C\
\x1f\xc1Z_\xb1\x88\x98\x96\x9b\x06\xc1\xa8\xfaY\xa0\x05\
.d{:\x94\xa3\xf8\xb38\x22\x8e\xa1H\xfe\xdd!\
\x8d\xfdR\xb4;\xbco\x89\xb2f\x06\xb3\xc5\xe9\x96h\
C^G.\x81}_\x02\xfb\x7f\x0b\xdd\xfe\xdf\xc5}\
\xbb\x87f\x8b/\xc4f\xb6o7>o\xdd>!\x01\
3\xf3\x0f\xf4\xac1fs\xc3Y\xfcB\xeeR\x8a\x8c\
\xd2\x16*\xb3/\xc4\x99u\xfb\xb8u\xf3f\x0c\xf6\xf7\
a\xf5\xca\x15\x10\xc8\xa9ON`p\xa0\x1fU*\xa7\
[7o\x84\xfe\x17\x8d,9\xc7\xbe\xec\x85\x90\xa5\xc0\
\xa8\xd1\x16\x03\x80'd\x19\xf0\x96\x1c\xaa\xb3\xfeU\xa3\
bH\x1d\xb6\xbb$:\x02\x85\x22\x95\xcaR\x99\x8ae\
\x0a\x8cL\xd412YC\xca\xf8)*\xa4\x97_\xf1\
u\xbc\xe2\xf8\x13p\xe5w\xbe\x0b\x17\x15`T87\
m\xdb\x86\x02\xad$EZI\xb6\x8e\x8d\xd1\xa2\x93@\
\xbf\xe1\x80\xb16R\x9c\x00\xcdv\x8c\x16\x95\xf4\x94\xea\
\xad\x05!\x10\x16\xb0\x99\x0av\x1aDX\xb3\xfe \xfc\
\xe5\xea\xbf\xe35\xe7\xbe\x1e\xe7]\xf4\x16\xfc\xf6/\x7f\
\x83\xb9\x10a\xe4\x108\x96m\xb2\xac\xfeA\x8fq\x04\
H\xce\x05Hi%p\xd4\xeaC\x021n\xf6\xc3\xd8\
\xd6~*\xc4U\xf6%`6\xbd9\xa7\x0f\x12\xfc\xdb\
\xdd\xef\x82\xb1N\x9a\xea\xb3\xdak)\xabm\xb4\xf2$\
\xed\x16\x04\x90\x0al{He\xd9\xcc \x85Y\xe0\x87\
E\xa1\xfek\x0e,Df\xe6\xe7\xdcBi;\x1dG\
{IB\xa0U)\x17\x09\xce\x1a0Zu4\x96\xa3\
#[Q\x8eB\xe8\x7f\xd24\xc8\xec0\xcaE}\x19\
\xa0\xe5\xa4\xd3\xa8\xd3\xaa\x15C\xfd\x14(\x02\xc7\x8e]\
\x06\xc5\xe0)\x95\x10\xd4\xf8i\xa2\xb8\x01\x03\xf4\x9a\xa1\
\xa3\x0cem{=e{\xe2\xa9\xa7\xe1\xef\xd7\xde\x88\
\xfe\xc1A\x960\xc8\xf2&\x00\x09\xcat\x92 \xb9\xd1\
\x89Q\xed\xeb\x87~c\xd5\xa6\xbfFK\x90\xc6\xd2q\
\xbc(FLL\xd5\xa01.V\xfbQ\x1e\x18\x80\xac\
y\xff\xfe\xc4\xa7\xa6\xc7\x9cp\x22.|\xcb\xdbq\xfd\
\x86M\xec\x1d08<\x00N9\x02\xae\x84\xe06A\
\x10\x15\xd8bc\x9d@\xb1P\xe4\xb8\x9a\xef{\xca\xbe\
Gl`\xa5\x14\xa1N+N\x8b`\xa6Z\x08\xf1\x8f\
\xb7;\x0a\xfa\x88\x81\xfew\xd0\xed\x8e<\x02[n\xda\
\x00G\xab\x9c^e\x13\x90\x8f\xdb\x1d\x148~\xa5R\
\x09:4~\x09\x85!\x12xU\xdc\xbeL\x1c^,\
E\xfbr\xdb\xf3\xb6\xe5\x12\xc8%\xb0|$\xc0\xe5\x7f\
\xf94\xf6@l\xa9\x99\xc1lq\xba\xa5e\x92\xd7\xb7\
\xefJ\xc0\xcc\xe64\xcelnxN\xe22\x0a\x98\xd9\
\x9c{\xc0Q)43\x04\xa4r\xb1\xe0w\xcb\xb7l\
\xdc\x84\x02\x15\xe4\xd5\xabVb\xf3\xa6\x9bP\xa4\xd5\xe6\
\xa4\x13\x8f\xc7[\xdft\x01\x8e<\xe20*\x941\xfa\
\x08\x00\x0a\xdc\x7f\x00'\xcf\x00\x00\x10\x00IDAT\
e\xd7\x97\xba\xb4\xf0MN\x8c#\x0a\x1dB\xf2\x09`\
^\xe9jS;\xee\x10\x8cH\x1b5fJ\x0dht\
RT\xfa\xca(\x12\xc8|\xe3\xbb?\xc4+N8\x09\
o\xbf\xf4\xbd>\xbe:8\x84\x0e3\xf7\xf5\x0f\xa0@\
\x90q\x03-'\xb5f\x03\x03C\x83\x98\xa2\x85I\xaf\
=%L\x07\x0f\xbdj$\xfe1\xb5_)x\x09\x01\
O\xe2\x02\x14\xab}\x88h%H\xd8\xaf\x90J+U\
y\xfc\xe0G?\xc1k^\xfb:|\xed\xeb\xdf\xc0\xdf\
\xae\xb9\xd1s\x88\x88\xd2|{\xea\xac1\x01\xd8dd\
\x96\x00eh\xd7[HZ1\xe4\x17\x18\xe8\xb4\x12P\
\x0c`\x97\x11\x00\x9e\x1e\xf6\xef\x0f\xc4\xf9\xaf;\xc7\x7f\
\xbd\xad5E\xcb\xd7\xc4\x04\xf4\x9b'&\xa3Hp\x17\
\x86\xe1\x1c\xc0\xa3v\x8a\x94\xbe\xa7I l\x88`c\
t+Ab\xe0\xd0n5\xfc\x97\xe4\x1e\xfb\xe8G\xe2\
\xado~\x13\x1e\xf4\xc0\x07@`m\x80\xb2\x8f9.\
1-\x17\xd5J\xd9\xf7\xa9F\x80\x08\xc2\x06\xb5)e\
\x87\xd5FQ7\x0c\xc6\xc0\xa7R\xd4\x90\x9c\x88W\xf0\
\x99\xcb\xbf\x82\x97\x1ds,\xbe\xf9\x9doc\xcd\xda\xf5\
\xd0x\x0a\xe4px\xd1I9J\x1cp\xc7\xfe\x97\xca\
UD\x9cW)\xc3\x85R\x91|\x0c\x0dZa\x1a-\
Z\xc1\x084\x12\x0eB\xb1\x5c\xc6\xd0\x8aU\xd82:\
\x02\x8d[\x9d\xa0\xcd\x08:\x0a\xc52\xae\xb8\xf2[8\
\xf3\xec\xd7\xe0\xb2\x0f~\x14\x13\x04IM\xce'\xf1r\
\x1c_L\x1f\xc6F\xa5\xf4w\xda\x0d\xca=\xf0\xa0\xa7\
Q\x9fD\xbd6\x81~\xce\xb3\x0a\xc7\x82\xc9P\x9fS\
v\xe2>\xffzO\x5cx\xde\xeb\xf0\x8a\x17\xbf\x94\xd6\
\x9d\x0a\xb6m\xda\x88u\xabVCc'P\xa3\xb9\x15\
\x04\x81\x07>\x1aC\xb3\xee|F~\xe4\x12\xc8%\x90\
K \x97\x00\x9f\xb6\xb9\x10r\x09\xe4\x12\xd8o$`\
f\xfbM_\xd4\x11\xb3n\x7f\xcc\x0cfsI\xca\xa3\
v\xb4\x8b\x049+W\x0c\xfb\x7f\xc2\xb8m\xcbV<\
\xf6Q\x8f\xc6\xb9\xe7\xbc\x0e\xff\xfe\xc0\xfbQ\x89\x05\xa4\
,\x97\x09\x14\xa8\xb5z\x85?M:\xe8P9\x1d$\
@!GFw\x10'm\xc4q\x9b\x80'\xa6\x1bs\
\xa7?\xf5\x96\x82\xb1\x89\x06\xe0\x0c\xff\xfb\xab\xdf\xe3\xb4\
3^\x8ds\xcf\xbf\x00\x1b\xb7n\xc5A\x87\x1d\x06P\
1\x0e\x0a\x05\xc8\x9a\xb3a\xf3&\x8c\x8c\x8f\xe1\xd0\xc3\
\x8f@\xb9\xda\x8f\xcd[GP(U\x10S1\x16I\
A&#\xdf\x07\xb5\xdb,`]\xa9\xff\xa2\x97E\x05\
 \x081FkA\x07\x86U\xeb\xd6ap\xe50F\
\x09\xc6.y\xeb[q\xa7#\x0e\xb6o~\xe7\xfb\x18\
\x9flP\x99u(\x96C0\x1b\xa4\xd1\x17\xcaE\xef\
\x82\x87~\x18\xef\x84n\xe8WZ\xb1\xe0\x08~R\x08\
T(*4\xf8\xfe\x0f\xf7W\xf1\xe8G=\x02\x17]\
x\x01nw\x9b\xdbB2\x1c\x1f\x1f\xc7\x04\x81OB\
\xab@@\xa5YmT\x99\x8c2 \x91\x85w\xd6U\
\xb9\xa5h|d\x1b*\xec\xc3\xb6\xad\x9b\xf1\xa5\xf7\xbf\
\xcf.y\xd3Ex\xce3\x9eAp\xda\xf0 M\xdd\
I\x080\x8c\xa3\x14\x12\x98\x82\x16\x10\x99u*\xfd}\
\xe0 \xf9f$\xbcZ\xe0\xe0\x82\x00\xe0\x1c\x01\x8f\x98\
\x98\xafI\xe0\x17QT\xbf\xf8\xd5\xef8vg\xe2m\
o\x7f'd];\xf8\xd0\xc3\xd0NS4h\xd9\xea\
'(\x15\xb0Qy\x10\x8c\xc8\xaa5::\x8a\xc9\xc9\
I\xa4\xe45J\xb9\x88\x7f\x99\xd6\xba\x02\x81h\x82\x14\
u\x82\xd9\x89\xa9I\x8cr\xbcK\x95*\xa6\x1aM\xce\
\x85\x88\x80\xb5\x8c$0\x88\xe7d\xb3\x8e\x8f\x7f\xfaS\
8\xf5\xb4\xd3\xf0\xd3\x9f\xff\x0c\x8cF\x9c\x02\x13\xb5)\
6Q\xbd\x01F\xc7\xb7q\x0a9\xc4\x9d6\x14S!\
X\xae\x12\xccu\x92\x16{\xdb!\xd0\xeb\x10\xd8\x85(\
\xb20{\x06v\x05\x0f\xf9\xcf\x07\xe2\xe2\x8b.\xc4S\
\x9e\xfcDHf\xfd\xfd\xfd\x1e\x9c\xd6h\x0drl\x7f\
\x91 \xc9\xcc(\x01\xf8q\xf5\x9e\x03\xf8bf0[\
\x9c\x0e`\xd1\xe4]\xcf%p@I\xc0\x1dP\xbd\xdd\
G:\x9b\xc2fZ\x92\xcczg\xe2r\xcf\x81#\x81\
\x94\xe3\x9f\xd1\xce\xf4Z7lF\xcaof\xc8\xcag\
\xae\xe2\x97$K\xe6$g\xe5v\xe4\xce)4\x1dX\
J\x91U\x9a\xda:\x9du{g^;\xb2\x0cj\x87\
\xfcr\xcd\x0cf]R\x5c@\x93EF\x0e)\xa4\xfc\
n\xdb\xb2\x19\x9bn\xda\x88{\xff\xcb=q\xf1\x1b.\
\xc0\x0b\x9f\xf5T\xac\x1a\xaa b\x81\x90YX\x04j\
G\xc0KJe>t\x01\xa20\x82v\xc3\x8dJo\
\xca\x8a\x8c\xe0#\x0a\x8b\x88\x0a\x05\x84Q\x04)\xad\x8d\
$\xc5\xe8\xe4\x14\xde\xfa\xcew\xe1\xd4\xb3\xce\xc2\xaf~\
\xfb[\xac]\x7f\x90\xff-\x8e\x14\xdc\xb0P\xc4\xd88\
\x95\xe24\xc5\xf0\xf00\xaaT\x88\xa7\xa6\xa6P\xa3\xa2\
\x1c\xb0\xcd\x11\x95\xef\x00\x06\x91\x99Q\x97v\xd0\xef(\
\x0a\xac#\x088n,700\xe0-SR\xb2+\
\xd5~\x04\xd4\xce\xb7\x8d\x8e\xd3*\xd4\xc0\xca5k\xb1\
\x9e\x8a\xf9\xfd\x1e\xf1\xd8\xf4\xa2\xb7\xbc\x1d\xef\xbc\xec2\
\xfc\xee/\xd7\xf8/\x7f\xc5\xecK\x1b\xd3\x87\x86\x93\xfd\
\x9c\x0eAb\xf1~\xc6E2\xeb0]?\xe8'\xf6\
ak\xe0e\xd1_\x8ap\xd8Akp\xfekN\xc7\
3\xa98\xdf\xe6\xe0\x83\xbb\xff\x87(\xee0=A\xd2\
i\xa1\xde\x98\x22\xab\xd8\xb3\xd2%aH.\xc5%g\
QZ,\x9dM&\xefn\xfd\x01\xdb\xa6q\xd1\xff\x95\
YA\xc0\xa1\xaf\xc7\x8dq\xc2\x1cu\xc8!\x94\x17\xb0\
\xa2\xaf\xea\xddf\xa3\x8e\x88\x03\x17\x09\xf5\x10\x14@\x1d\
aY\x18;\x15\xb0\xab\x94\xa1#Wc\xcf\x18C\x90\
\x00Z\xda\x80:\xc7\xb9\xc6\xfc\x91\x99\xe9\xff\x1a\xfd\xf6\
O\x7f\xc0\x9a\x83\x0eF\xff\xe0\x00\xc6&&\xd1!h\
\x1a\x18\x22\xa0$`\xd1<\xe0\xe0\xf8\xfe\x84\x85\x08\x1a\
\x93\x22AC\x83\x00\xa2L7\x0a\x02\xc4\x04\xc7\x0a'\
\xe4\xdbOK\x9c\xf2\x94\xcbe\x0f4\xca\xd5*\x5c\x18\
@\xff\xa0\xd4\xa2\x08\x08B\xc4lO\xff\xf0\x0a\xfc\xfd\
\xfa\x0d8\xff\x8d\x17\xa1\xc8v\xfc\xe1\xcf\x7fA\x1f\xcb\
\xeaM\xc4)\xf2\x1b\x18X\x01X\x08v\x01\x1d\xca\xdd\
\x00\x02\xec\x18\xa19\x84\xecS\xe8\x9c\x97\x81\xe2E4\
>AC\xd0Op\xf8\xa4'<\x1e\x97\xbd\xfb=\xf8\
\xc2\xa5o\xb5A\x86\xd3N\x93ycD\xcc\xd8\xa1\x85\
\xacM\xb0\x15\x84\x0cHN\x98\x7f8FdD\xef\x12\
'\x87\x84\xedK\xe7\x12{\x97\xc5/\x5c\xb4\x1b\x9b\xcd\
\x03\xb9\x8b\x91\xcf\xa96\xf6\x92\x8f\x5c\xe8\x92\xb5\xb9\xd7\
](\xdf\x0e\xe2X\x978\xec W\x9e\x9cK \x97\
\xc0~$\x81\xfc\x9e\xbf\x95\x063\xe1\xea\x1f\xb3\xee\x94\
h'{p\xc8e\xd4\x9cSqK\xd1\x9c\xcc\x0b\x04\
\xf8\x8c\xc5-A\xf3\xab\xce\xda<?~_\x0egm\
\xeeuw\xd4\xde\xde\xbc\xbb\xea\x97\xf2(\xe2T@/\
\xc1\xd9\xcc\x98\x05f\xf0\x84\xc0\xff\xb94\xe0N}\x97\
\x02\xc6\xc4i\xc2\x1dc\xaay,\x13\x15\x0b\x08\xa8,\
\x8b\x173\xd1\xb2\x10\x91\xaf\xd2RH9L\xa9\xa48\
\xaa\x83\x01\x00\xb9\x9d\xb8\x05)w\xcdV\x07S\xb5\x06\
4']\xa1\x88\xc4\x05hP\xa9kR\x0bkPa\
l\xb3\x8e.OC@\x05\xaa\xc0\x1dv\x9e\xa0F\x0c\
\xa3\xd9@4\x0b@\xc4\x9b\x94:6\xc1\x01\xb1\xb1j\
\x12y\x99\xa7\x18\x96\xc6P[R\xf2\x15\x1f\xb5%\xa6\
eE\xbf7P\x7fR\xb6\x0e.`\x1e\xc7\xbe\x01.\
\x8c\xe0\x9c\xf3\xe5\x8c\xb1\x11\x15\xcb\x80<\x9aS\x13\xb8\
\xee\xefW\xe3\xbb\x9f\xfd\xa4\xe9\xebU/~\xc1\xf3q\
\xdbC\xd6 \x04PH\x800\x06L\xbb\xfb\x00\x8ca\
\x16\x8537\x1d\x88!\x9eHC\xe6\x8f(\x15\x07f\
\x05\x8b@@\xe2\xda\x0d\x1b\xf1\xb5o}\x07/=\xfe\
8|\xe7'?A\x89;\xe8\x95\xa1!\xe8\xff\xea\xe8\
\xb5'\x0b\x22\xb4:\x1dH\xe1M\x18\x11\xebW\xf0\xba\
\x97i:\x08\xd9\xf6(\x08\xd1i\xb5Y_\x0a#w\
O\xecoB\xabRL\x0bR\xcc\x9a\xd8%*\xb9-\
D\x81!\xa0\x5c\x13)\xf2`\xdb\x0b\x05XT@\x83\
\xfc'hE8\xf8\xb6G\xa1\x7f\xd5j|\xf9\xca\xef\
\xe0\xec\x0b\xdf\x88\x8f}\xf1\x0a\xdc0\xdeB\xdb\x01u\
*\xc9\xec\x008\x15\x08\xde:`e3\x94P\xa1N\
\xd9.fc\x1d\x00\xabD\xda\xa1 hbP\x9c\xe4\
dl\xfb#\x1fpo\xbc\xee\x8cS\xf1_\xf7\xbb7\
\x92\xe6\x14Z\x93\x13(D\x0e\x11\x1b\x98\xb2\xcd\x1cH\
\x0f\x0e\x04\x10,\xa0\x1a\xce\xbe\xeb\xd3\xd9zE\xaf\xd9\
\xee@q\x01\xdbK\xb6h\xab=\xce\xc0\x8eS>m\
\x84a\x083\x83\x1fs\xa6\x19\xfbdlW\xd2h\xb0\
\x9e)<\xff\xd9\xcf\xc2I\xc7\x1d\x8f\x87>\xe8A(\
\x82M$\x93\x88n@J\x99\xb7R,\x03z\x07-\
eD\xc0X\xf2b'\x18\x88\x91r\x8e\x9a\xbf\x1f\x8c\
a\xa0\xc9\xbej\xfc:\x0c]\xf1\xedo\xe3E\xaf<\
\x16\x0f{\xc6s\xd2\x84\x00\xa6\x7f\xc5*\xc4\x81C\x93\
&\x9fB\xa9\x8c *\xa2\xd1j\xd1em\xec'\x8b\
@@&a]\x22\x07C\x81\xf3N\x80,\xe5\x98\xca\
-\xb2\x8f\xa1\x0b\xfc\xb8\xb6\x9b-\x9f?`\x9b\x04\x96\
:l\x8b\xfa\xac{\xa8I\x7f\x9b2h\x9b\x83\xabT\
\x81B\x05\xf7y\xd4\x13\xd2\xb3^\xff\x06\x5c\xfa\xa1O\
bd\xaa\x85\x90\xa0\xa8\xc1JS8DQ\x09 \xd8\
n\xb7c\x04.\xe2P\x86\x94\x97\xa3\xeb@6\xf0s\
\x97r)8\x80S\x051\xc7\x8c\xb7\x12\x86\xaa\xecC\
\x9a\xa6'\xbc\xf4\x85\xf8\xd6G?h\x13\x9b7\xa06\
\xb6\x15\x15f\x8c8\x9f\xda\xcd\x1aB\xde+\x85b\x08\
1\xd2\xabx\x9d$\x85^\xb5\x0b\xd9\xfff\x93\xf3S\
\xf7)\x98\xcc9\xeaH\xc6\xfb\xaa\x97\xb2\xfb\xba\xd7\x0d\
\xcd\x10\xb2-\x22\xdf860%i\x9e\xcc\x92\xc1(\
o\xcd\x07\xad\x1d\xeag\xbb\x93\xd0\xa2\xc6\xca\xc2\x08\x89\
\x0b8^-\xae;\x13\x88(\xff\x0aA\xa5Qn\x9a\
\xb3\xba\x1f\x98\x0c}:\xdb1\xcd,@\xcc\xfe\xa7d\
\x14\x86\x05\xca\x1d\x9c\x12)\x8a\xb4\x9cB\x19%$\xc7\
\x09B\xd2Z4\x87\xe6\xf5\xc7\xf7\x8d\xf5\x80`\xd7\xfb\
\x8d\xed\x9c&\xb6l\xceI\xd1bw\xc9l\x96\xbf\xd9\
\xf6\xfe9\x15\xde\x8c\x80\xd9\xf6<\xcdf\xe3n\x06\xcb\
eUdw\xc7'\xeb\xac\xf8\xe8\xfe\x97\x9bQ\x96\xb6\
G\xdc\x9c\xc9\xad.\x01.Y\xb7z\x1b\x0e\xb8\x06$\
\xc8\xc5~\xc0\x0d\xfa\x12\x1d\x8e\xd3\xd4\xa7\xf2Y\xdeu\
\xa7\xc3>\xd0s\x91\xc2\xd5\x13\xf4^\xbd\x82dT\xb8\
\x9aT 'hU\xd0\xfb\xfbR0\xda\x0c\xeb\xd5\x16\
>\xad\xd1j6\xd1\xac\xd5!E\x22\xa1\xc2\xa9W\xb8\
b\x82\x18)\x19\xadF\x13\xa5b\x84\xbe\xbe>Hq\
\x91\x82\x01\x1e\xe2+E~px\x88\x0aS\x88\x0e\x15\
\xcf\xeca \xe5.\xa5\x02(E\x84\xfa\x05sw\xdb\
O\xcf\xe2g\x9a\xcd\xf9\xcc\xedf\xad\xd7klb\xe2\
\xeb\x08BC\xc0\xbeDT\x04\x03*5\xe0Q\xa4\x12\
\x94Ra\xa1\xd7\xa7\xe9#\x04\xa3[6\x22n5\xb1\
n\xd5J\xbc\xf5M\x17\xe3\xda\xad#\xe9}\xff\xe5n\
\xe8/\x85\x08\x98\xd1\x12@J!\xf5$\x14\x0a\x8c\xa1\
r\xd8\xa1r\x1dS\xb9\x05\x15:P\x19\x10\x99YW\
\x892\x16R\x17\xe8\x0a\xf0\xfc\xfc\x7f\x7f\x83\xdb\x1f\xba\
\xce.~\xcb%H\x83\x90D\x1elS\x1a8\x18\xc9\
\x91q\x97\xa8D\xb2hv\x1ay,EY\xbe\xcc\xd5\
x+\x7f\x16\xce\x5c\xc5\xcb\x9fp\x9d(\xd2\x12p\xe3\
\xa6\xcd\xd0\xa7\xaco{\xa7;ye\xf1\xd2\xf7\x7f\x00\
\xe7^x!\xbe\xf3\xe3\xffE\x10\x85T\xe0;H\xc8\
H\xfe6\xfb\xd8\xe0<Py\xc76[\xe8\x00\xf6\x0b\
)\x1dzC\x86C\x0a\xc7\xeb{T>\xcb\x94ym\
\xa2\x86U\x03}x\xe5\xd1/\xc0k\xce|\x15ns\
\xe4\xa1\xfe7!)\x81\x99\xc6\xa2IK\x81\xca\x95\x8b\
%LN\x8ec\x8a\x96\xab\x02\x01Y6G\x122\xd3\
|\x0b\xc8W\xe0FsE\xc0H\xe9\xb2t5j\x93\
\x1e8\x0c\x0d\xf4\xa3NK\xd9\xc8\xe6\xcd\xf8\xe7\xbb\xde\
\x15\x97\x5c\xf8\x06<\xec\xbf\x1e\x8c#\x0e=\xd47\x91\
S\x8a\xd6%\x80\xd2\xf6\xe1\x90\xb2\x87\x0e\xc7\x18&\xb6\
9\x86\xa0\xec9\x11\x00\xc6YT\x802NL5\x09\
\xac\x800r\xf8\xc5\xaf\x7f\x8f\x8a\x99\xbd\xf3=\xefE\
\x93s\x1cQ\x844\x08\x900\x7fL\xc1\x8a:l/\
O\xaf4c\x91\xc3$\xafEh\x91\x22\xe0\xb4\x03\xab\
 9\xa4\x1c;}v<&\x8f\xca\xe0 \xd6\x1dr\
(\x9a\x0c|\xfcS\x9f\xc1q'\x9e\x8c\xcf~\xf9[\
\xd0\x5c\x8b\xc9\xac\xc6{\xd5\x5c\xc4\xf6\x17y\x9f%h\
\xaa\x9f,\x17s|:\xcc\x14\x13PJ\xc6\xc6\xbc\x8e\
T\xe0\x98\xb1\xab\xf02g\xf8\x1e\xff\xf8\x0f\xd0\x87\x1c\
N>\xf6\x18\xf4\x95\x0a\x94\xf1\x04V\xd1ZV\x9f\x9a\
\x84d\xdf$`\x8e8\xee\xba\xc7\x1d\x056::\x8a\
\xc9\x89\x09\xde\x1b\x94\x1f\xcb\xab\xaf;\xa3\xe0\x11\xcb3\
w\x8aY\x97\x8dd\x8cN\x8a\x5c\xce,\x09\x800\x14\
\x15\x0b\xbc\xbf)\x8d\x00\xb4\x88\x96\xa1\xf9T\xe3|\xa8\
\xd7\xeb\x08\xc3\x10kV\xae\xe4\xfaT\xc7\xc8\xb6-\x88\
iM\x0c\x9cc\xff\xeb\x5c\xab:\x18\xe2\x9c\xecp>\
\xc7\xdc4\xe8'h\xacT*h\xe8UO\xaeE\x11\
\x01\xf7\xe8\xe8(k\xd8\xb5\xd382\x92#\xd4\xe9\x9e\
\xa2\xea\x7fO\xd0\xb7\xb97\x9c\xfbs\x09\xe4\x12X\xde\
\x12p\xcb\xbb\xf9\xcb\xb7\xf5\xdb=\x1c\xd8\x153\xe35\
?\x0f4\x09\xe8&\x9c\xff\xb0M\xf8P\xee\x12\x90P\
 \x891\xe4\xe6\x12\x18\xd7h\xb4\xe8\x18\x95\xc9\x10\xc5\
(\x22\x15P-WP\xa5bP\x22P\xe8\xa7[-\
\x95\xd0\xdfW%\x11\xd0Pi\x1c\xdd\xba\x05\xfa\xadD\
J%j|\xdbV\xd4'\xc6\xb9Y\xdeF$\x05\x85\
\x0a\xa2\xc2\xa26\x95\xa4\xf1\xd11\xeed\xb7\xbc\x92\x22\
\xe0\x81\xd4A;\xc2\x1d*bRV\xd84\x9e\xc66\
:O\xa9Q\xb1\xa4\xa2\x97\x18\xc3\xa4\x94\x94P\xbb\xf0\
\xc4\x9c\xdd\xbe\xd0\xe3OC\xa9ZE\x93\xcaK\x93\x80\
,\xa0R\xaah}bW\x142,E/\xe6.:\
\xd8.G\x0d5a\x9b\x87\xaa\xfdx\xd4\xc3\x1e\x8e7\
QY\xfe\xc7;\x1c\x85\xb5+\x86\xba\x0a2u/\xe1\
\x22\xea\xdcb3\x87\xc2r\x09\x01\x15t\xb0=\x92\x99\
\x88\xd9\xe1\x22\x83^+b\xb7p\xf5u7\xfa\xcfH\
\x9fu\xcek\xf0\xa0\xc7<!\xed\xa7\xc2\xe8\xc2\x00j\
\x97s\x0e\xf3)47\xa7\x8e\x9b\x1303\x98\x19%\
\xd6%\xb3n\xd8l\xd6\xed\xa7UI\xca\xeeM7\xdd\
\x04\x81\x88\x95\xabW\xe1\xfa\xeb\xaf\xc7\x9b\x09\xc6\x8e?\
\xf9\x14\xfc\xe6w\xbf\xe7l1\xe8\x93\xc8!\x95\xcb\x12\
\xc7\x1a\xd9A\x81\xb7\xa8,6)\xc3\x84\xca\xb6p4\
7\xf7\xc1\xeeP\xd9t0\x0aa\xa0\xbfB\xe5\x0e\x98\
\x9c\xaa\xe3\xaew\xba#.>\xef<\x1c\x7f\xecq\xa8\
\x90\xd7\xe6\x0d7\xa2B+@B\xa5sb|\x14\xab\
V\x0ec\xe5\xf0\x10\xa68g\xc6GG89c\xc4\
\xed\x16:\x04\x9fj\xa3\x94\xd92\xcbi\x0c\xda\x04I\
RXW\xad\x5c\x81\xda\xf88\xfe\xfe\xd7\xabp\xe7;\
\xdc\xc1\xbfjx\xd6\xa9\xc7\xe2\xb6G\x1c\x84\xc1j\x11\
\x05\x03y$\xa0A\x02E*\xf2\x0c\x92o\xd6\x01@\
\xaf\xba!\x08\x11q^O\x11\xb4\x8f\x8e\x8d1\xd1\xb1\
\xcf\x0e4\x1cR\x89.b\xc3\xe6\xad\xb8\xe0\x8d\x97\xe0\
\xd5\xe7\xbc\x16\x0f\x7f\xea3\xd2\x15T\xa2\xcd\x8c}\x0c\
\xd9W\xf6\x93~\x16b?S\x82\x1c\xdeG\x14\xc4\xfc\
{N\xe97\x97\x1c\x0b\x8a\xe8\xf8\xf143\xef\xea\x1e\
\x19c{\xc7\xd9\x7f\xbd\xe68L\x80\xbe\x89\xf7\xdfg\
?\xfbY\xac\x0e\xcd\xfer\xf55 \x16G\x8b\x97\x06\
\xadNF\x00\xa0\x0f]\x08\x90\x05\x04(a\x14 *\
\xb0\xefte\xdd\xe0-\xa0*8_\xc0{>\xe2\xf8\
%\x88\x18\x12\x08x\xe0}\xef\x87\xf7_z)\x1e\xf9\
\xf0\x87\xe1j\xca\xbaR(B\x00U\x1b\x12mnj\
\xb49\x07\xc8\x12e\x02\xa2j\xa9HY\x07\x94a\xcc\
\xfb\x96\x93\x80<@J\xe6\x93q(\xa6)e\xcd\x09\
\xfb\x95\xc2\x90\xb9\xb0\x00\x9eX\x0e\xd3d\x8c\xd3\xbc\x12\
\xa5\xdc\x5c\x09\xb9\xae\xc8\xad\xd3\x12\xdb\xacO\xa1\xc8\xbe\
\xf4W\xcbP\x1b\x1a\xb4\x22\xb6jSH8\x7f\x02Z\
\x11\x8d\x16\x97\x0e\xd7\x9d&\x01{}|\x12Q\xe0\xb8\
nU\xa0\xb94\xc6\xb5\xca\x87+e\xf6=\xf0\xf1l\
\x10\xea\x08\x0d\x00\x00\x10\x00IDAT\x1dt\x18o\
`\x11\xe8\xf6Rb\xccAR\x1e\x91\xda\x9e\x91\x0f/\
0\x0f\xf6\xe4\xbcP\x1d9\xe5\x12\xc8%p\xebK \
[\x9fo\xfd\x96\x1c@-0\xebY}\xa7\xfbm6\
7\xce\xcc`f\xd3\xa9\xb9\xb3\xbfJ\xc0\xd2\xd9\x9e\xed\
\xe8!K\xbd\x15\x19\xa9\x94\xf7S\xfb\x09\x83\x80\x0f\xff\
\x88\x8a\x0f \x85\xa6\xd5\xac#\xa6\x82\x9bp\xc7x#\
\x15\xe4\x80u4'k\xb8\xe6\xaa\xabP.Dx\xfe\
s\x9e\x0d}\xed\xea\xfcs_\x877\xbc\xee\x5c\xfc?\
*II\xa3\x86\xb1\xad[\xd1W\x8c\xb0~\xf5*\xf4\
W\xca@'\x86\x00\x91\x83Q\x8d1\xc8\x9a\xa36:\
*d.\x0c \xe5+\xa5\x22c6o\x9e2\x0e<\
X-\xa4l\xa4,\x8d\x19R\x82\xe3e\xf6\x0c\xc9O\
!\x01\x9e\x0e\xdb\x1d\x05!2\x85\xb9\x188\x94\xd8\xbf\
:w\xa2\xa5\x04=\xf8\xdf\xff\x1f\xdex\xfeyx\xfa\
\x13\xfe\x1b\x05j\xd4i;\xa16\xa3\x9a\x80\xd0H\x0e\
`s\x01F5\x09\x04\x13i\xf6J`Z\x93;\xc7\
M*\xe6Q\xa9\x04Q\x0c\xa0A%s3\xfb\xfd\xd6\
w\xbd\x17/\x7f\xe5+\xf0\x93\x9f\xff\x0c\xeb\xd6\xaf\xc7\
\x0a\xca \xa4\x92\x9f\x1a\x19\xb2?)\xfbhF&\xf4\
\xb3\xd8\x1e9{\xc7~1\x86\xda\x0173\x08hF\
Q\x04\xc9J~Q\x10\x85\xd8<2\xe6\xff7\xcf\x1b\
/y+\xb6\x8dO@}\xea\x90\x19q\x0db\xdfw\
\xa0P\x8aP,\x17\xe0\xa6\xe5\xd0\xe1\xb8\x0a\xac2\x1b\
\xe4O\x08\x5c\xd5-\x8d\xb9^MkPn\xf7\xbd\xf7\
\xbf\xe1\x9do{;\x9e\xf6\xa4'\x22b\xb7\x9b\xb4\x12\
\x0c\x13t\xb5j5\xd4&F\x09R*\xe8'\x80\xec\
\x10\x04\x95(\xcf~\x82V\xed\xcc\x8f\x8dnC\x9dy\
\x0a. X*\xfa9u\xe35\xd7`\xcd\xea\x958\
\xf6\xe5/\xc3\xabN?\x19\xf7\xb8\xcb\x1d\xc1& i\
\xa7\xd0\xeb\x7f\xadF\x1b\x8e}\x0c\xd8 V\xe5\xe7U\
LP\xce 4\x8eeZ\x1d\xdb,P\xa7\xb2^\xa9\
\xf6\xa3\x7fp\x15j\x9c'\xea\xebV*\xc4\xef\xfd\xd0\
Gp\xdcI'\xe0\xfb?\xf9\x11\x86W\xac@\xdf\xf0\
\xa0\x7fE\x8aC\xcb\xe2\x063\xce\xddi\xa5V\xf3\xd7\
\xf3\xe5\xc5\xccx\xdds\xa7\x99\xf9\xba2\x8e\x1a_\xe3\
\xdc-\x10d\xab^Yb\x8a\xc5\x22\x86\x86\x86\xa0q\
}\xc0\x7f?%\xd5'\xb0/\xfb\xc0\x071F\x0b\xa7\
\x0b\x02l\x1e\x1d\xc7x\xad\x89 t\x04@\xec\xa1\x91\
\x9b\x88N\xc0\xf9\x9e\xf0~\x8f\xdb1\x1c\xc3\x1aNp\
\x8ccn\x16\x0cT+\x90\xfc&y\x9f?\xe7)O\
\xc5\xfb\xde\xfd\x1e\xdc\xed.\xff\x846\xf9\x82\x1b\x051\
\xa9\xd3\xa8#\xa1[b\xc1\x94V\xbb\xb1\xf1\x11\x0f\xfe\
\xd46\x91,\xccr3b\x15\xfe\xe4\xadD9z\xaf\
wS\xb6Gq\xdd\x98\xb9W3&NG\x19\x12$\
\x04p1\xdb\x178GpS\xe2\x9c\xa0\xa5\x87\xe1\x06\
\x81\x8f\x00\xf0(\x81\xdf\xc1k\xd7\xe0a\xff\xf9`\x1c\
\xfb\xb2W\xe0m\x17_\x8c\xb7]\xf2\x16<\xf9\x09\x8f\
\xc7 \xc7]V\xc0\xfa\xc4\x18b\x82\xa1\x22;X-\
\x17!\xbe\xf5\xda8:\x04\xd3\x92\xf1tu\x0b:Y\
_\x16s\xe7\x17R\xbe\xf9qy8\x97@.\x81\xe5\
/\x01\xad\x99\xcb\xbf\x17\xcb\xb4\x07f\x06\xb3.e]\
0\x9b\x1b\xce\xe2sw\xff\x94\x80\x1e\xae\xa2\xacw\xf2\
\x8bf\xc2\x06x\xe5b\x9eK\x15\xdf\xc7\x87\x8e\x1a\x80\
\x14\x1eZ<\xa4\xf8\x14#*\x99T\xd2\xcba\x01\xa5\
0\xc2\x91\x87\x1c\x86m\x9b7A\xbb\xa6\xcf}\xe63\
p\xe1y\xaf\xc7S\x1e\xf7X\xdc\xf1\xc8\xc3q\x87C\
\xd7\xe3\x0eG\x1e\x86\x93^\xfe\x22\x5c\xf6\xf6w\xe0q\
\xb4\x964''\xb1\xe1\xba\xeb\x08r\xda\xe8\xe3\xee\xef\
\xca\xc1\x01\xff\xb5\xac$n\xfb\xf7\xeb\x13*[\xda\xa1\
\x96\xd2&\xe5M\xed\xf4\x8a\x8fc\x03I\xbe\xadR\xc5\
<Hpj\x12U\x1e\xee\xa6S\xd9L@7#\x85\
I#\xdb\xc6\x10\x85EZ\xa2\xfa\xd1!p\x89\xa9\x1c\
\x0dR\xa9\xae\x16K\x98\x1a\x1b\xc5\xb6M\x1b1\xc5]\
\xf1+?\xf9a{\xd5\xa9\xa7\xe0\xa5\xcf\x7f\x0e\xd6\xaf\
Z\x81N+\x864\xe6r\xe4P`\xbd!\x1bb$\
\x7f\xaaA\x0c\x08\x1c8*vR\xfc;L\x08\xa2\x02\
\x1cI\xbfs\x19\xa7\xe2<NE\xfds_\xbe\x1c'\
\x9ev:.\xff\xeaW\xb0\xf6\xe0\x83P\x1d\x1c\xc2M\
[\xb6\xd2\xda\x14#\xaa\x94Xj\xee\xa9\xb1\x11\x19e\
\xee\xdd\xe9\xfb\xd5\xccf\xeee\xb3Y\xff\xdc\xd2\x0b\x87\
\x96R\xd8T\x87\xe4,\xb7@\xa5Y\xf2\x91\xa5\xa0E\
\xa5u`h\xd8\xff\x86h\xf5A\x87\xe0{?\xf91\
^~\xcc1\xf8\xc4\xe7\xbe\x80\xb1\xa9\x06R\xc7\xba\xa8\
\x1c7)\xa6\xe9\xa9A\xc9\x83c\x01\x04\x9c#)\xb7\
\xfb;\xdcu/\xd0\x1fQ\xb1v\x1c\x8bF\xbd\x0e\x01\
\x9b~\xee\xfc\x0fR)\x97\x5c_\xf8\x8c\xa7\xe3\x94\x13\
O\xc0\x0f>\xf7i\x1b\xdd\xc4y\xc4\xf1\x19 \xb8\x89\
\xeb\x0dT\x95\x87\xa0\xb7Mp-+\xe0@\xb5\x0fk\
W\xadF\x85\xed\x9c\xa25c\xe3\x0d\xd7\xc3\xa5\x1d<\
\xf1q\x8f\xc6\xab_u\x1a\x1e\xf9\xd0\x07S\x81-{\
\xa5\x5c\xf5t\x08\xb0K\xac\xbb\xaf\x14\xf9/\x8e\xc5\x04\
]\xedf\xc7\x83\xea\x80;\xfa\xec\x01\xa4\x80\xb7\x08t\
\x9c\xda\xc99\xa1W\xbeb&49\xd1\xbez\xe5\xb7\
\xf0\xf2\xe3\x8f\xc3\x15\xdf\xfa6\xc0v\xf4\xd3\xe2\xa4\xdf\
T\x8d\x11\x00\xb5\x08\x96\x8al\xa7\xe6\xab\xff\xac4\xfb\
\xc7b\xfe438\xe7<\x99\xd9\x82\xe3f\xd6\x8d\xc7\
N\x1c\xae'\x8f\xa5\xe0\xec7Of\xe6\xc1D\x89\xd6\
\xd5R\xa5\x8c\x1a\xc1\xc6\x96-[\xd0\xe2\xbc\xeb\xe3}\
\xb5\xfe\xa0\x83\x00\xde\xa3_\xfe\xc67\xf0\xc2\x97\xbc\x14\
\xef\xf9\xd0\x87i\xa5\xeaC\xa9R\xe4\xb8\xa6\xd08q\
\x9a\xd1\xaa\x91z\x00\x08\x1e\x1a\xab\x882\x13\x80\xd0o\
\x96\x02\x17\xb0\xeb\x0e`\x7f\xdb\x04\x04\xc3}\x15\xd6\x0d\
h\xc3\xe2\xd4c\x8f\xc5\x09\xc7\xbc\x12_\xf9\xc0e\xd6\
\xe0f\x01h5)\x15\x22\xd4hMi\x10\xbc\x0e\x0d\
\xf4C\xf2\x91\x8cE\x9ac\xac\x02\x14\xad\xa7\x04)\xff\
\x1c\x04\xf8{)a\x0dY\x18\xf4\x8b\xcc\xac+\xc7\x14\
~\xd3\xc5Q\x10\x01\x0c\x05n\x5cT8O\x02\x00-\
\x8e\xb7\xe3\xfa1\xd4W\x85\xfe\x8fR}b\x14O}\
\xdc\xe3p\x0c\xfb\xfe\x8a\x17\xbf\x10\xf7\xff\xb7{B\xaf\
\xdf\xddf\xdd*<\xf3\x89\xff\x8d\xb7_\xf2f\x9ct\
\xdc\xb1\x18\xa8\x941\xc9\xf94\xc4u\xa1\xd3nB\x96\
 \xc5\x19-A\x8e|Y\x15\xaf\x8b\x9c\xba\x11H\x09\
\xdb\xb9\x10e\xa5\xd4w\xd1b\xe1,>ws\x09\xe4\
\x12X\x9e\x12\xd0Z\xb1<[\xbe\xcc[mf\xdb\xf5\
\xc0l\xfb\xb8\xed2\xe5\x11\xfb\x8d\x04z\x1f\xd2\xbd\x0f\
ZuPa\x91\xfc\x0b\x91\x14\x92n|\x82\x98\x0a\x80\
Q\xd9\xa9P\x91\xe9+\x96\xf9XOQ\xafMQA\
\x18\xc5\x9f\x7f\xff;<\xfc!\x0f\xc6[.\xbe\x08\xcf\
{\xfaSp\xc8\xea\x15\x88XP\xe0\xa0Vk`\xb8\
\xafD%\xa4\x8dU\x83U\xbc\xec\xf9\xcf\xc2\xab\xcf8\
\x1d?\xfa\xc2\xa7\xadI\xe5h\x9cJ\xbf\xac=1w\
\xfa\xf5*S_\xb9\x82\xd09\xaf\xacI\xe9\x0eCq\
!\xb3\xde\xd3\xa4\xd6\x80\x0aR7\xb2\xdbN\xf3\xe1\xd4\
G\xcd]rJTH\x1b\x8d\x06\xa4\xd0\x0fp'7\
\x0a\x02l\xdcp#6\xdex\x03\xc0\x1d\xe05\xabV\
\xe1\xe8\xe7?\x0f5\x0a\xe3nw\xbc]\x17\xe4P\x03\
\xac\x14\x02\x82\xb9\x00\x095\xf9\x94}\x17u\xb8\xdb\xdf\
\xa15\xcbW\xc3\x8b#\xd0\xf1uNW9A\x80\x93\
0>\xa4\x02\xf6\xfd\x1f\xff\x18/y\xc5+\xf0\x9e\xf7\
\x7f\x00\x1d\x0eDe\xb0\x1f\x9bF\xb6\xa2H\xc5j\xed\
\xfauhS1\x1c\xa7\x0c\xd4\xfe\x84\xb7\xa5W\xfcz\
\x14f\xb2a'S\xaf\xd8y\xff\xcd\xbc\x98\x19\xcc\x16\
\xa7\x22\x15EQ\x8b\x0a\xf2\xc8\xc8\x88WNW\xae\x5c\
\xe9\x7foq\xe3\x8d7B\xe0m\xd3\xb6\x11\x14*\xfd\
hr\xe4?\xf8\xb1ObU_\xd9~\xfc\xbf\xbf\xc6\
\xb6\xa9:4\x1c\xc6aj\x10HLP\xce-\x82\x95\
\x94m\x0d\xa8$\xa7f\xf4\x81\xf3\xa7\x83\x80\x80\xb1\x9f\
}\x8f\x9cC\xb3\xd9\x84\xe6F\x91c\xd1d\xbd\xf7\xb8\
\xe3\xed\xfd?\xb6<\xf3\xb4\x931\xdc\xdf\x87\xad\x1bo\
\x22\x88i\xd3j\xb3\x85 %\x80#\x9a$v\x02\xab\
A\x83`Y\xaf\x1b\xc9\xd2\xf0\xb3/\x7f\xd1.\xba\xe0\
|<\xf9\xf1\x8f\xc7\xe1\xeb\xd6\x22buz\x9d\xa9C\
\xa0\x169`\xa0\xbf\xca\x16\xb3\x09j\x10\x07&\xe6X\
\x9a\x19B\x02\x1b0o\x8baG\xc0&\xa5\x7f\xb2\xd6\
\xc2D\xb3\xcd\xb4\x08\xff\xf7\xfb?bE\xa9ho\xbb\
\xf4=\xfe\xd5\xbd:-vu\x82q\x8dSX.B\
 5\x8c\x22\xa4\xec\xd3B@\xc7\x8c\xccY\xed\x9e8\
Mm\x9f\xc7\xc8\xcc`\xd6\xa5\x802\xd4\xfc\x96L\xf5\
\x9b\x935k\xd6\xf8\xdf\xc7u8\xb7\xf5i\xf1\xbe\xe1\
a\x0c\xacZ\x03\xe38\x7f\xf6\xf2\xaf\xe0\x15\xc7\x9d\x88\
\xef\xfd\xf4\x7f\xe0(\xac\x98|}\x9f\x0a\x86$5\x02\
'F\xf043\x0f\xd4\x12\x82@\x10\xb0\x82rJ\xc8\
\xaf\x14\x15\xbd<\x03\x00)7\x03\x92$\xc5\xbd\xefq\
\x0flj\xb5R}\xedn\x1d\xef\xfd\x8d7^\x87\x90\
r\x19\x1c\xa8b|t\x84<cR\xea\x89\xc5\x08\x86\
\xe7v\x88\xd5*z\x868L\xde/Wd\xd6\xed\xa7\
\x8f\x9c\xbe\xe8c\x06\x9a\x0fl1X\x95\xdf\xb4\x08\x08\
LV\x0d\x0ebrt+\xfe\xfa\xa7?\xe2\xab\xef{\
\xaf\xbd\xfb\x1do\xc7\xb3\x9f\xf1\x0c\xdc\xf5NwB\xc0\
\xce&ls\xc4\xea95`\xe4\x15Z\x8c\xfb\x12\x00\
\xbd\xff]o\xc5s\x9e\xf9T\x5cw\xf5\xdf\xc8k\x04\
+\x06\xfa\xd0j\xd6\x08\x98\x22\xde\x7fj\x05\xa02,\
\xb2\xcb'\x97\x95\x99\xbeg\x85\x15\x97\xf9swyH\
 oe.\x81\x1dI\xe0\xe6\xae\x11;\xe2\x9b\xa7/\
!\x013\xdb.\xd5ln\x9c\x99\xc1\xcc\xb6\xcb\x97G\
\xec\x7f\x12\x90\xc2$\xa2F\xd3\xd39=\xc4\x97&\xa3\
jR\x8c\x22\xff\x0a[\x81\x0a\xbcvw\xc7\xb9\x03:\
\xbem\x94\x8a@\x01\xb7;\xe26x\xdf\xbb/\xc5s\
\xb8;\x7f\xf0\xda\x95\xc4\x0e\x09Z\x8d65\xa1\xd4+\
\xa6\x83\x95\x12:\xf5&\x06\xb9\xb3\x1eP\xc9\x98\x9a\xa8\
\xe3\xeew\xbe\xa3\xff\xb1\xf3)'\x1c\x8f;\xdf\xe1\xf6\
\xfeu6\xc7\xddX)\xa9\xc5B\x840t\xd0N\xbe\
\x94\xef\x02w\xf0\xcd\x0c\x8e\x84\x9e\xc3L-\x03[7\
K=\xc9\xde\xab\x99-\xea\xafV\x99)\xf1<\xb5\xf3\
\xec\xa8\x8c\x17\x5c\x80\xa3\x8e<\x12\x0f\x7f\xf0\x7f\xe1\xb2\
w]\x82\x87\xff\xd7\x03A]\xc9\x03\x1d\x81\x1cY\x1c\
$\xaf\xe6T\x0d\x01\xdbc\x5c\xc5D!\x95\xe4\xb0 \
U\x8f,\xd9\x9fV;\x86,:\xa3T\xfa\xe5\x16\x8b\
\x05\xfc\xfc\xd7\xbf\xc1\xcbO<\x11\x17\xbe\xe9\xcdL3\
\x0c\x0c\x0f\xa1I\xb0T\xa5\xd2\xd9O\x10\xa1\x8f\x01l\
\xdc\xba\x0d}\xdcEV\x9a\x14f5\xd8\xcc\xfc\xfd\xa8\
z=\xb1w&\x8f\x12w\x83\xc4b!\xeae)E\
\xd9\xa84\x0f\xadX\x81\x88J\xf1\x96m\xdb0Y\xab\
a\xe5\xea5\x04\x91\x0e\xc5j?\xdd\x10\x95\xfe\x01\x0c\
\xacX\x89\x07\xfe\xf7\x13S\xf5\xef-\xefx'\xae\xbe\
\xfe&\xd4\x09F\x02\xa2\x0b\x01K)\xff\x92E\xca\x0a\
8\xacHxq\xce\xd1M\xfd\xfc\x88)\xb3\x88s\xa9\
\xbf\x5cB\xd1\x80*\xc7\xb8C\xa0\x94\x92\xc7\xfd\xff\xe5\
\x9ex\xf3\x1b/\xc4\xf3\x9f\xfd,\xbf\x03/\xcb_\xbb\
\xd5@?w\xeaE\x93\xe3c\x90\x15q\xed\xaa\x95x\
\xd2\xe3\x1e\x83\xd1$I\xeft\x9b#\xb1\xb2\x9f\xedc\
=\xda\x89/rx\x1c\x81d\x8b\xd6\xa0\x0eAz\x87\
\xc0*!@\xb54FQ\xe3Gb\xd3 \x5c\xc9a\
\xc1d\xa3\x83\x16\x1b[\xaa\x14\xd0\xa0r\xff\x8e\xcb>\
\x80\xb3^{\x0e\xee\xff\x98\xc7\xa7\xaePd\xdfb\x14\
\x08\x92\xcb\x03\x03\xd0W\xd0\xc6ku\xb4\xd9V\xf5s\
\x92\x80\x9fE\x91\x88\x19\x99\x9aYw\x0c\xe9\x82\xe3\x97\
\xb2NF\xef\xd6\x99)\xc63c\xe8ywY\x9a\x19\
\xfb\x91B\xf2\x8d\xa2\x08\x01\xc7\xb0Mp\xa2\xff\xd3\xa3\
\xcd\x82 *\xd0ZZ\xa7\x15\x87#B\x0b\xcf\xcau\
\xeb\xb0ul\x1c\xaf9\xf7\xf5(\x9b\xd9o\xfe\xf8g\
\x86'\xd1f'\x5c\x08\xe8U\xbe&\x01\x9f\xb8;s\
\x08\xb5\xd9\xc0\xb1\x03I\xbc\xc0#&\xe0O)\xdfR\
!\x80\xee\x93V\xab\xc3M\x81\x10\x0f\xfd\x7f\x0f\xc0\xb9\
\xafy5\x9e\xf9\xf4\xa7\x02\x04\x9b7^{\x0d\xfa\x08\
n\x01\x02\x1d\xc4\xbe\x9d\xea\x8b\xfaA\x81a\xfe\x91\xc0\
Qb\xbc\xd1\xe8\x82\x94Z\xe6\x07\x01\xc7,\x09\xe8\x80\
\x87\xf8\x08\xf0\xe8~^\xb9b\x08\xadz\x0d\xd7\x12\xac\
\xfc\xd3\x9d\xee\x88K.z#F\x934]\xc7\xb9Z\
\xe5\xfd+ T ;\xdd\xdb\xa5\xd0\xc0\x8a\xa0\xf5\xa8\
\xaf\x10b\x80\xe0utt\x02Ox\xecc\xf0\xa1\xf7\
]\x86o~\xe6\xe3\xb6\xf1\xa6\x1b\x99\x9e\xf8~8\xb6\
\xdf\xb1\x80\xaf\x8f\xf5\x92\x0d[\x87\x19R\x9fD\x09L\
\xb9\xb6#\x16\x99s*\xef\x9c\x88<\x90K \x97\xc0\
~!\x01\xad\x0d\xfbEGv\xae\x13\xfbf.>\xd7\
\xe64l~xNb\x1e\xc8%\xa0'\xbb\x88\x0f\xfa\
\x94;\xefR\x16\x02\xfa\xa54Rc\xc5\xa1\x07\xaf\xc7\
S\x9e\xf4D\x5c\xf8\xfaW\xe3\x10\xfa\x07\x09j\x02J\
\xadL\xc5\xa2L`\x13\xf1\xc1o\xccoT@\xcb\x85\
\x08\x9df\x87\xe0'\xc5p\x7f\x19\x11\xf3I\x07\xbc\xe7\
]\xef\x8aW\xbf\xea\x0c\xfc\xe7\x83\x1e\x88\x15\xc3\x83\xd8\
\xcc\xdd\xfcQ\x82\x800p\xa8\x94\xca~w8I:\
\xdc\xe1g\x01\x9e\x8e<\xe9\xf0\x9a\xc8A`\xe6]\x7f\
\xf1m\x05\xd3\xc0#\xf1\xca\x11=\xbe\xec\xe8\xe86\xf4\
W+\xe8+\x96\xb1e\xe3&4\x1bu\xdc\xe7^\xf7\
\xc2\xd1/|>^\xf2\xbcg\x22!6\xebtR\x14\
\x1dP\xa6\x02'V\xcdz\x0b)w\xb2\x8b\x95\x0a\xba\
\x8aY\x02jkH\xa8\xe4\xa5\xec\x93*\x92.f\x91\
\xa4\x02T\xabe\xfc\xe9\xea\xbf\xa3jfR$\xf5\x9a\
\xda\xfa\x83\x0e\xf1\xbf\xfb\x08\xcbe8\xca`\x9c\x16\x89\
\xc9F\xd3\xffCHYw\xc6&'\xfc?\xd9d\x11\
,Dj\xff-A\xb2\x0ad\xf5\xc8/\xe0\xe3\xa4\xdc\
z\xc59F\x8b\xbb\xf7m\xa2\x02\x8a\x09\xe3\x04@5\
\xce\x87\xe1U\xab\x01*\xcf?\xf8\xc9Oq\xd2i\xa7\
\xe3\x13\x9f\xf9,\x95\xe6\x09*z\xe4d\x01b\x22\xc7\
\x98\xde0\x0c\x90p\xeb\xbe\xab\xb8\x02\x02\xad\x8a+2\
^\xf3\xa5M\x8b\x81\x14V\xcd\x9b\x823\xb4\xc8\xbb\xbf\
\x18\xe1I\x8f}4\xce8\xf9\x14<\xe4\xc1\xff\x81\xb8\
\xd5\xc4(-b\x1b\xae\xbb\x96\x00;\xc43\x9e\xf2d\
\xe8\xc3\x11\xff\xfd\x88\x87{\x854\xe1<\x03k\x8e\xd4\
f\x0e^`\xa0U*D\x91|B\x8e\x8f\xc8Ii\
g\x7f@\xea\x10l5h\x81#^ATb>\xd2\
D\xad\x89\xcf\x5c~\x05\x8e;\xfeD|\xe6\x0b_\x84\
E%\xac^\xb3\x0eV( \xe4\x5c\xac\xb7[\xec\xfb\
\xd44(\x08\xc0\x8e\xc0\x02\x872\xc7\x96\xdd\xdcn\xfc\
\xa4\xd0&\x9c'\x22\xa5\xdf\x5cbw\x16-jf>\
\xadI0\xe7\xd8w\x91~\xa7#\x92?\x0cC\x08\xf0\
$\x8e\xe3\x91\xa4l;\xad\xb1\x04}`\xfc\xd0\xcaU\
x\xd4\xb3\x9f\x9f\x0a\xd4}\xe1K_\xc6\xdf\xae\xb9\xce\
K1\xa0\xbc8\xd4\x9a\xea\x00\xd9\xfb~\x10\xcc\x80\xfc\
\xc1\xa3U\xaf\xc3\xccxo\x06\xfe\x1eK\x99\xb9\x5c\xa0\
\x0c\x19\xd7a\x1d\x03\x04\xa5O{\xd2\x93p\xe1\x1b\xce\
\xc3c\x1e\xfdH\xdc\xb4\xe1\x06\x88\x991\xcdq\x8cD\
\x96\x01\xc3\x94\x0cyf}\xd4<`p\xe6\xcc\xe2\xbb\
\x11\x09\x1c=*O\x07Z[\x1c[l\x9cga`\
\xd0\xdc\x100~\xd1\xf3\x9e\x873O;\x0d\xffr\x97\
\xbb\xa0\xc0\xf6W\xb9\xf9@\x07l-\x8c\xe3al\x87\
\xf8\x86d\x22\xb0\xa3\xb4\x98sp\xd5P?J\xac\xe0\
\xe0u+\xfdF\xcck\xcfz\x15>\xf7\x81\xcbL_\
pS\xfe\x80\xb7\xbfc]\xaaOa\x11Y\xf8\x93\xc5\
\xbc\xdb\x1b\xe7#\xf2K.\x81\x5c\x02\x07\x94\x04\xb2\xb5\
\xe0\x80\xea\xf4\xbe\xd6Y=\xb4\xd4&3\x83\x99\xc9\xcb\
gP\xea\xc9\x07\x96\xb8\x98\x99/c\xb6\xb0\xbbD\xd1\
=\x9ad6\xb7~=\xd0E\xea\xdbR\xb4G\x1b\xb1\
\x0c\x99\x99\xcd\x95\x9bY7\xec\xe8\x8a\x02g\xe8P\x99\
\x8b\xb9\x1b+%B$EB\x94r\xa7\xc9r]e\
\x00\x00\x10\x00IDAT[\xe9)\x95\xa4\xb1\x91m\
\x88\x0cx\xdc\xa3\x1f\x857\xbc\xfe<<\xfc?\x1f\x80\
&A\x8c@B@\xb90\xc9+$R$@\xc5@\
\x8a\x90\x83\xc1\xa8(ET\x88\xc4\x87\x1b\xbcT:\x80\
\x98\xcaf\xc4\xfa\xfb\xa9h>\xebiO\xc5\xc9\xc7\x1f\
\x87G<\xe4\xc1L\xe8`t\xf3f*S\xc6]\xf8\
\x90\xd6\x98\x16\x9a\xf5\x06AH\x91q\xf0a3\xa3\xce\
jHYG\x89 B\x0aHh\x0e\x850b|\x80\
\x84m\x8e\xb9\xa3oTl\x14\xb7v\xc5*l\xdcp\
#\xb6l\xde\x84\xfb\xdf\xe7>\x1e`\xbd\xe2\xa5/\xa2\
U\xe9\xb6h\xb7\x13T\x22\xb0_\x06\xe2*\xb6\x16\xfe\
(\x84\xce\xbb\xfeB\xf9\x80\x9aq\xa3\xd9\x80\x0b\xd8S\
\x17\xa2CE\xabA\x0b\x11u \x8c\xd5\x1ax\xefG\
>\x823\xce~5\xfe\xf3\xc9OO\x07\xb9\x9b\x1c\x95\
+\x98\xa2\xe2^ \xc0jR\xb9\x96\x22h\xb4f\x18\
\x15\xcf\x0e\x15D6\x0d!w\xdd\x03\xb6\x99\x1b\xd0\xe4\
\xe6k\xf2\x173\x83\x99\xc1Qn\xf3\xc9\xac\x9b\x86E\
\x0e\xb3nzo93\xdb.wJ\x853\xa3(\x8a\
|]Y&3\x9b\x09\xebU(\xc0y55&h\
\x91\xca\x99\xc0\x08\xe2Z\x04A\x09J\xd5>\xba)\xde\
\xf7\xa1\x0f\xe3\x943^\x85\xaf\x7f\xef{\x88Y>0\
GkV\x0a\x01\x1e\xa32\x0a\x1eR\xfcc\xca\xccw\
6%W\x03JQ\x08m\xb4K\xdar\xab\x04\x17\x94\
0k\x00\x8e8\xec`<\xf7\xe9O\xf3\xbb\xf4\xf7\xa2\
\xc5\xe7?\xff\xe3\xff\xe1\x82s_\xe7_\x95\x5c1\xd0\
\xcfV\xb1<\xe5i\xb4\x0aE\x0c\x89\x87cI\xfdN\
\xa8\xc3\xf9\x0a\xce\x0fV\x0b}*\x1bl\x93\xea\x95\xe5\
\xc2\xc2\x00A\xb1@\xe5\x1f\xb4\xda\xa4\xf8\xd9/\x7f\x83\
\xb5}%{\xdb\xa5\xef\x84,n\xab\xd7\xadgZ\x8a\
m\xe3\xe3\xd0\xf8\xb4h)\x11`p\x01'\x0a\xfb\xa5\
\xb1\xd3\x87\x19b\xd6\xdb&\x10p\xe4\xcd\xae@\xf2T\
\x1fE\xaaWc\x10\x04\xea\x8dB7\x9f\xcc\x0c\xbd\x8a\
\xb4\xfc\x22\xd5'\xd2\xf8\xc9\xedP\x99\x0f8\x96\x0a\xab\
\x0d\x9d\x84\xd2\xe7\x1c\xb2\xc0!\xe0\x5c\x13\xe0\x8c\x99'\
\xd5\xdc\xa6\x0c\x8cs\xaf\xc0y\xfa\xc9\xcf~\x06\xe7\x9e\
\x7f\x1e>\xf6\x99\xcfA\x16\xcab9\xa2\x85'E\xa3\
\x19Ce\xe1\x0c`\xbfA\xa7\xe0\xc1\x9dC\xcc\xfb&\
\xa5 \x02F2\x1a\x0e\xf0V\x9e\x88y)%\x1cy\
\xf0\xc1x&\xc7\xee]\xefx\x1b\xd6\xd0\xa2\x19sm\
\xa9\xd3\x0a\x16\xb2-E\x8e\xb9f\x94q\xc7#R[\
\xc8\xc7y>\x09t\x13\xea^V\x1f\x02\xc9\x8e\xf7J\
\xc421\xef\xe7\x167)\x12\xde\xdb\x1a\xef\x90s\x11\
\x1c\x17}imbd\x14\x8f\x7f\xf4c\xfd\x9a\xf4\x84\
G=\x0a}\x04\xa71\xfb\x1e\xb2M\x01\xa9\xcd\xb5\x86\
\xec\xa1\xf1\x8f5/\x18\xc7fB\xd3R\xe9\xba\xd7\xd5\
\x07\x91\xe4\xa8\xb8\xbb\xff\xd3?\xe2\x86\xad#\xa96c\
d%LXW\x87kd\xc2~\x18y\x07d\xe6H\
\xe0\x9d\xa1\xb6v\x01'P\xe6\xbc\xeap\x93D|\x0a\
\x9c\xcb\x8agusN3\x83\xd9,\xcdI\x9c\x0e\x98\
\xcd\xa6\x9b-\xed\x9f.\xb2\xd7\x1c\xf5e)\xdak\x15\
\xdfB\x8c\xcdn\x19\xf9\x9a\xcd\xd6\xa3\xae\x99\x99\x9c\x9c\
\xf6#\x09\xb8\xfd\xa8/yWr\x09,{\x09d\x0f\
\xae\xac#\x13\x13\x13\xa8\x14K(\x04\x02\x17\xdc\xb9\xa5\
\x12\x92\xf0\x81-\x1a\xe2N\xad~\xacK4\x84\xfb\xdf\
\xfb^x\xed\xab\xcf\xc2\xd3\x9e\xf4X\x94#C\x8d\xd6\
\x8fj1\xf4\x8a\x0euWt\xa8\xf8u\xa8\xd8K\x07\
pT\x8e\x02G\xb5\x81\x0bzBE\x05\xe4\x99\x8a'\
\x11\x85\x14\x8dj\xa5\x00)\xb7\x9dV\x8c\x02W\x08\xfd\
h\xf8eG\xbf\x08o\xbe\xe8\x8d\xf8\xd6\xa7>f\x1b\
\xae\xbf\x0e\x0d*GE*<\xd5r\xf7U\xb8\x84\x8a\
N\x1f-H\xa50\x80^\xa5\xe9\x90o\xdciQ\xdf\
 h'_\x1f\xa6B\xa2t}\x1a[\xbb\xb1\x93\xa3\
\xa3\xf8\xcb\x1f\xff\x88\x7f\xb8\xc3\xed\xf1\xca\x97\xbe\x04\xfa\
\xa7\xa0\xf7\xbc\xcb\x9d\xd0_\x08\xfc\xceo9r\xe8\xd0\
\xaa\xa3\xb6P\xa7\xa2?\x81\x0e\x0bC\x88\xf4\x83\xfa\x8e\
\xfaD\xc5\xb0X\xae\xfa\xd7\x81\xf4\xbb\x94\x04\xec\x7f\xab\
\x8d/}\xe3\x9bx\xc9+_\x8e/}\xe5kT\x10\
\x13\x0c\x0c\x0d\x03A\x88\x16\xcb\xc4T\xe2b\x0a#e\
\xde\x8c\xc4[z\x9aH\xfe[\x824\xde;S\xcf\xfc\
|Y8acS\x8er\xa2\xbep\x5c\x13\xfaS\x0b\
\x90\xd2/r\xec\xef\xdau\x07a\xc3\xe6-x\xe3\xc5\
o\xc6p\xe0\xec\xd7\x7f\xfc\x0b\xc2\xc0<\xd8\x19\x9b\xa8\
#\xe5\x18\xbb @B\x90\xc5b0\x03\xa6\xf4\xea\x1f\
\xe5D/\xe6\x13\xb3\xb3\x16\xf8\xf8C\xd7\xaf\xc51/\
\x7f\x09N|\xc5Kq\xd8A\xeb\xa8\x84\xb7\x11\x01\xe0\
\xecB\x9d@\xb8\x18\x06\xa8S\x11\xaeMM0\x16\xac\
7$\x90\x8c\x10SQ\x16\xd0\x89J\x15\xd6\x0b49\
\xff\x9a\x8c\x8b\x0dl;p\xd55WC\xaf\xe1\x9d|\
\xfa\x19\xb8\xdf\xa3\x1f\x97V\xaa\xfd\xa8\xf6\xf7\xa1\xcd<\
\x8e<\x83\xa8\x80z\xb3\x8d\x84\x8dM\xd9\x12\xb9\x09\xcb\
\xfaJv\xf3\xd2[\xdc\xcc`\xb68\xf5\xe6\xbdY~\
\x0a?\xf1\xd2T\xbf\x1dR2IX_\x02c\xdf\x1c\
V\xae]\xe7\xe7\xf5\x07>\xf2Q\xbc\xf2\xd8c\xf1\xc5\
\xaf~\x1d1\xd3\xa3b\xe0\xf3:n(4i]\x9b\
\x9c\xaa\xf9p\xc0{F\xe4\x9cAs$\xe1\x18\x92\xa5\
\xaf!\xb3\xce\x18#dM]\xbdr%\xde\xf6\xe67\
\xe2\x98\x97\xbe\x14\x87\xad_\x8fM7\xdc\xc0\xfb\x9a\xeb\
\x0d\x81@J\xd0\xd0\xe6FA\xb5\x5cd\x5c\x1d\x01'\
\xc6@_?\xc1i\x03\x8d\xc9)\xae\x0f\x8eci\x98\
\xe0&\xcb\x00-\xac\xabW\xae\xf0\xaf\xc5qzab\
|\x94\x16\xd9\x16\xbe\xf6\x89\x8f\xda\x1b/8\x1fOy\
\xf2\x93\xb0~\xf5JhN\x80|#\xb5\x86`7&\
8\x89\x22\xc6\xaaA\xce!`\xbd\xe0\x11\xb7Z\xac\x87\
k\x07\x85\xe1(\x07\xc78\x911\xec\xb32\xac\xcf\xcd\
\xdf\xf1\xf6\xb7\xc7\x87\xdfw)\x1e\xf9\xd0\x87\xc011\
\xe1\xfaR\xe6\x9a'\xe0S\x9f\x9a\xf4 T\x9fH_\
14\xc4%.\xc6\x96-[\x10\x05\x0ef\xc6\xf9=\
\x85!\xc6\x93U~\xe6\x12\xc8%p\x00H\xc0\x1d\x00\
}\xcc\xbbx+J\xc0\xcc\xfc\xc3\xc5la\xf7Vl\
\xda>R\xb5nAQ\xb79|f\xfb\x87\xb4%)\
DkV\xae\x82>\xe5\xdbn5\xbcu$\xa1\x82\xd7\
W,\xa2@y\xfe\xee\xd7\xff\x87\x83\xd7\xae\xc1\x09\xc7\
\xbf\x12'\x1d\xfbR\x1cy\xc8:*\x9b\x1dP\xdfA\
\x7f\xb9\x806wx\xdb\x04\x0bRr\x8a\x85\x10^\xb1\
`5\xd43 E\xb3\xd9h\xc0QY\xa2\xa6\x00i\
\x22\x9dX\x0aF\xca\x1c\xf0\x8a\x8c\xd4\xa91\xee\xcc\xae\
\xe8\xab\xf8\xd7\xc8\xf4O<'\xa8\x11\x1f\xff\xcaW@\
\xaf\xa0\xd4\xa6\xc6\x10QAn\x93O\xca]Y\xed\xe8\
:Z\x07\xca\xdc\x1d\xee'\x08\x92\xea\xd6\xcf\xb2\x028\
\xc5\xc0A\xaeQYmLNR\x19j\xfb\xaf,\x1d\
\xf7\x8a\x97\xe3\x95G\x1f\x8dG\xfd\xd7\x83\xb0nE\x1f\
\x01MJ\x0bQ\x07\x8e\xad\x08HE\x22\x1d)2\xd4\
\x85\x10r\xa7\xb9\xdehb\xcb\xd6m\x90[\xac\x94\x91\
\xba\x00z\xfdl\xabv\xfa\xa3\x02\xf4\x05\xae\x1f\xfc\xcf\
/p\xda\xd9g\xe1\x1d\xef~\x0f\xea\xad\x04\xc5J?\
\x8a}}\xde\xe21AE\xad\xc36\x07Q\x91\xdc\x8d\
\xa4\x9av\x86\x98\xb5\xe74\x8aI\xd4\x135\xe35\xb3\
\x05\xe7\xfcL\x86\x1e\xcf\xfc\x9a\x8dmS\x5c\x96%e\
\xd8\x93I\x19\xeeR\x17\xd8t\xfd>\x8dy@\xa5Y\
e\x88}\xd0%CB\xd9\xe8\xebez\xb5\xad\x7f`\
\x18\xfd\x03+\xf0\xaf\x0fytz\xfa\x19g\xe2\x1d\xef\
\xf9\x00n\xda8\x82\xbe\xfe2\x1a\x94\x91\x04\x1e\x15#\
\xd4h\x0d\x9c\x9cj\xa2J\xd9F!G\x80\xfdDF\
\xaa\x00\x09l\x9a\xb2vV\xa9\xa4\xb2y\x9aB\x04\xc7\
\xc6\xf4T\xecP)\x15\xe8\x07\xdd2\xaa\xd5*\xc7\xb6\
\x83F\xa3\x85\x0e\xe7v\x10\x16\x10\x16J\xfe\xf3\xca\xb1\
\x81\xd68CX\x8a0J\xa5\xfd\xc3\x9f\xfe\x1c\xce|\
\xed9\xf8\xf2\x15_G\x85V\xa2\x15\xab\xd7\xa0:8\
\x88:\xe7\xd8\x04\xd3S\x82\xb9\x02A\x92qNu\xfb\
\xcd\x96\xa4\xd3\xe4k\xa6\x9f\xaeeqr}\xdbg/\
]\x19\xcd\x86o\xae\xcf(\x9b\x8c\x9c\xef\xed\xd2\x9c\x12\
&gD\xaf\x07$\xba\xcf\xb3qL\xc8\x83\xb7\x18\xf4\
\xd1\x8c\x0eRo\x81\xd4\x17\xe6\xd6\x1ct0:L{\
\xcf\xfb\xdeOk\xa7\xd9O\x7f\xf1\x1bLp3b\xa2\
\xd1FX,\xa2\xcc\xfbL\xbf\xed\x99\xaa\xb5\xd0\xa0\xd5\
G`\xde\xcc\xe0\xadu\xac\x88\x22\xe6\x15H\xe26\xb9\
\x80\xe3\x14`U\x7f?d\x01\xba\xff\xbd\xfe\xd5\xff\x9e\
G\x1b\x1aE\x8e\xf9&ZZ\xab\x1cS\x81\x98:7\
[\x1c\x01JF\xba\xb7CgH\x09TB\xb6o=\
\xd7\x9f\x91\xad[\xfco\xb5\xa6\xf4\x9b\xadM\x1bq\xe8\
\xfau8\xfaE/\x82\xd6\x8a\xdb\xdf\xe6\x08\x0f\x82\xda\
lk\x83\xf7\xaed\x14\xb1|H\xf0$?8\x96Z\
\x8f:\x04l\xadf\x131Ao\x10E\x88\x0a\x05\xdf\
^3\xf3\xed5\x86\xf4{ \xd6\xec\xc3\x8e\xe1\xe1\xfe\
*\xad\xd7m<\xf3I\xff\xed\xad\x8a\xf7\xf9\xd7\x7fA\
mb\x1c\x01\x19\x0es\xdehM\x1a\x1e\x1c\xc0\xb6-\
\x9b\xfdk\x93k\xd7\xad\xc6\xe4\xd48gF\x8a\x95+\
\x87\xb1q\xe3\x06r\xc9\xcf\x9d\x90@\x9e%\x97\xc0\xb2\
\x97\x80\xd6\x8ce\xdf\x89\xbc\x03\xb9\x04\x96\xb3\x042E\
's\x8d\xca\xab\xfc\xda\xf2\xde\xb6u+\x04:\x5c\x9c\
\x12p\x84\x90\xa2\xf0\xf7\xbf\xfe\x0d\xfd\x95*\xf4\xa5\xab\
7\xbf\xf1|\xdc\xfd\x1f\xff\x09\xca\xaf\x9b\xb9Z\x0c\xa1\
\x1du\x01\x9dB\xe4P$X\xa0\xbe\xe0\xc5\x93$\x10\
KP\xbf\xf0\xcaD\xb1\x5cB\xa2H\xa6\x1a\xd1D\x10\
\x86>\xdc\xa1UD\xf1\xc5B\x88U\xc3C\x18\x1f\x9f\
\xf0\xfc\xfbK\x05\xaf\x8c<\xec?\x1e\x847^x>\
\x1e\xfe\xe0\xffB\x8d\x0aN\x10w\xd0O\x85+ \xaf\
\xf1\x91\x11\xd4''\x10\x91gHeH\x96\xa7f\xbd\
\x06P9\x0a\x08t\xda\xf5:*\xac\xe7?\xee\x7f?\
\x9c}\xdai\xf8\xefG<\x14w\xb8\xcda\xec#\x10\
\x13\x9c\x05\xec\xbbvg\x03\x96\x97\xf2#23\x86@\
\xc5\xb8\x0d\xbd\xe24\xbcj\x05\xdd\x226\x8f\xb0]\xa1\
CT*R\x91\x1f\xc0\x9f\xaf\xbe\x06%3;\xfb\x9c\
\xd7\xe1o\xd7\xdc\xc0\xf82\x0aT\xb2\x89\x92\xd0Q\xdd\
T\xda,\x88P*V\xa0cj\xb2.\xc7\x93\x14V\
y\xe4\x8a\xe4\x17\x91\x1d\x96\x22\xe5\xc9(\xcb\x97\x85\xe7\
\xbb;J\xd7\x18\xf6\x96\x99\x1fV\xda\xfc8\x85g(\
\xb1\xe9\xb6Rz\x04:\xa0R\xa9\x8f\x1a\x08\x5c\x8c\x11\
\xe4\x15h!<\xf4\xf0\xc3\x11\x16\xca\xf8\xe6\xb7\xbe\x8b\
S_u&>\xf7\xa5\xafc\xaa\xd9\x82\xf0\xce\x96\xb1\
I*\x85!\xca\xd5\x22e\x9d\x82\xb8\x15s\x0e*\xf6\
s\xc2\x04=!#\xda\x04\xe2\xfa\xc7\x9f)\x95L\xff\
\xea\x1b\x8c\xc3\xcd\xb1\xa2B\xaby\xc4,<\x1d\x1c\x15\
\xe9b\xa9\x02s\x11\xa4\x98O\xd2\xf2\x03\xee\xec\xb3\xd9\
\x08\x0b\x01~\xf2\xf3_\xe2\xd8\x93N\xf6\x16\x1d\x01\xd8\
5T\x9a\x07W\xadb\xdbbLp\xa7>e\x7f\xca\
\x1c\xcf\x90\xf3'f\xe38\xdd\xc8w\xf6\xd4\xfcWH\
\xe3'\x92?\xe5|Z\x8a\x94gO\x90\x99\xcdac\
f0\xb39q\x0b\x05\x16\xca\x91Rn\x12u\xc2\xf2\
.\x08\x11\x96\xcb\xd866\x8eZ\xbb\x83\xbe\x15\xab\xf1\
\xef\xff\xfd\xa4\xf4\xf5o|#.y\xdb\xdb\xb1it\
\x04\xa3\x94c\x9b\xcc\x13\x0a\xc0q\xf3\x22\xa0\xd5\xc7h\
\xb9\x0b<\x05\x08\x98\xe6O\x82\xcc\xae\xdc:0\xde\x9b\
\xaa\xdbQ\x88\xfa=\x8c^=|\xfcc\x1e\x89\x8b\xdf\
p\x81\xb7\x94L\x92\xef\xc4\xf8(\x06\xaa\x15\xac\x18\x18\
\x00Q\x12&G\xc6\x90\xf2>\xaa\xb0\x8e\x90\xe5A`\
\xb2\xf9\xa6\x0dX\xbff\x05\x14\x0e\xd2\x0e\x9e\xfe\xe4'\
\xe0\x9cW\x9f\x8d\x7f\xbf\xef\xbd\x10\xb1\x02fG\xca\x0d\
\x97\x88\xf7i\x99\xf7i!p,\x99B\xa0F\xe3\xd2\
$\xc81\xc6\x85J#\x05\x11g\x14\xc7Y\xed\xadi\
\xdd\x90g\x9a\x02\xca\xc5\xb1\xe5\x09\xd7\x1b\x95\xd7&N\
\x95ma5\xb8\xcd\xc1\xebp\x02\xad\x8b\xda\x88\xf9\xe2\
\x87.3}\x11\xb0\xd9\xa8\xd1*5\x85\x81\xbe*Z\
\xcd\x06\xa6\xb8\x8e\xf5W\xaa\x88\x936\xc6\xc7F\xb0\x9a\
\x1bI\xd3\xacs'\x97@.\x81\xfd\x5c\x02n\x8f\xf6\
/g\x96K \x97\xc0.I@\x0f\xfc\xde\x02\x0a\x8b\
@\xc5\x84Oe\x94\xb9\x03\xee\xf8\x80/p\xb7sd\
\xf3&\xb4ju<\xf7\x99\xcf\xc2\x1b\xcf=\x17\xf7\xfd\
\x97{R\xc9\x00\xca\x045F\x05\xa0E\xc5! \xb3\
>\x82\x98\x12\xe3\xe2\xe9WX\x18\xe5_\xddjqg\
\x9c\xac\xa8lPw!\xf0\x99\x9c\xaa\xfb/\x5c5\xb8\
\xdb\xdbfy\x81\x1d'pD&\x09\xe3\xd24\x06H\
\xda%\x95\xe2\x92tbT\xa9\x8c82\xd4'\x88\x8f\
~\xce\xb3q\xc9\xc5\x17\xe1K\x9f\xf8\x90m\xa1\xd2#\
`\xb3jh\xd0\xff\xf3\xc0\x84uET\xd6\x22j\x22\
U\x02\xa1\x0e\xad?u\xee\xba^\xf1\xc9\x0f\x99^Y\
;\xfa\xf9\xcf\xc5\x9do\x7f$\xf4\xfa\x5cL%.\xed\
$(1s\x99\xed\x0e\xa8D\x1b)\xa4\x82T,F\
\x88\xd9\x96\x16\xc1RJ~R\xe0;\xac?e#\x06\
\x87\xfbQ\xa7Vx\xf5\x86Mx\xe3\xdb.\xc5K\x8f\
;\x01\x0fx\xfc\x93\xd2\xa15k\x10U\xab\x08K\x15\
\x8cpg\xbaFkBj\x01\x0aQ\x09\x80#\x18l\
\x22!\xb0*\x16\xcb\x90R\xbc\x14\xb1\xc0\x82gj\x14\
\x0di\xa1D3\x83\xd9\xf6\xb4P^\x1f\xc7\xb1\xf6c\
\xee\x03\xe4;\xad\xa0O\x07\xbd\xa3t\x91\x0f\xf0\x92p\
\x14}\x98y\x89Da\x8c\x13A\x82\xa1\x1f\xbe\xfe\x00\
\x9bi\x05+\x96\xab\x18\x1a^\x89\x165\xcf\xf1\x89)\
\x80\xb20\x17b\x94\xca\xdf\xbbi)X;P\xb6\x9f\
\xff\xf27\xa8\xf6\xf5\x81\x86\x024\x89D\x22\x8eE\x8b\
\xca,t\x88qF\x94\x1fH\x14\xbbR\x90Rq,\
s\x17~\x80Jq@\xb0\xa3q\x03\xc7.\xa2\x92\xce\
&\xc2QAms.t\xc8\xcb\x100\x05l\x07\xe7\
\x15\xe3\x8b\xe5\x0a\xa4\xa4\xff\xe4W\xbf\xc11\xa7\x9c\x8e\
S\xcf>\x1b\xdbh\xf5;\xec\xa8\xa3\x00\xf2\xec\xc0\xb0\
et\x14\xe3SS\x88)p\x8d\x9f\x99q7_\xe3\
\xd7A1*@2\xe8%\x7f\xdfL\xcb\xd3(\x1bN\
\x13\xf4\x12\xf6\xf0af0\xb3\x19\xaef6'<\x93\
\xb0\x88\xc7\xa6ef)\xfc\x5c\xc4\xf4\x91R>\x8c\x22\
(L\xfc\x1c.V\xab\xde:\xb9\x85\x9b\x09A\xb1\x04\
\xd17\xbe\xfb\x03\xbc\xf2\xa4\x93\xf0\x99\xcb\xbf\x88\xcd\x04\
\xaa*\xda\xa6\xd0iD\xa1\xbc\xc0\xb1L`\x04\x98\x94\
\xb6\x17\x8b\xd2C\xa7m\x08\x87\x98\xc0\xbf\xd3iA\xd6\
V\xc9\xa7\xcc\x8b^y[I\x0b\xda1/~!\xce\
9\xfb,o\xa1\x19\xa5UD\xffP6r\x86A\xce\
\x8f\xfer\x191-0\xda\xc0(F!\xb4\xd6l\xdc\
\xb0\x01\xf7\xa6U\xe5\x927]\x8cg>\xf5\xc9X1\
\xd8\xef\xeb\xd3k\xa6\x05\xc7\xa1\xe4\x9a\x12\xb0<\xbd`\
w\xbd\xe5\x16\x89!\x8a\x22\x14\x8aE\xb6\x18\x9e8l\
\x18\xe3\x1a\xa1\xaf\xd5\xc1\x80J\xa5\xa2&\xf3\xfe\x8f1\
\x0b\x9a\x01\xcd\xad\x90\xf3\x8b,\x110_\xc0\x5c\x22:\
\xb8\xf7=\xff\x19\xdb\x1a\xad\xf4y\xcfz&\xf4\xbf\x86\
\x04jd\xd9i\x10,\x17\x09\x8c\xfa4O\x99\xb1\xc3\
>\xc8\x92\x9dr\x8e,E\xcc\x9a\x9f\xb9\x04r\x09\xec\
\x07\x12p\xfbA\x1f\xf2.\xec\xc3\x1203\x98-N\
\xfbp\xd3\xf7H\xd3v\x85\x89\x1e\xba\xfe\x86\xe4S\xdf\
H\xd2\x0c\x04:\x04pZ\xdc\xe5\xfc\x8f\x7f\xffw\xbc\
\xf5\xcd\x97\xe09O{2\x0a|\xd8\xa7\xdc1\x9d\xa4\
r\x90\xa6-\x14\xc2\x00e>\xcc\xa5lj\xb74\xa1\
V\x11q\xd7\xbc\xd9\x94:\x09*\x16\x01\x8a\xc5\x08\xd9\
A}\x97;\xf8e\x14\x0aE\x84\xb4v\xe8U\xa26\
\x81\x8d\x14\xac \x08\x10\x84!5\x90\xd4+\x19\x9dv\
\x93\x0aJ\x03E*-F\x06i\xda\xa6\xc2\xd3\x80\xda\
v\x04wT;l\xb8\xbe\xc0\xf5\xcfw\xbd+\xc6F\
\xb6B?L\x0e8\xe65Z\x13\xfaJ%o\xfd9\
\x98\xbb\xf4\xc7\xbc\xe2e\x98h\xa5\xe9\xbd\xeey\x0f\xa4\
\x048RPd\x89\xd2\xab1jwJ@\xd3\x96\x95\
\xa06\x09\xb9A\xa0\xda\x00\x11\xc8~E\x00\x00\x10\x00\
IDAT\x17\x04H\xc9/5\x07)n\x1d\xb6a\
\x92`e\xcbd\x13\x97}\xf0#x\xd5\xab\xcf\xc1W\
\xaf\xbc\x12\xc5\xfe~D\xe5*\x9aq\x8a\x80\xca\xb2\xac\
\x03\xc3+V\xa1T)\xc3\x02\x07\x01\x84\x0e\x95n)\
\xdfl2JQ\x81\x9c\xdc\x8c\x92)\x85\x93\x11\xbb}\
\x9a\xd9\x82s~A\xc6\x1a\xe7\x9e\x04\xb5\xab'\x08\x85\
E\xf3\xe3\xb2\xb0\xe38\x070\xffe;d\x07\x01\x8f\
\xcah,\x07\xa9\xbcJy\xdc\xca\x9d\xfa6\x01eT\
\xac\x22`\xbf\x83\xa0\x88re\x00\xd5\xfe\x01Z\x0a\x9e\
\x92\x9ev\xe6Y\xe8\x0f\xcd6l\xdc\x8c\x90@\xa7\xde\
\x04J\xa5\x90r'S1\xa2\x93\x9d\xbd\xc1Z\xad\x86\
\x80\x09\x1a?\xc9U;\xee\x0c\x02\x94\x01tP\x99\x8c\
\xa8\xd4j>\xd5e1d\x5c\x10\x04\x04<)\xfez\
\xed\xf5\xb8\xe8m\xef\xf2\x9f\x01\xff\xed\x9f\xff\x8c\x95\xeb\
\xd7\x22\xe5\xbc\x1e\xaf\x11\x90q\xbc\xc68\x0f\x04\xc0\x86\
W\xac@\x85\xbb\xf3\xcdv\x8b@\xb5N\xd6\x86\xcc\xba\
Cv~\xfc\x1c=\xc6\x86\x89\xe8\xf5\x00G\xae\xc2\x22\
\xf93J-\xf3\xed\xd853_\x9f\xd9\xc2n/\x07\
3\xeb\x0d\xee\x94_\xe3\x04\xcd\x01\x92\xfc\xbd\x94\xc0\xbc\
\xfcW\xad]\x83\x09\xde\xff\xd7\xdft\x13\x86\x09\xe4\xd7\
\x1ct\x10\xc0{\xb6\x7fh\x08Mn@\xbc\xed\xd2w\
\xe3e\xc7\xbc\x12_\xf8\xda7\xfc\xe6Eb@\xbd\xd5\
\xe1=O\xa9\xd0\xcf!\xe0<\x02\x9cs\x94[\x80\x88\
\xae\xfcf\xe6\xff\xc1h\x04\xf8\xf9S\xe6z\xd1_,\
\xa0\xc15\xe3\xc8\xc3\x0e\xc3\xdb.z\x03^\xfe\x92\x17\
\xb3\x15\x09\xb6l\xd8H9\xc7\x18#x.\x84\x11\xd6\
\xaf^\x8bk\xaf\xb9\x06\x9f\xff\xc0ev\xf6\x19\xa7\xe3\
%/>\x1a\xb2\x02'H=\x902\xce\xcb*\x81Q\
\x9b\xf7y\xbd\xd1\xa4\x85\xa5\x01\xbd\xc2(\xd0\xa2\xf9\x10\
\xb2.V\xcb{\x12\x98$\xf0\xd0g\xc3S\x03\xfa8\
\x1fK\x04s\x1cJrR\x0e\xf8v\xab\x5cLk\x9e\
\x8fTb7\x091\xd7\x8c\x84\xc0-\xa1\xfc\xd8[?\
\xee\xd5b\x84\x87>\xe4\xc1\x90\x85\xe91\x8fz\x04\xf4\
5IY\xab\xdb\x8d:\xb6m\xde\x82\xc09\x0cSv\
\xdb6o\x06,A~\xe4\x12\xc8%\xb0\xffK@\xeb\
\xc3\xfe\xdf\xcb\xbc\x87\xb9\x04\xf6a\x09\xe8\xd9-%G\
M\x94\x9b\x91\xc2[\xb7n\xf5\xff[\xe2\xac\xd3\xcf\xc0\
\x09/\x7f\x09\x0e[\xbf\x9a\xca\x07\xfcor\x02nm\
\x0e\xf6\xf7\xc1Qi\x01\xd5\x86N\x87;\xde\xb4\x82\x94\
\x08z\x84\x13\x04\x18z\x01\x8et\x85\x16\x81\x80\x1e\xef\
\x22\xea\xbe\x18\x99\x9c \x80pT(\x0a\xde\xfa\xd3d\
y\xb5'\x8a\x22\x80|\x032\x8a\xa8\x98\x88O\x1c\xb7\
01\xba\xcd\xbf\x13?X\xa9\xa0\x14\x04^\xd1MZ\
)n\x7f\xbb\xdb\xe2\xb8c^\x81\x93O<\x09_\xfd\
\xe4\x87M_\x87\x0b\x1d\xb0\x95\xd6\xa8'=\xe1\x898\
\xf7\x9cs\xf0\xa0\xfb\xdd\x8b\x00\x03P|_)D\x8d\
\x96%)/1w\x98A\xa0\x15\x04\x8e\x0aZH%\
\xbc\xec]0qbr\x0c:\x02*\xc1\x13T\x82[\
\xecD\x9b\x11\xdf\xfd\xe1\x0fp\xfc\xc9'\xe1s_\xf8\
\x12\xa6\xa8,\xf5Qy\xa1&\x87R_?\xc0\xbc\x93\
\xf5\x06\xaa}\x03\xd862\x86\xb1\xf1I\xd4\xa8\xbd\xa7\
\xd4\xa6*\x95>\xf4\xf7\x0f\xb2k\x01&h\xf5\xd1\xab\
0\x8e\xe0`>\xb1\x0a\x7f:\x18z\xc9\xcc`6K\
\x1a+\xf4\x1cf6\x1323\x9f7\x8b0\xb3\xcc\xeb\
\xdd\xde\xb2^!\xa7\xc2\xe6\x13\x96\xb8$\x94\x09\xbb1\
\x93\xc3\xcc`T,\xc1\xf1\xefR\x96\xe4\xa8\xe0\x1a\x9a\
Tz+\xe5>\xf4Q\x16`O\xa4\x14\x16h\xf12\
\x17`dt\xdc\x8f\xf9\x8a5\xab\xb1v\xfdz<\xe0\
Q\x8fKO\xa4L/\xfb\xc0G\xb1e\xdbV\xcfQ\
\xdcz\xeb\xd3\xdcP\x5cF\x03\x04!i\xd2\xf1\xe0T\
sD\xe3\xc4&\x02\x1c'$\x09\x9dn\x09z\x11P\
AO\x01\x8eW\x1b_\xfe\xda\xd7\xf0\xba\xf3/\xc07\
\xbeE\x90\xda\xd7\xe7\x7f\x88/pj\x9cw\x03\xc3\xc3\
ptC\x82\xb2\xd1\xf11\xe8\xff\xe5\xb4\xa8\xd4:\xe7\
\xfc\xe7\xa4\xfd\x8e?\x95\xd4\x89\x891*\xe9\x8eM!\
q\x0c\xd5?\x91\xc6R\xf2\x141q\xaf\x9e\xac\x19\xa2\
\x80\xe3 7\xab\xcc\xcc\xe6\x8c}\x16/Yf\xa48\
G)gd\xf4gc\xa9\xfbS\x143\xf3\xc6\xcd[\
\xe1\x0aE\xacX\xbd\xc6\x7f\x91\xee\xea\xeb\xaeG\x93V\
\xba\x98\xf2(V\xfbp\xfb;\xdf\x99V\x9c\x8e\x07\x8d\
\xa7\x9cz:~\xf2\xf3\xffAT\x08\xc9\x8d3\x82L\
\xb2ie\xc66\xa9R\x12\xefx\xc8B2\xc8\xfbE\
\xf7_J\xc0\x100^\xf5\xf7\x15#\xac\xe8\xaf\xfa\xd7\
J\xef\xfd\xaf\xff\x86\x0f\xbc\xf7=x\xd63\x9e\x06m\
zTJE\x8cs\x0d\x88\xb9\x01\xf2\xba\xd7\xbc\xda\x7f\
\x0a\xfa\xff\xbb\xdb\xddQ\xa6\x95\xa7\xc4\xfb.! \x0d\
\x0d\x88\xd8\xb6\xa9\xa9\x1a\xef\xf7\x90\x96\xde\x22\xaa\x95\x12\
\xca\xa5\x02\xc2\xc0\xc1\x19+\xe2\xd9j&\xe0F\x09\xa0\
8\xe6\xd7L\x19\xa3e\xafA\x80\xc4f\xd3\xa2W\xf3\
S\x89\x82D\xc0\xb5F\xf7K\x87V\xc2T\x93)M\
\x91\x10\xe8\x09x\xc9\xea$\x0a\xc4\x93kI\xad\xd9`\
~\xc3\x9a\x95\xc3x\xc6\xd3\x9e\xce5\xe9x|\xff\xf3\
\x9f\xb6z}\x8aS\xb2C\xc0<\x85Q\xf6\xe1\x90C\
\x0ea\x89\xfc\xcc%\x90K\xe0@\x90\x80;\x10:\xb9\
\xcf\xf5\x91\x0fj\xb5I\x8a\x96\xdc\x9c\x0el\x09\x18\xd5\
\x12)f\x8e\x0a\x87\x94\x0d\xd9/,\xed\xc0%m\x9c\
w\xcekq\xe3\xd8Dz\x8f\x7f\xba\x13\x95Z@_\
H\xd3\xf4\xd1\x83=\x9a\xbe{\xb5\x9b.\x05 \x0a#\
\xb8 @Be\xa0C^Q\xa1D\xce\xe0.z\x82\
\x9a\xdema!GMd\xc3\x96\x11\xbc\xff#\x1f\xc7\
s^\xf8B|\xed\x1b\xdf\xc4\xf5\x1b7x\xa5\x22`\
\xfe\x0e\xe1K\x0c\xe7\x01P;\xa6\x12;\xfd*\x9c\xf8\
\x83Z\xd3\xd0\xd0\x00B\x17P\x89m\xa1Cp\xd5\xe2\
\xaemDK@\xc4\xb6H\x91\xb9\xcf\xbf\xdc\x1d\x9b\xc6\
\xa7\xd2\xa3\x9f\xff<\x5c\xfe\xe1\xf7\xd9e\x97\xbe\x0b\x8f\
\x7f\xcc\xa30X\x09\xc9\x99\xed\xa75\xaa\xd5h\x89\x15\
\x15\xa02\x07>\xa1b\x12\x22\xa4e\x8a\x01\x80J\x0c\
\xe2\xd4;\x09\xfd\x95\xbeAl\x9d\x9aD\x8d\xcan\x95\
\x8a\xd9o\xff\xf8G\x9c~\xd6\xd9\xb8\x88\x16\xae\x8d\xdb\
\xb6a\x80\x0aM\xf7\x7f\xcd\xa40\x17B\x96\x86V\xab\
\x05g!\xa6\xb8\x93\x1bE\x11\x15\xfd>\xe8\x07\xf2R\
\x96j\x8d)\xb6\xbb\x85\x80\x80\xb0X,\xfa*\xf7\xc6\
\xc5\xccf\xd8\x9a\xcd\xfag\x22\xa7=\xd4e!R0\
s\xe5\x17\xa9\xbdr{I\xf3D\xe1\xcc\x95\xbf\x97L\
#\xce\x09\xd2MOh\xf1\x8b\xfck_M\x02B\xf5\
\xd9\x85\x8e\xca^\x9dJf\x8c\xe1U\xc3(\x96K\x04\
<\x1d\x8a<\xc5\x8a5\xeb\xfc\x8f\xe0?\xf9\xd9/\xe0\
\xbc\x8b.\xc2\xe5W|\xc7\xbff\x16\xb3\x82\x8c\xa4\x84\
\x8a\x00\x0e8\xe3\x13\x02-\xcd\xb7\xa8P`\x88\xa7@\
\x0e\xc7\x8d\x83\x0a\x04\x0e\x8e\x13\xa3\x9d\x021\xb3\xa7\x01\
\xf0\xbd\x9f\xfd\xc2\xffV\xe8\x9d\xefy\x1fF'&1\
\xb8b%&\xbc\x82\xdb\xe68\xf5sl:\x18\x1f\x1f\
\xe7\xfc\x8a\x11\x86\xa1\x1f7\x8da\x10\x04>\xdc\xa6\xb2\
;A\x90\xaa]~Y\xad\x8cUj\x1d\x95\xdb\xed3\
#xJ\x96\x9e\xd8\x96\x04\x9aO\xa9\xef\xa3d\xdaK\
\xcc\xba\xdb\xa7\x99j\x9fec67<\x9b\xb2\xf3>\
\x8a\xcbgV?+\xdcX\x00\xe5\xddjv(#\xce\
eZ?\xda\xbc\xbf\xdb\x94u\x93\x96\xcaM\xbc\x9f\x1d\
\xc1\xd0!G\x1e\x89\xbf_\x7f\x03\xce9\xef|\x9c{\
\xc1\xc5\xf8\xbf\xdf\xff\x99\xe3I\xd9\x93S:M\xc4H\
 F\xd0,\x81\xf1\xaf\xad{\xc5\xa9\xb6\x04\x097:\
\x9c9\xd6\xa4\xcc\x09\xc2\xc00P)\xa2\xc0\xb8'\xfc\
\xf7c\xf1\xca\x17\xbf\x18\xff\xdf\xdd\xff\x09/x\xf63\
\xa0\x7f\x0cz\xff\x7f\xf9g\xb4\xb9F\xa8\xb4\xf32N\
\x08n\x8a\x08- \x03`\xa0Z\xe1\xdcjy\xbf.\
1\xef\xeb6+\xe7\x90(\x88\xa8\xe8\xd8\x0e\x83\xd6\xad\
\xb1z\x1d\xef\xfb\xc8G\xfd\xff\x85\xfa\xc0\xc7>\x86-\
\x9c\x1be\x96\x9f x\x8a\x99;\xa1L\x03\xce\x87\x90\
\xf7\xad\xa9\xbd\x0c\xbb \x80\x16\x92\x84r\x88\x09r\x8c\
\xabV9,\xa0\x9f\x96!\xbdRY\xe7\xfd_`\xde\
{\xfc\xc3?`\x8c\x83\xfe\xca\x97\xbd\x14\xebV\xaf\x82\
^\xcb\xd3\xc7T\xf4%9\xa7\xc6\xf0~AF\x98=\
4\x7ffC{\xd3\x97\xf3\xbe\xf5$\xd0\x9d\xbd\xe0L\
\xec\xb6A\xab\x9bHwL7&\xbf\xee\x1f\x12\xd0H\
\xef\x1f=Yf\xbd0\xde\x5c\xc6\x07\x84\x96\xfb\xac\xe9\
\x5c\x8f\xa9\xe4u\x1f\xccf|\x14\x91\xb2\xb4\xc5\x5c)\
\x1a\xa2\xde\xb2\xf2/\x96\x7f_\x8b7\xeb\xf6\xd3la\
\xf7\x96l\xaf\xd9\xc2m0\xdb3\xf1\xbd}\xd1\x18\x89\
d\x85\x99\x1c\x1dC\x91\x8aa\xc4z&\xc7\xb6\xa0\x10\
$x\xf4#\xfe\x13\x1f\xf9\xe0\xbbq\xcf\xbb\xfd\x03\x86\
\xfbJp\x9c+\x01\xe7L\x81\xdb\xa2\x8e\x0a\x03q\x10\
\xf8l\xf7,\x03\x82\x9c\x949Z\xdc\xc5o\x13\x9c\x98\
\x0ba.B\x8b\x0frn\x9e\x22\x0e\x1c\x82B\x80Q\
\x02\x9e\xcf|\xe5\x0a\x9cp\xfa\xe9\xf8\xe0\xa7?\x85\x16\
\x15\x81\x0f}\xf4S8\xff\xc27\xe3\x1b\xdf\xfb\xa1W\
\x8c\xc2 D\x83\xa0\xa6C\xce.,\xc2EE*4\
\x09\xf4\x0aTH?\xa3\x91\xb4\xdaH\xa9tFA\x84\
\xc24`\x90\xa2Y\x0c\x80\x90\x19V\xf5W\xf0\xd8\x87\
\xfe\x07\x15\xea4]5X\xa5\xb2\x94 \xe4\xb3\x83\xc9\
(\x11l9\x8b\xa9X5\xe1\x15\x0cL\x1fT\xa8\xda\
\xdc\xd1m\x887\xdb\x90\xb8\x02&\xa9\xdc\xd5\xd9\x96J\
u\x007m\x1b\xc1\x05o}\x1b\xcex\xf5k\xf0\xeb\
\xdf\xff\x01C\xabW\xa2:8@ \xd7\x81\xb1\x7f\x22\
\xdd\x07R\x8a#\x96g\x14\xa8\xd7C_r\xd3\x8et\
\xbb\xd5`E\x09\x9c\xa3\xd8\x08$\xdb\xb4R%Tp\
b\x0a1#\x853bf\x98\x99\x9c9\xa4~\xf6\x92\
#C3\xf3y\xcdl&\xaf\xc6\xb6\x97\xb2\x043\x9b\
\xc9\xab\xb2)\xc3]\x02\xba\xaeyW\xf9\xcd\xe8\xe7\x18\
\x8a\x8f\x94\xba\x85(\x95\xa6\x1fp\xcd\xa0kj\x18\xe7\
\x88\x00\xb3\xc9%I\x09\x0c\xd8\xe7\x80\x8akB\x0bL\
\x87}w\x1c\x03\xe9\xa3\xed\xa4\x05)\xcd\xc4\x9fH\x5c\
\x80\xd8\x1c\x02Z\x0a\xfa\xd6\xac\xc1\x0d\x94\xf7\xfb>\xf9\
I\x14\xcd\xec\xa7\xbf\xfd\x93\x07=\x1d6*%Ia\
\xa5\xc31\xe4\xacc\x99\x94\x80Ga(1\x08\xfc\xeb\
J0@J*G\x19-\xfa\xaf\x1b\x1b\xc79\x04\xa8\
\xaf}\xe3\x85\xb8n\xd3&\x0c\x10\xe4\x949\xae1\xc7\
\xd7\xa8\xc4\x22u\xe8\xb4\x13\xb0\x05\x88\x82\x82w\x91\xb0\
\xe04\xa5\xd4\xd2E\x8e\xf2\x8e\x08`A7\xa6\x92;\
\xd3W\xdf\x86\x84\xcdHX\x8c\xe4}@*\x16\xd3~\
:`w\xc8\xdbf\x08;8\xd2i\xf9/\xea\x9a\xa1\
[+\xbc+v\x8b\xe6%\xaf\xde1T\xbe\x98\x0d\xcc\
(\xa1\x9f\xfb\x14\xa0\x91\x93D\xae\x0c\x04\xe4\x9f\xfa~\
\xc6PM1\x01I\xca\x0c\x1aC\x17\x060\xde'\xc5\
R\x1f\xef]Gp\xdfF\x81\xc0\xa8\xd27\x88_\xfe\
\xe6wx\xf5\xeb\xce\xc3\xbb\xde\xfb!\xfc\xf9\xaf\xd7\x80\
\x1d&\xd8\x03\xea\x0d\x8e\xa2\x01\x81\x1aJr\xbc\x87\xcd\
\x85\x90\xcb\x0b\xf8\x00b=L7\x87\x84\x00B\xf9*\
\x85\x00\x03\xc5\x10\xf7\xbd\xe7=p\xca+_\x8e'<\
\xe2a\x18\x8c\x0c\x05\x96\xaf\x06!\x94G\x83\x9d\x10x\
\xb1\x14\xab\xeaxj4&P`>c\xebRJ\xc7\
\x82\x04a\xc4\xdc\x0e\xbe-1\xcb\x9b\x01_\xbc\xe2[\
8\xe5\xf4\xb3\xf1\xc5\xaf_\x89\xeb\xb7l\xc5g\xbf\xf6\
5\x9cq\xee9x\xd7G>\x82\xb6s\xa8\xb1l\x87\
y\xdb\xa4\x04\xe4\xa4\xb1\x96,\x19\x06\x19\x04\x5c\xeb(\
\x12t\xd87c\xde\x80\x14Rv}Q\x84~\xcaH\
\xfdH[M<\xf4\xfe\xf7\xc7\x85\xaf{\x1d\x1e\xfd\xd0\
\x87\xfa\xd7p\xf5Z[1p\x9co@\x9d\x80[\x1b\
.\xc5R\x84\xd4\x12\x04Q\x08\x01\xb9\xd4\x1c\xc3\x22\xd0\
\x05\xb4f\xa5\xec\xac\xb1B\x11n\xe5\xc3\xcc(\x82\xc5\
\xe9Vn\xde\x0e\xab7[\xbc\xedf\xb6\xdb\xe5\xcdl\
\x17\xe4\xc3{\x0e)\xeb\x14\xc9Oo~\xde:\x12\xd8\
\x0b\xb5r\xd9\xd9\x0b\x5cs\x96;\x90@\x0a\xa7\xfbi\
\x07\xb9\xf2\xe4\xe5/\x01)4\x19\xa97\x99?s\xb7\
P\xf1;\xf2\xc8\xc3\xd1\xaa7\xa0\xff\x09\xf1\x0fw\xbc\
\x03N9\xf18<\xf2a\x0f\x05uR\x04\x04\x06\x02\
\x07\xda\xa9\xe4#\x97JD\x8a\x00F\x82?b*\x88\
\xdb\xb6\x8d\xc2\xb9\x10\x11-3\x8e\xc0g|\xaaF\xf5\
\x82\xc9\x5c\xe8\xf5\x9aHB\xef/~\xfb\x07*?\xe7\
\xf8\xcf1Op\x97\xff\xa0C\x0f#\x18\x01\x95\xa3*\
\xae\xbd\xfe&\x5cx\xf1[p\xf1\x9b\xdf\x8e\x91Z\x9b\
\xbc\x0c\x9b\xb6\x8ePe\xe0\x03\x9ee\x138\xcf\x1b<\
\xda\x04Tz\xc5(*\x96\x01*\x14\xbc0v\xfaL\
\xe9\x92LDo@\xa2\xae\x03Q\xca\x9dhcX\xf9\
\x8b\x04H!\x95\x9e\x94\xe5S*.\x09\xd3\x9a\xf5\x96\
\xaf\xa3X\xe2n0\xb5\xa0\xd1\xda\x14\xe4\x9f\xa4\x15\xe8\
\xb2\x8f~\x14\xc7\x9cp\x22\xbe\xf9\x9do\xa3op\x08\
\xc3+W\xa0E\xc5J\xbf\xe1`U\x9e\xab.f\xdd\
\x1a\xe4\x17\xa9\x1dr\x17\xa6\x04\xd4-\x17N\x9a\x8eM\
3\x85j:\xbc7\x1d\x8d\xd1\xce\xf073\xcc\xef\xd7\
\xc2e\x13\x9f/\x03@\x92{F\x19\xa0KX\xa1\x99\
\xf1\x0a\xa4\x1cc\x91\x00\x8f\xa8C\xd0\xa2\xd7\xa4\xfe\xe3\
i\xcfI\xdf\xf9\x9e\xf7\xe2\x1d\x97}\x04\x7f\xfe\xdb\xb5\
~NDT \x1b\x1c\x17\xb3nY\xa3\xc2H\x06\xe8\
\xce\x07\x07Yd4.\x8d8\xa5E.\xc6\xfb>\xfe\
1\x1c\x7f\xea\xa9\xf8\xf6\x8f~\x84\xfe\xe1\x15\x1e\xe8\xb4\
)\xdb&\xadu`\xbd \xd0A\xcfa,\xbc\x10\xf5\
d\x99\xe3U\xde9\x11=\x81\xa4\xc7\xbf/z5\x07\
3\x9a\xdf>\xf5\xab\x97\xe6\xa7+\x9cR~\x22\xc91\
S\xcc\x13sH\x8c\xc3A\xa0p\xc5\x95\xdf\xc4\x05\x17\
]\x8cO|\xe6r\xd4\x1a1\xca\x95\x10M\x9a\xda\x9a\
B\x0ed`\x81A\x1f+\xa0\x17N\xe5xO\xcar\
\xd6\xe2\xe6\x806b\x04\x1e\x16%\x8e\x13o_\x82\x22\
 \x0c\x0c\xc5\xa8\x80\x94\xe5k\xbcw[\x04\x17\xe5R\
\x89+\x15\xd0\xa0\x1f\xe0\xfd\xc6P\x8b\x96 \x81kY\
]\xff\xf0\x97\xbf\xe1\xc4\xd3\xce\xc6'?\xfdY\xffz\
\x9e\xee\xed\x95k\xd6\xc3\xd1J\xf5\x97\xab\xaf\xc5\x97\xbe\
\xfeu\x9ct\xc6\xe9\xf8\xe1\xcf~Fx\x01?\xc5\xf4\
\x19nc\xbf\xc0\xb9\x17s\x0d\x98\x9c\x98B\xdcI\xb8\
v\x14\xe07^8\x97\xda\xb4V%\x04\x88Q\xe00\
59\x8er\x18\xa2\x8f<\x9b\x8d\x06V\xd32\xfd\x8a\
\x17\xbd\x10\xfaj\xdb\x00\x81\xfd\x96-\x9b\xfc\xba;4\
<\xc0~\xb40I\xd0#Y\x14JE9\xbeNv\
\xd3\xfb\xf3\xcb~(\x01\xce\x17\xc0\xcdv\x8c@\x17\xa2\
\xd9\x98\xdc\xb7\x9fH\xa0g\x94\xf7\x93\x1e\xe5\xdd8\x90\
$\xb0\xcf\xf7U\x0as/\xa9\xc1\x0a\xcb\x15\xf5\xf5\xf5\
\xf9\xd7\x8a\xb4K]\xadVq\xf4\xd1G\xe3\x1f\xff\xe1\
\x1f\xb1r`\x05u\xc7\x84\xcft\xf3\xa4\xbc\x223C\
J\xeb\x8e\x94\x19\x85\xb5\x03\xa9\x1f\xe1\xd7\xa9|\x8e\x8c\
O\x00TX\xaa\xd5\x0at4\xa9\x04\x8c\x8c\x8f\xd1r\
s1\x8e%X\xf8\xfd\x1f\xfe\x84\xc3\x0f?\x12E\x02\
\x95\x91\x9118\x17\xa2T\xae@\xaf\x8b\x1cr\xd8\xa1\
\xf8\xfe\x8f~\x88\xa7>\xf5\xa9\xf8\x22\xad?\xabW\x0e\
\xa3F+\xcb\xe8d\x0d\x01wo\x13\x80\x00\xa3\xed\x95\
\x8a\x84\xe0dr\x92u\xb1\x1d0&\xec\xe0tTN\
\x02*\xcf-*!\xf5z\x1dr\xf5JKB\x85\xd7\
\xd8\x06\x90\x7f\xa1\x5c\xf2\x0aM\x93\xca\x92\x94gn\xe4\
\xe3\xeb\xdf\xfa\x0e\xce<\xfb,|\xf5\xabWPi\xa9\
\xa3\xafo\x00f\x81\xf77\xd8_Kg+6\x9b\xdb\
\x103\x83\x99\xcdf\xd8\x09_\xca\xf6\xcc\xcf\xa6\xb8\xa5\
h~\xfe=\x1d6\xb3\xed\xfaaf7\xbb\x1a\xb3\xed\
\xcb\x9au\xe3\xd4\xcf^\xc6f\x86\xfe\xfe~\xdc\xb0\xe1\
F\x5cy\xe5\x95\xb8\xf4\xd2Kq\xe5\xb7\xbf\xe7\xb3\x94\
J\x05\xce\x1f=>\x1c\xdd\xc0\xc7\xa5\x1c;y\x02\x8e\
\xb5\xdck\xaf\xbd\x16\xa7\xbf\xea\x0c\x5c\xf1\x8d\xaf\xd3\xda\
\xd3\x80^;s\x9c\x0b\xe3\x9c\xa7\x9a\x07\xf3\xebS\x19\
\xb3n[\xe4\xcfi\xc7\x12\xd0= \xea\xcdi6+\
C\xddk\xe3\xabd\xf0\x02\x00\x00\x10\x00IDAT\
\xe3\xe3\xf8\xc0G>\x8c\xe3N:\x11\xdf\xf9\xe1OQ\
,\x1a\xc2\x08\x98\xa2\xa5\xb7\xd1l!e~\xdd\xdf1\
R\xb8 @\x1f\xc7<\xe2\xc6I'I\xc9\xb6;\xc6\
\xf4,z\xf2\xf6\x9dI3\x8eo\xa5RE\x81\xe0\x22\
al\x0a\xe3\x9aQ\x86\xc0\xedD\xad\xbb\x96l\xd8\xbc\
\x05\xef\xfd\xc0\x87\xf0\xaa3\xcf\xe6F\xcb\x0d\x5c\xff\x1a\
\xd0\xad'\xa0!\x92\xe5\xae\x9fV\xdbr\xb9\x8c\xab\xff\
v\x0d.x\xc3\x85\xa8\x9a\xd9o\xff\xf4'(Mk\
\xc4\xd8\xc4$\xd8X\xb6\xb5\x8a rP?Z\xed\x16\
kd\xb4\x85\xd0z*0\xe4\xd7\xd7F\x1d\xeaJ\x85\
\xe0\xabI\xcb7\xf7Rp\xdf\xfb\xdc\x07\xe7\xbe\xee\xb5\
8\xf2\x88#X\x7f\x9d\xed-\xf82\x9a\x93\x19\x09\xb4\
\xb3Z,E\xbe\xc2\xfc\x92K \x97\xc0>/\x01\xad\
d\xfb|#\xf3\x06\xe6\x12X\xae\x12\x98\xff\xa0T?\
z\xe3\xaa\x048\xb5\xc9)l\xda\xbc\x11Oy\xcaS\
p\x07>|\x0d\x86\xc9\xc6$\x8a\xd4H\x1c\xfds\xad\
\x80\x8c1\x13\x1b\xff\x00O\xe9\x93%'\xa2\xf290\
\xd0O\x05\xa6\xc3=T`\xe3\x96m\xf8\xe4\xa7>\x83\
\x17\xbc\xf0h\xfc\xe1\xcf\x7f\xc1Q\xb7\xbb\x1d\x06\x86\x86\
126JP\x91\xa2\xd2\xdf\x07)3\x02M\xc5R\
\x19\xdb\xb6\x8dxK\xca\xda\xf5\x07\xe3}\xef\xff \x8e\
9\xe9T\xfc\xfe\x0f\x7fD\x7f_\x05\x02<R\x10\x82\
\xb0\xc8]\xda6\xb43\xdb\xd7?\xc8\xfa\xd9\x8e\xd4\xb1\
\x05\x8b\x9f\x09\x15`)\x0f\xcaQ(\x14 \x05&*\
\x14\x10P\xa9rA\xc4\xb6\x80\xed5\xd6QG\x9d\xe0\
L\xca\x92^\xc1Y\xdb\xdfgoy\xfb;\xf0\x9b\xdf\
\xfd\xc1\xd7\xb3r\xf5*\x96\x89P#X\x92\x12\x22\xb9\
\x999\x98\x050c;T\xc14\x99\xcd\x0dOG/\
\xe8dm\xcb\x12\xe7\x87\xb3\xf8[\xdb5\x9b\xdb'3\
\xdb\xae\xdf\xdd6.~5\xb39\x89f\x0c\x13\xb0\xa6\
t\x94\xa0\xb9\xa0\xfe\x9b\x99\xe7\x9d0R\xe3\xb4j\xd5\
*Hi\xfc\x13\x95\xcd_\xfd\xeaW\x8c\xed\x9e\x0d\xee\
\x94K\xa9dn\xc0x\xba\x10:\xcc\x0c\xcdf\x8c?\
\xfe\xf1\x8f\xf8\xc5/~\x81\x98\x13fxx\x18\x01\xc7\
[?Z\xef\xd0\x1cP\xa9T\xa0z\xcd\x0cf\xa6b\
3d67<\x93\xb0\x0fz$\xaf\xa5h\xaf7y\
\xde.tJ\xd9\xa5\x14_\xcaq\xa5`\xb1\x82c\x97\
\xd0?\xbcr\xb5\xbf\xf7\xcf9\xf7<\x9cp\xfa\x99\xf8\
\xe5o\xff\x88b!@\xb1X`6\xc7{\x0c0\xfe\
i\xcc;q\xc7[{\x02\x17`\xc9\x83u;\xc7\xfb\
\x97\x85:\xbcw\x05(\x00F\x90b\xf2jq\xc7\x22\
F\x88\xd1\x09n\x8cX\x84R\xa5\x0f\x9f\xfc\xfc\x17q\
\xca\xa9g\xe0\x9b\x04\xcdiP@\xa5\x5c\xf5s\xabD\
 \xa2\x09\xd1\xd2+\xba\xec\x80#`\x01\xeb_{\xd0\
\xc1\xfeC#\xf7z\xf8#\xd3\xd3\xce<\x13oy\xe7\
\xa5\x10X\xaa\x0e\xf4\xd1zm\x18\xe1f\x8c\xfeGT\
\x81\xfd\xd0z\xc2\xa2\x00\xfb\x1b\xd0\x9a#R\xfb\x03s\
`\x0fa\x0ch-U\x0b\x0b\xbc\x1cv\xf0\xc1~s\
\xa7X,B\xff'\xca\xcc|[\x04\xda\x1b\xb5:\x04\
\xacX$?s\x09\xe4\x12\xd8\x0f$\xc0[~?\xe8\
E\xde\x85\x5c\x02\xfb\xa8\x04\xcc\x0cf\xb3\xa4\x9d\xed^\
j6\xb9\xebH@\xa0]\xef\x7f\xfd\xb7{z\xe5_\
7\xa5\x14zu\xc9\xcc\xe4p\xe73\xed\x12\x83z\xa0\
\xa7\x8c\xa5\x8e\x81\x89z\x1bzO\xbfA\x85Ro\xa6\
\xa4\xd4>\xae\xfc\xde\x8fp\xee\x05o\xc0\xc7>\xf5i\
D\x042S\xb5\x06\xb4\x13\x9a\xf2\xa1_\xa4%'\x85\
\xc1\x7f\x0e\x96\x96\x1bYH\xb6\x8c\x8cB\xaf\x8c\x0d\x11\
\x0c\xb5:\x1dZz\xfa\xb1\x99`\xe9\xdc\xf3/\xc0\xeb\
/z36n\xd9\x82\x94\xf5\x8d\xd7\x9bpQ\x11.\
,\xa2\x95\x18\x04\x96\xc8\x8a)\x8b\x9f\xeak\x87<\xf5\
*\x8bx\xa4^\xedph\xb6;\x98j4\xa9\xb0\xc0\
\xf7\xb9\xd2W\xc6\xa6\xad[\xfd?\x05=\xf9\xf43\xf0\
\xef\xff\xfd\x844(\x96p\xf8\x11\xb7a}\x11\xc6\xc6\
&\xa0W\xe8\xcal\x7fA\xbb\xc6\xd4\xach`\x9aS\
\xb1\x99\xc1\xcc\xe6\xc4\xedL SV\xb3\xbc\xf3\xc3Y\
\xfc\xad\xed\x9a\xd9\xcd\xea\x9f\xd9\xdcrf\xb3a\xb3Y\
\x7f\xd6?\xcd/\xf9\xcd\xcc\xbf\xd6\xd3l6\x11D\x11\
J\xb4\x18J6Jks\x87\x5c\x0aj\xe2g\x86b\
8k\x99_>6\x92c\x9ab\xe3\xe6M8\xe8\xa0\
\x83\x184l\xe1\x1cj\xb7\xdb\x1e\xec\x06\x04\xbaf\x01\
\xe28\xf5\xd9u13\x98\x99\xbc\x9e\xcc\xcc\x87\xcd\x96\
v}\xe6\x03\xfdB\xd0\xd1+\x023\x03\x5c\x00\x01\x9e\
&\x81KD 0NK\xac>/\xbf\xfa\xa0u\xf8\
\xed\x1f\xff\x84\xf3.\xbe\x18\xefz\xff\x87\xb0a\xeb6\
4y#\xa9\xc8\x14\xc1k\x83c\xe4h\xaa1\x96\xd7\
\x17\x0d5B\x222d\x15\x1cc^\xe7\x9f\x1aWo\
\xa5\xb5n\xca\x187ot\x7f\xbb\xa0\x88:\xeb\xd7\xc6\
\xc8\x0f\x7f\xf6?x\xe9\xb1'\xe0\x03\x1f\xfe8&[\
\x1d\x94\xfb\x0614\xbc\x02\xaa\xa3\xc6\xf5I\xbf\xd7*\
\x14J(\x95*db\xb4\xb640N 3\xca\xfb\
>%p\xd1k\xb7\xe5\xfe\x01|\xe9kW\xe0\x98\x13\
\xc8\xe7\xe3\x9fD\x8bsOk\x1f\xd8,.G\xd0\xa7\
\xca\xb5\xf1\xa3\xf9\x1bD\xa1_/eA,\x16\xb9f\
\x99\xf3k^\x89\x00O\x90\x9c]\xa6\x85x\x0a\xf7\xbd\
\xe7\xff\x87\xa1\xa1!\xa8\x0ff\xe6\x01\x8e\x99y\xeb\xb3\
\xc3t\x87\xd8\xa2\xf9\xa7\xea\x13\xcd\x8f\xcf\xc3\xb9\x04r\
\x09\xec\x9b\x12p\xfbf\xb3\xf2V\xe5\x12\xd8\xff$`\
f0\x9bK!\x95\x8aN\xab\x89\x83\xd6\xadE\x99\xca\
}\x87;\x9b\x9d\x84\xca@X\xa22\x18{!H\xc1\
\xec\x92\xf90\xf5|HO\xd4\xab!\xc5r\x040:\
\x0c\x0d\xbf\xfb\xc3_p\xea\x19\xaf\xf2@\xe7\x9ak\xaf\
\x87vR\x05b\x0a\xe4\x9b0S\xadQ\xc7T\xbd\x86\
\xb6\x0as\x17\xde\xa8t\x86\x85\xc8+\xa0\x16\x06hR\
\x09is\x876e\x1bC*\x1e\x95\x81A\xfc\xec\xe7\
\xbf\xc0i\xaf:\x13\xef\xfd\xc0G\xd0$h\xd1\x03~\
\xac\xde H1\x0fB\xb0\x13GHE\xb9X(B\
;\xfau\xf6\xb5\xc6\xf2\x08#\x14JE\xaa+\xb4B\
\x8dM\xe2=\x1f\xfe\x18\x8e?\xf9\x14<\xe4\xa9OO\
\x87W\xafAup\x08R\x92&\xa6j\xbe\xaf\xe5j\
\x1f\xba\xd6\x1c)\x22\x1dH9\x12\x90\xca\xaa7\xb3\xcc\
\xeb]3\x83\x99y\xff\xce^$\xe3\xde\xbc\x0a\xef\x88\
z\xf3\xef\x0d\xbf\x99m\xd7\x0f3\xdb\xe9\xaa\xcc\xe6\xe6\
5[8\xacq\x15\xd3t:\xd9\xcc|\xbd\x9a\x1f\x02\
\xde\xb2\xe2t8\xfe\xa7\x1f\x7f\x8cW\xad\xa3(Pv\
\x84T\x8c\xe5\xd1o$\xa8]\xca\xeb\xa9T\x0c}\xf9\
\x89\xf1)\xef\x96K\xdd\x1d\xfc\x80sN\xe0)\xe1\xc8\
\xf7\x8e\x9f/\xc4\x8b\x99\xf1\x9a\x9f\xbb*\x013\xf3r\
63\xa4$3\x03\x5c\x00\xfd\x8f\xa5q\x82\x8f\xca`\
?\x8a}}\x1e\x5c\x0c\x0c\x0fA\xf7\xfb'>\xf3i\
ZYN\xc3\xe5_\xfa\x0a\x01H\x1b%ZW\x8c\xd6\
\xb7V\x1c#e\x03*\xe5\x12\xad\xae\xf4,qjN\
\x14\x8b\x11AB@\x80\xd0\xb5*\xf7\xf5\xf53\x5c\xc4\
\x14\x81\xd3\xe6-#8\xff\x92Kp\xde\x85\x17\xe3\xef\
\xd7m@\xa4\xfbx`\x18\x85J?n\xdc\xb4\x15U\
\xba\x8eu\xb6i\x05j\xb4[\x5c\x9b\xc4\xc3A\xebO\
\x7f\xff\x00\x12\xf6c\x8a\x9b,\xda\x90\xd1\xab\xba}\xdc\
\x90Ih\x11\xfa\xe2\x15\xdf\xc0s_t4~\xf6\xab\
_a\xe3\xb6Q\xaeG@\xb5\xbf\x1f\x15\x02rc\xbf\
\xdb\x5c\xe3Z\x9d\xb6_\xdb\xc0#\xa15\xd1\x7f\xb0\x84\
\xfeZ\xad\x896\xd7\xa0\xe1\xfe*\xa4\x00\xad\x18\x1cB\
1\x8c \xf3V\x9b\x1b0\x9a\xefA\x10\xf8\xf5\xd7\xcc\
f\xe4j\xb6\xbd\x9f\xec\xf23\x97\xc0\xb2\x93\xc0\x81\xd8\
`\xdd\xeb\x07b\xbf\xf3>\xe7\x12\xb8E$\x90)\xcb\
\xaa\xac\xd7\xaf\xb0H\x0f\xd5\x22w\x1e\xa5\x00\x0e\x94\x8b\
\x18\x1f\x1fC\xd1\x85\xe8tZT$\x03\xff!\x0b\x95\
\x8b\xf9\xb0\x96\x82\x98\xa4)\x15\x00\x10\x00\xa4 .\xf1\
\x0f\xf9_\xff\xf1\xaf\xdc\xa9}+\xcez\xed9\xf8\xe3\
U\x7f\xc5\xd0\xaa\xd5T&\xaa\x00\x1f\xd8\xb5V\x0b\xe3\
\xf5:\xb4\xd3\x1a\x15\xcb(\x96\x19\xef\xf8 O\x95\x1c\
\xa16\xd5\x80\xb1>)\x12\x13\xb5)\x14\xa8\xe0D\x85\
\x02\xad.\x044T\x18\xca\xd5~\x0f<\xbe\xfa\x8do\
\xe2\xb8\x13O\xc2g.\xff\x0a,\x8a\xe0\x1cPo'\
^)\x82\xb1'\xf3\x09\x09#\x13\x08`\xd1\xe3O3\
\xe7\x95\xa02\xeb03\xee(\x03\x9f\xff\xea7\xf1\xea\
\xd7\x9d\x8bO|\xe6\xb3\xdc\x05\x8e\xb9\xe3\xdb\x0f\x17\x15\
\x00\xb6qdt\xcc\xbbE\xb6;M\x0d#c\xe3\x98\
\x9a\xaa\xa3X(c\xa0:\x00\xc7v\x9b\x19\xcc\x0c\xbd\
\x87\xd9\xdcpo\xda\x8e\xfc\x92\xf5\x8e\xf2\xdc\x1a\xe9f\
s\xfbdf\xdb\xf5{G\xed2\xb3\x05\xb3\x98m\x1f\
Oq{\xfeRf\xf5\xcaY\xc0\xb9T\xe0\xbcx\xcd\
\x85\x17)\xc9\xf3\x99\x98\x9a\xf4\xee\xcc%\xe0\xa4` \
\xed\xce\x0ab\x9f\x94\xe3\x1dA\xe5[\xdc\xe1\xd7+\x94\
\x93SS(r\xbe\x0f\x0c\x0c@\x87\x99\xf9z\xe4\xcf\
\xc8\xcc2o\xee\xee@\x02\x9a\xaf\xa2,[j\x0e\xa2\
\xee\xdd\x07\xf4\x0d\x0e@\xbf\x7f\x19\xe5\xbd\xb3md\x84\
\xf72\xef\x9bB\x91\xf7n\x07\xeb\x0f9\x14S\xcd\x16\
\xde\xf3\xde\xcbp\xf2)\xa7\xe2\x87?\xfd\x194\x84\x1a\
\xeb\x1a7>\x9a\x04\xb7\x19\xdf\x197\xe5\x18\x8b\xa6#\
\x9ccx\xda/\x88\xc4e\xc5\xdf\xf9\x7f\xb8\xeao\xf8\
\xc4\xa7?\x87\x17\xbe\xe4\xe5\xf8\xf9\xff\xfe\x1aE\xae#\
\x03\xc3+Q\xee\x1b\xc2\x1870\xb6\xf0\xde^\xbdf\
\x1d\xc1X\x8b\xa5\x1d\xd7\xba\x02\x0c\x01\x92\x98\x98\x83\x96\
nYZ&y\xaf\x17x\xef\x0fp\xd3\xa5L \xa3\
\x0fg\xd4\x08\xa0\xf4\x9b\x9d\x06-\xc3\xdb\x08\xa4\xcf|\
\xcdkq\xd8\xcaa\xfb\xe9/\x7f\x8d:\xdb\xac~7\
\xb5V\x92G!*\xa1\xe9\xbf\xc4\xc06j\x87\x88\xa4\
\x99\xd5_)\xa2\xbf\x8fi\x8d6d\x0d\xef#\x08\x04\
\x0f\xf5\xa5M\xfe\x19\xd8a\x14\xdb\x04O\xc8\x8f\x5c\x02\
\xb9\x04\x96\xb5\x04\xb8\x0a,\xeb\xf6\xe7\x8d\xdf\xab\x12\xc8\
\x99\xef\xae\x04\xa4\x88,F\x96\xa6\xdc\x0dm\xf1\x81\xdc\
\xc4A\xeb\xd7\xa3\xcd\x07\xf4\xba\x15+|\x95\x11w\x1a\
\xf5{\x08\x1f\xe0%\xe3\x11#\xd5\x06$\x15\x0a\xba\xf4\
_\xfc\x96K\xb9k\xfaF\x5c\xf9\xdd\xef!q\x01*\
}\x83\x88\xf9P\xefp\xa7T\x96\x94\x84\x8f\xear\xb5\
\x0aQK\xc0\x87\xbb\xbcR`\xcd\xcc\x7fp (D\
~\x07\xb3\x5c.\xa3T\xaeB\xaf}\xe8]\xfb\x12w\
`\x8d\xfc\x22\xee\xf6N\xd5\x1a~\xa7U_B\xfa\xe8\
'?\xe5\xff\x17\xc6\xd7\xbe\xfd=D\x91c;\xd8\xb8\
%\xcer\xa9\xecS\x13^[T\x9eX\xad/\xf3\xc3\
\x9f\xfe\x1c\x03\x81\xd9{\xde\xff\x01l\x1e\x1d\xc5\xea\x83\
\x0eB\x89;\xc2q\xea\xd0`>\xbd\x22W\x19\xec'\
\xe8K\x08\xd4Z\x803\xf4S\xe1)\xd3B\xa0\xf6\xab\
\x9d1w\xa0M\xda\x15yg\xa7\x99e\xde\x9dr%\
\xd7\x9d\xca\xb8\x0fd2\xdb\xb5\xbe\xed\xa8\xc9f\x063\
\xf3\xe3\xa1\xbc3(F\x81i\x12\xc0\x91\x028\xca1\
\xd2\xef\xaf\xce<\xe18\xe3\xd4\xf2e\xfa8Gbj\
\xa7\x1a\x02\xebUz\x09\x92\x15\xd7\xe0.\xb9\xc6\xa8\xdd\
\xa6\x06K~U\xcdC\xce3\xcdC\xfd?$\xf1\xd5\
\xbc`\x92o\x87\xdc\x8c\xcc,\xf3\xee\xd3\xae\xe6\xcfR\
tk7~\x8a\xe0\xb2Nkju\xa0\x1fU\x02L\
}$\xa0\xa6\x7f\xba\xc9\xfb\xbe\xc9\x81\x8ch]]{\
\xc8A\xd8\xb0i3\xdep\xe1\x1b\xfdk\xa4\xda0)\
\x16B\x84a\xc8\x15\x86\xe0\x83\x9d\xd0x\xd2\xd9\xee\x14\
@P\x1d-\x02\x8d\xa2\xe7\x99\xe2\xf2\xaf}\x1do\x7f\
\xd7\xa5\xf8\xcc\xe7\xbf\x80U\xeb\xd6#\x08\x8bH\x5c\x80\
6\x99L\xd1\xa2\xc2\xc5\x04\x05Z\x9b\xb7\x8e\x8d\xa1\xc3\
{8\xe4\xe6IX,pN\x19\xf4)t\xe7X7\
\x01\x99x\xeb\xcbp\x93\x04=\x1d\xce\xa9\xb0XD\xc8\
\xf5\xc8\x05!\x1c\x81w\x99\xeb\xc107v\xfe\xed\xe1\
\x8fN\xcf8\xfb\xd5\xb8\xe8\x92\xb7\xe0\x0f\x7f\xf9+\xdb\
L\xb5\x86\xf5\xa9\x9f\x05\x96\xd1\x5c\x0b\x08\xd6K,+\
\xf0\xd3\x99\x9e\x8fjo\xc8\x1e\xbd\xf5\xac3\xad\xc9v\
E.@H\x0a`\xect\x8a\x80e\x98\x9c\x9f\xb9\x04\
r\x09\xec\x07\x12\xe0\xaa\xb0\x1f\xf4b\x19w\xc1\xcc`\
f\xdb\xf5 {\x80n\x970/\xc2\xcc\x96,o\xd6\
M7[\xd8\xcd\xeaY\xcc\x9dW\xdd\x1e\x0f.Vo\
\x16\xbf\xc7+\x9c\xc70\xabgo\xb9\x8eJ\xa0h^\
\xb5~\xcc\xcc\x0cJ\xd3C5\xd6C\x9fy\x0d\x80\x88\
\xdb\xe2(\x06\x11\x02s>,\xc5#\x03@a\x00|\
\xec\x93\x9f\xc0\xf3^\xf0|\xff9\xe6I\xee\x94V\x07\
\x07\x810D\xcc\xdcz\xc7]\x9f\x0dN\xe8\x07y\x0a\
\x1cx\x85\xd3\x05\x04(\x11\xcc\x0c\xb2\x10\xa9nQ\xea\
\x0c\xcdN\xdb+\x1aAX\x80\x94^}\xd6Y\x8aG\
\xa3\xdd\xa2\x12B`\xe5\x80\xa8P\x82^\x8b\xdbp\xd3\
&|\x94\xa0\xe7\xf8\xd3^\x85\xebn\xd8\x08\xea0\x90\
eH.x\xb4\xdbM^\xe1\xdf\x83\xa7\xd6@\x85\xa6\
\xe3\xc3\x850\xc4\x8d\x9b\xb6\xe0\xc27]\x82w]\xfa\
\x1e<\xf8\x89OK\xabC\x03,ohq\xa7\xb6E\
\x19t\x08\xd4\x128hw\xbaE\xd3\x95cg\xcd\xd8\
\xde\x18\xfe\xd55\xc9Icef\xbe\x1f\x9eq\xcfE\
\x0ay/\xf5$\xcdxU>#\xf5\xdfl.\xaf,\
M\xeeL\xa1\xcc3\xcf\xed\xadK\xf9w\x95\xe6\xb1\xdb\
.8\x9f\xdf\xfc\x0cJ\x9f\x1fg\xd6\xed\x8f\xd9\x5cW\
\xf9\xccf\xe3\x14\x8e\x09\xb8\xe5\x9a\xcd\xc6\xa7\x8c\x10_\
\xf5\x8d^Hi\x94u\x80\x02W\x10\x81\xe3\xa8*\x13\
C\xc69\x05p\xbc4iR&0.\x0c\xbb\xae\xf2\
\x1b\xc7/F\xea\xe7]\x8b\xbb\xec\xc4\xf3\x88\xc2\x22\x9a\
\xdcU/p\xe7]u\x88T\x1f\x8b\xce\x9cf\xc6\xa9\
\xeb\xc8\xc2\x96$\xec\xe00\x9b[~\x07\xd9w9\xd9\
l.\x7f\xb3\xb9\xe1\x1d1T\xbf{iG\xf9\xe7\xa7\
\x9bu\xeb\xcb\xe2\xcd\xa6\xc3\xbc\xa7A\x0ax?\xbb \
\xe2\x06\x08H\x09\x04,\x820\xe2\xfd\x0f/\xd7\x94\xe3\
\xd7 P\xe9\x1f\x18B\xb9\x7f\x00\x0f{\xf2\xd3R}\
\xfd\xec\x83\x1f\xf9\x187C\x12\x96\xc1\xcc1=Uf\
\xc2Z\xa3t?:\xae1\x85B\x88_\xfe\xfa\xd7\xe8\
\x0b\x9d}\x8ck\xd3U\x7f\xbd\x1a+V\xae\xa6\xe5\xa8\
\x89\x0e\xdb\x94\xb0\x9e\x18\x06\xdd\xd7Z\x97\xe47\xb6\xc3\
\xb8&h\xed\x91e[\x8c\x9d\x0b\xa1\xf9\xa05\x0bp\
\x04Ee\x84Q\x11\xb0\x00\x09\xe7\x98'\xc6\xc7\xf47\
\x93\x0e\x8c@\xa9<0\x80\xa1\x95+\xf0\x9d\xef\x7f\x0f\
'\x9fv*\xae\xfc\xf6\xb7\x98=@D@\x15\x13\x8c\
\x17\x09x\xc43%\xb8+F!\x22\xceIp\xfe\x06\
\x0e\xe4\x04\x9cq\xd1\x9b\xd2\x80\xc0\xc6\xcc`fP\x9f\
\xc2\x90\xed\xe8\xc4\x98\x7f\xb0\x98\x8a\xceD\x9bu\xcb\xcc\
DL{\xb21\x9d\x0e\xee5G\xfdZ\x8a\xb2v,\
\xe6\xee\xb5\x86\xedE\xc6\xbd}\xd9S\xd5\xcc\xe7\xa9\xf0\
\x9e\xe2\x9d\xf3\xd97$\xc0\xdb}\xdfhH\xde\x8a\x5c\
\x02\x07\x9e\x04\x12\x80\xa6\x09K\xe9\x12R\x18\xba\x87n\
J\xc7p7\x04t\x7f\x17\xe1\x08d@\xe0\x90R\x81\
\xe8\xe0\x05\xcfx\xaam\xda\xb2\x0d0\xe6\x0c\x0cR\x22\
\xf8\xe8\xa7\x0b_R\x1cS\xcb8\xc2\xc7\x9b\xcd\x861\
\xef\x98\xb3\xb8\xa7\xce\xa7\x8a\xa7\xe2\xe5B\x9aA\x14 \
,\x10,\x15\x0a\xd0\xebi\x1b6m\xf4\x0aF\xad\xd6\
\xf2J\x82\x0a\xf9\xddzi\xb4\x0cDQ\x84&w\x95\
\xd5\x16Y\xadF'k8|\xedj\xfb\xd1\x8f\x7f\xca\
\xf2-\xf4\x0f\x0eS\x81\x01\x12#I\xed`\xbd\xca\xcb\
\xa2\xc8\x5c\xf5Adf\xbe\x0e\xb3\xb9\xae\xf2\x1e\xc8d\
f{\xa4\xfb\xe94\x1b)s\x19C\xc5il\xb2p\
\xe6fc\xd3\x0dw\xe7J\xd7?{\xcd\xf8\xa4d\xe2\
\xe7P\x16\xc1,\x8cB\xea\xcc\x8f'\x83\xbbu\x9au\
\xf9\x98-\xec\xee\x16\xf3\xfd\xae\xf0\xdc\xb1\x92*\x9fp\
\xfdh')Z\x04\x05z}T\x9b\x19\xdb\xc6\xc6\xf1\
\xb5+\xbe\x81\xfeH\xff\xe5\x0b\xd0\xd0i\xcc\xe5\xa6>\
4+\x18\xe7\x1cJ\xb4\xd6)\xfd7\xbf\xfe\x1d\x1e\xf9\
\xa4\xa7\xa4Ij\xa8\xf6\x0f\xfa\x0d\x8c\x94\xfc\x13\xde\xdb\
\x8aK\xa1u\xaa[Va\xf9R^\xf42,\x8b \
\xbd\xe2\xf6\x07\x00\x00\x10\x00IDAT1\x06\xfc\xe9\
`6\x13\xf01\xba\xa4\xe4c\xd6\xe5\xa1\xfc\xb0\x00\x93\
\xb2:G\x05\xa8\xedz-\xaeA@\xfd\x95\xaf]\x81\
\x1bo\xda\xa8\x22Ht\xe5\x5c\x93c6\x97\xa7S$\
)\x80\xc11\xcd\xd8\x18}\xad\xcd\xbb\xc8\x8f\x5c\x02\xb9\
\x04\xf6'\x09d\xf7\xfb\xfe\xd4\xa7\xbc/=\x12\xe8*\
\x1a|D\xa5\x0bSO\xd6\xdc{+H@\x0fZ\xb3\
\xd9\x87\xf0\xac\x0f|\x04c\xe6\xe8\x8e#P(\x17\x10\
{pD%\x84\x99M\xbb\x94.DJ\x1e)\xc3\xb1\
\xc6\x99.\x9f\xde\x10)N4\xff\x9fK:>\xd1\xbb\
q\x80%)\x1c\xd5\x02\x11\x03\x8a\x80\x0e_\xa7\x01\x16\
0\x85\x8a@\x9b;\x9dRH\x02\xeez\xb6Yfd\
t\x1c\xcfy\xca\x13Mm(\x16#\xe8p\xceA\xbb\
\xa2 \xbf\x94\xf0\xacX(B`-d|\xb5Z\xc1\
\x13\x9f\xf3\x82\xd4\x82\x08\xfa\x00Abd\x0e@\xb5\xab\
\x8d\xbdd\xd6Mc\xb2?g\xfe\x11\xa6%\x90\xdf\xb7\
\x13\x89O\xeb\xbd\x98\xcd-\xd7\x9b\xb6\x1c\xfdf\x06\xb3\
\xc5i~\x9f\xccl~\xd4\xcd\x0ak,T\xd0\xcf\x01\
\xcd\xa9iR\x5cF\xbd\xd2W>\xa8j\x12\xa7\x866\
\xfdI)\xb4\xeb\xac4Y\x12\x13\x8e\xb4(+\x9f\xbb\
\xbb/\x01\xde\x96\x94\xaa\xee!\xf2\x9a3\xf6z\xb4w\
\xc9\x08\x0a\x98:}v\xe3\xc0;^\x11\xb2\xa86y\
_\xb7H\x02\xa0}C\x83X\xb1f5\x108<\xe7\
e\xafH5~\x1aO\xe5\x15i,a\xf4\xa5\x0ei\
b\xde\x0a\xc2\x90o\x83\xfe\xa7W\xad^GT*\x22\
*\x160\xd5\xa8s\xad2$\xd3\x93i\xdaA\x9a\xc6\
d\xa1\xd9\x93 \x9e\xbe\x9f\xfd=\xed\xefg\xce\x10\xc6\
\x89\xa7\x99*\x92\x0f0\xeb\xfaS\xb5\xdb\x02\x86\xbb\x04\
\x86\xa3\xa8\x88)n\xa4\xc8\x92\xd378@k\xf3\xf5\
\xbe~\xf003^uN\xf3\xf5h&Aw\xfd\xa0\
\x83\xed\x0f\xb3\xac\xcc\xf6iyL.\x81\x9d\x90@\x9e\
e\x1f\x94\x80V\xbe}\xb0Yy\x93r\x09\x1c\x18\x12\
03P\x1d\x00\x1f\xdd3\x1d6\xfa\x88Ex\x05\x15\
\x05>\x98\xf9@W@\xca\x82n\xd8\x90\x16\x93\x17\x9f\
tFZ\xe9\x1b\x80#\xd81*&p*\xc5\xfc^\
\xed\x00\xcc\x0c\xce9\xef\x9au\xd30}\x98u\xc3\xaa\
\xc3I\xc1\x98V.\xbc\x223\x9d\xa7\xebW\xdd\xf0<\
\xa4\xf4\xe8w2\x8df\xd3\x87\x03\x02\x1e\xd5}\xde[\
\xde\x96\x16\x0a\x81\xb8p'\xb7\x05\xbd\x0e\x22J\xd9\x0e\
\xbd\x0e\x82\xe9\xa3\x1d\xc7\xbe\x89\xfa\x00\xc2\xc0\xd00\xd8\
8\x8c\x8d\x8d\xb1\x9c\xf39\xba\xf5\xc1\xf3\xc6\xf4af\
\xd3\xbe%\x1c\xf6\xdbln>\xb3\xb9\xe1%J\xefW\
Ifs\xfbm67\xbcPg%\xf7\xa5(+\x93\
\xe5\xc9\xc2T\x1d3/\xc7\x10T`9\xe2\x1e\x10\xc9\
\xdf%\x19\xf8TNsG\xae(+dfs\xc6:\
\x8b\xcf\xdd\x9b'\x013\x9bS\xd0\xcc\xbc|\xcdl&\
\xde\xac\xeb\xd78\xe8\xde\x07\x01\x0b\x5c\x08\xfd~\x06\xbc\
\x9f\xa7\x1aM\xe8\xcbm\xad6\xef\xd5 BP(\xa2\
\xc3A\x8c\xc9A\xa0\xca\xbb~\x8c\x19\xa2\xcbh\x7f\xbf\
k\xe3\x83X\x89\xd6\x1c\xfd.h\x90\xd1\x8ekA\x87\
\xac#\xfa\xbbg:\xbfn?k\x94\xd6]c\xe4\x13\
\xa5\xdd&\xca\xeb)\x0b\xca53\xae!]23\xdf\
?\xad5., 5\x87\xa9\xa9)\x94+}\x18\x1c\
\x18\xc6\xaa\xe1a\xffZ.\x18\x9f\x9a\x81\x05\xb1\xd0a\
\x8ctL\xd7\xfa+\xbf\xc8\xe3!v\x91I\xb0iW\
\xfe\x9cr\x09\xe4\x12X\xbe\x12\xe8j\x1a\xcb\xb7\xfd\xcb\
\xbb\xe5y\xeb\x0fx\x09\x98\x99\x7fhK\x10\x01/s\
o\xc8\x84\xcf\xe8\x90\xb1\x80\x80\x8b\xdecO\x19\x92\xf2\
\xa8O\xca\x0a\xe4\xc8\xaa\x22\x97\x19\xf9\xc0\xc7\x0c/\xcc\
\x1cR&\x12\x08P\xc9\x9a#\x92_\x04\x82\x1c\xbf\xcb\
\x9a&@\x12C\xaf\xd3),b\x84\xe7\xa0\xba\xd8D\
 0\xc4TPZq\x87.[\x118\xeaG!\xcc\
\xd4j@V\x1f\xbd\xc2\x86\xe9#\xa1\xf6\x13\x06!\x1a\
\xcd\x86\x8fI\x9d\xa1N%*\xa0b2B\x90\xa3\x1f\
\x0dW\xfa\x07X'y%)]\xcc\x90\x83a\xe6`\
\x1b\xb1\x00\xf9\x9d`\xc5Og43\x98\xd9t\x08\xde\
o6\x1b\xc6~|\x98\x99\xefo\xd6E\xb3\xb9\xe1,\
\xfe\xe6\xba\xc9\xb4b\xab\xb90\x9fG\x0a\xfd\xd9Lt\
\xc2\xb1Tv\xea\xc8\x1e\x00\xc5\xf4\x08\x18I\xc1\xce\x08\
p>-\xb1\x99b\xb9g\x11\x09\x98\x99\x1f[\xb3E\
\x5cj\xe6F\xca\x8a\x9bu\xf3\xcd\x84S@\x0a\xbbC\
@\x97wV:M\x14\xbe\xc6Ck\x8aq\xc3D\xbf\
k\x11pP\xb8\xc9\x0d\x0dmlLNN\x22\xe1\xf8\
i<\xc1\x83\xacy\x85\x1f;\xef\xe1\xc5\xccx\x85\xb7\
\xf0hs\xc3\x7f|\x82\xd6\x9d\x98\xf3\xa2R\xa9\xf84\
\x7f!\x1f2\x831\x9e\x0d\xe1\x99\x90:\x9eW\xc2\x15\
%#Y\x9bE\x9c!\x9a%\xcc\xc3|\x5cw|\x1f\
X\x17[\xcfx\x9b\xa1$%G6p\xc5\x8a\x15h\
\xc7\x09\x9a\xcd\xb6o\x8b~\x87df\xac\x0f$\xb9F\
\x0f\x09s\x0f\xc5\x98\xe9\x0a\x98\x99'\xec\xc4A\xb1\xaa\
';\x913\xcf\x92K \x97\xc0\xbe \x01\xb7/4\
\x22o\xc3\xde\x93\x80\x1ehK\xd1\xde\xab9\xe7\xbc\xb3\
\x120\xe3C\xb6Gaq|\xb8\xcf/\xcb\x1cH\xa9\
\xa0(^\xca\x89\x14\x93 \x12\xd80\x0f\x84\x9cs\xde\
5c\xceiB\xcfaf=!\xf8\x87z\x00\xa32\
1WyA\xcf\xa1y\x93\x10\x04)J\xaf\xa6\x15\x0a\
\x05\x0fp\xa4\xd4H)\x92+\xc5H\x0f~\xb5\xa7P\
*)\xab\xff0\x81\x94$\x05\xf4\xbf\x83\xe4\x86\xe6\xa0\
2}}}\xbewRR\xa4`)\xad\x972\xbf\x19\
\xdb\xb6\x13\x94\xe5\xcf\x5c3\xcb\xbc\xfb\x85kf0[\
\x9az;jf\xbd\xc1\x9d\xf2S_\xf4\xf94\x8e\xde\
3}\xc9\xe2\x15\xd4\x5c\x10y?/\x99\x9f^\x7fv\
\x01\x0d\x15O\xce\xd1$IA\xfd\x93\xbam\xe2\xd34\
og\xf2S\xd9\x16xRX\xe43\xec\xc6\xc5\xcc\x96\
\x94\xcfn\xb0^vE\xcdl\xbb6\x9b\x99\x97\x8f\x12\
\xb4\xc4d\xd4\x0d;\xc4\x1c\xf4v'\xf1\x1f#0\x17\
\xa0T\xa9\xa2\x7fp\x08\xe5\xbe\xaa\xff\x1f5I\xcf$\
0\x16\xb2\xe9\xcd\x0dzaf\x1cc \xe0FF\xb1\
\x10\xd0\x9f\xa0\xdd\xe9p\x8d\xe8\xae\x13\xcdv\x9b\xf3@\
s\x81\x95\xb0\x80\x91t\x1a\xd7\x14m\xac\xc0oV$\
\x8aZ\x94\xcc\x0c\x0e\x063R\x97M\xd7\xaf0)\xa2\
\x95\xbbVoBsLk\x94\x99A\x876S\x02\xae\
9\xf2/F\xaa\xb9\x9b\x1b\xbe\x0e\xe5\x13\xa8\x92+r\
\xba\xe4\x94K \x97\xc0~!\x81\xfc~\xde/\x861\
\xef\xc4r\x95\x80v1\xd5v=dM\x9e\xf9D\xad\
Q\xa0B\xd1A\x10\xf8\xdd\xc4\x90\x19\xf5^\xbc#\xc0\
1\xb3\xe9\x87\x7fJ\xb7K \x9cH\xd3\x98E\x128\
\xa6\x8b\x18\xf0\xa7#\xbf\x80>\xb9\xf0\xdc\xe0\xff\x97\x0f\
|\x03R\x18\xe3Di*U\x80a\x96W\xfd\x22\xd5\
'J\xc9Ca\xb9j\x93\x89\x1f/\x81\x13g `\
;\xa5x0z\xe6\xd4W\xdd\x14P9}\x02V|\
\xc6F' \x1eF~\x02x\x0b\x91\xca\xcc\xa5\x94\xc1\
\x8c\x003\xf3\x84\x9e\xc3\xcczB\x07\x8e\xd7l\xd7\xfb\
\xdd\xa3\xcb\xce\x08\x8axe\xc6\x9fy\x04fb\xce\x0d\
\x85%}\xb9\x22\xc5k\x0cS\x16\x92\xab8\xb9R\xa2\
\xb3\xfc\x8a\x13)~\x968\xcb8\xee\x8a\xcfiI\x09\
\xec0Qw\xaa\xd9\xdc\xb1w0x\xe2`e\x00\xa7\
{\x8b3\x96\x80\x13\xd3\xe3\xa5{\xd1\xcc\xd0\xa6\xc5\xb6\
\xd9iC\x96\x19Yu\xb4\x89\xd1\x9a\x06+\xd8\xeep\
\x00\xcb\x88|\x1e\x00jC\x10\x86\x04:!\x04@4\
\xce\x8dF\xd7\xaa\x0b\x82\x1a\xf39\x12zcx\xbf\xe2\
\xd2\x84\xb1\x9c%\xf4\xa7\xd3\xd4\xe5\x94\x90#`f\xec\
\x03\xa6)A\xc0\x0e\x88\xb4N\xc853_\x97\xd6\x12\
\x81\x9b\x90V\xe3(*\xa0P(\xc1\xd1\xc5\x02G\xca\
\x1aE\xddz\xba\x19\xcc\xcc{\xcc\xba\xae\x0f\xf4\x5cX\
mO(\xf7\xe6\x12\xc8%\xb0\x1c%\xc0Uk96\
;os.\x81\xfdG\x02f\xc6\x07{\x00\x9b\xe9\xd2\
\xdc\xdbR\x8a\x83O\xa2B %R~YI\xf4\x80\
\x97_df0\x9b%\xc5\xcd\x94S`\x9alf\xb7\
\xd3\x18#\xe2c_\x0e\xb5\xdeD\xca'\xdd\x94)\xd9\
)\xe0\xa2OPK\xf9\xd1kj\x19O)\x18\x8e\x96\
%Q\x87\x99\xd5\xaeV\xbb\xe3\xd5a\xa5\x99\x0b\xd1\xa1\
\xb2\xc4$\x7fFTD\xca\xe5\x22FFF\xe0\x9cC\
\xb5ZET,\xf84]2\xbe\xf2/Mj\xacr\
d\xae\xfc\x80\xd9\xd2a\x1c\x80\x87\xd9\x5c\x99,$\x02\
\xc9=#\x22O\x9e)\x15\xd2\xd4\xbbH\xe8\xb2\x10\xd5\
QP7\xa6\xaf{\xa6tL\x0a3\xdd\xf9\xa7x)\
.sAU\xd5\xcc\x14E\xea\xce\xeb,\xd4\xcd\xd3\x8d\
cb~\xdeL\x09\x04\xd3\xf2\xcd\xe4j\x96\xf9\xe62\
\xe4\xad\xcd\x88\x84c\x1b\xd3\xed\x9e\xba\xaf\xf5\x86\x99\x00\
J\xb1P\xf6\x1b\x15~\x5c8\xbe\x8aS\xaen9\xf9\
Hd=\xc3\x9e\xfeb1\xd24A\xb3\x9d\x10(u\
\x10s!\x10X\x12h\x8a\xb8\xe9\xc1\x12X\x0c,\x88\
/Y\xb0=\xa9\xcf\xd3\x9b\xcfL)*\xbd=\x99\xcd\
\xa6\xb5\x9aM\x0c\x0d\x0e\xa2P(\xa0\x18Fh\xd4\xea\
\xd0\xff\xcc\x91%9\xdd\xbe\xe8LLo\x9a\xc0 \x5c\
\x97\xa7\xe6\xb9Hm\xebB\xaen\x11\xb5\xcdS7\x98\
_oU\x09\xe4\x95\xe7\x12\xd8u\x09\xe4O\x9a]\x97\
\xd9\x1e-\xa1\x07\x8bh>S3\xf3\x0a\x9c\xd2\x96\xa2\
\xf9\xe5\xf6\xb5\xf0RmW\xda\x8e\xdak\xd6\x95\xc3\xfc\
|*+\x9a\x1f\x7fk\x85\xcd\xba\xed4\xeb\xbaR\xe8\
EY{\xcc\xcc+\xf9\x8a33d\x87\x14\x0d\xc0A\
\x0f\xdf\x8e.\xd3\x09f\x06\xe8\x89\x8b\x14\x81s`\x08\
\xfa\xa2YD\x8f\xca\xbc\xe7\x82s\xad\x18\x85\x10\x18Q\
\x91\x94y\x1d\x01\x86\x08`~\x0b\x10\x04\x11y8O\
\x8e\xca\x8bH\xf9R\xd5\xc3'z\xca2p\x01\xb3\x07\
H\xcdQ\xa1\xd5\x9e\xabA\xaaP\xc2\xfaEmV\x16\
\x04!B\xee\xda*{'\x89\x99\x17\xa0\xca\xe4_W\
\x13\xab6\x15\x1cf\xf3y\xd4\x16Yo\xe4\x86Q\x11\
\x8ag\x0b\xa0v\xc7mx\xa5Di\xe3S\x93\xd0o\
\x0d\xcc\x8c\xfc\x8c\xfc\x1cbV\x90Q'\x01D\x86\x80\
}\x9fGlk\x16\x0f*\xe4\x19ye\x84\x0d\xca\x5c\
\xc7\x92\x99\x7f1Ws(#\xec\xe6\x91\xf1\xe9uw\
\x96\xa5\x99\xc1l\x964ODY\xf9^\x9e\xf2'\x14\
\xac(K\x97\xab\xf8^\x9a\x9f\xbeP\x1e\x8d\xa4\xc8\xb8\
\xcb\xee\x90\x22\x94K\xb28\x85\xca\xb7\x09X9,`\
\xe38/(\x5c\xf4\x1c\x1c#\xfd6K1f\x86\x98\
mR\xfdj\xb7\xa3\xf2\xa8\xf2J\xa36\x0b\x91\xc6@\
\xae\xf2\x18\xc7M\xe4\xd3yQ\x5cF\x0c2[\xeaI\
\xfe\xa5(+\xb3\x98\xbbT\xd9[\x22m\xb1ve\xf1\
\x9a\xa3K\x91d\xb6\x14\x05\xbc\x17|yf\xd2\xf8\x89\
4\x96\xe0\x1d%\xd2o\xdbz)u\x1c\xb4\x80\xe3H\
\x0d?u\xc65%\xf0@C\xe3\x98t:~\xcc\xd5\
6\x8d\x9d\x1f\xfb4E`]I\xb1\x94\xa6\x01\x03)\
:\xb4\x04)\x1c3\xd4\xe6XF\x91\x83\xacD\xa0_\
\x14q]Q\xbb8)\xc0i\xe1)\xe5DJ\xd8\xde\
\x94\xeb\x93\x08t\x9d\x85\xe4\x1f\xd2\x17x\xb2\xd4y\x97\
l\xfd\x99\xf0\x9a\x91\xbe4\x99\x91\xe2\xcc\xcc\xaf9M\
\x02\x1c\xc7z\xdb\xad\x06\xca\xdc@\x09\x1d9s\x0e\x87\
,\x1bL\x93\xd1\xed\x12\x13Y\x03<\x01\xbe\x0fq\x0c\
\xadY\xfa'\xcc\x1d\xcaQ\xa4z$\x07\x16\xf3\x96o\
\x89LD\xb1\xc1\x149M\xca#\x9a\x0e\xce8f\x06\
\xb3Y\x9aI\x98\xf6\xa8\x8ch:\xb8\xa8\xa3<K\x91\
\xd9l\x1df\xdb\xfb\x97*\xab4\x8d\xf3R\xa4<\xbb\
C\x8bvl'\x13\x16\xaa\xbb\xb7\xe8B\xe9\xbb\x12\xd7\
\xcb+\xf7\xef\xdf\x12\xd0\x9d\xbf\xdf\xf60\xefX.\x81\
}^\x02\xa9M7q\xfe\xad\xd8\x1b\xd6\xa3]\xd9\xf4\
h\xa6\xcb\x072\xaf\xc8J\xca\xbfk4\xcb[\x9c3\
\x02\x15\x0d\xf9\xe5\xce\xe77\xd3\xcc\x9e\x84\xde8\x16\xed\
I\x99\xe5\xdf\x13\xd9\xe3\x9d\xee\x07c|}tw\xe9\
\x9c[\xd9.\x15\xcd3\xcfJ\xa0w\xfc\x14\xabQ3\
\x0e\x8d\x5c\x91\xe22J8\xd9DYx\xd6\xa5z\xcd\
\xb4\xd9\xf0\x5c\x9f\xf8\xf9\x98\x9e1\x9b\x89c\x82\x94G\
:\xfb\xedif0[\x9cv\xb7\xe3\x92eF;\xc3\
K\xf7\x9b'Z\x89\xe1\x01Q\xb7T6\xde\x1a\x0f\xf1\
\xeb\xc6v\xaf\x9c\x12>\xa7\xca)\xa6w\xde(Mq\
\xf3\xc9f\xc6\xdby\xb0\xd0\x9b\x9e\x10\xf0\xf8\xf0t\x9e\
\xf9\xf5\xf9\xb4\x9d\xbad-\xea\xba\xe2\x93\x91\xfa\xb1\x18\
\x0b\x9bN\xe8m{6\xb7\xe5*>e&Q\xc6'\
s\xc5\x7f\xba8\x94\x9e\xf9s7\x97@.\x81}[\
\x02\xd9\x1a\xb7o\xb72o].\x81\x5c\x02\xbb$\x01\
=\x94E\xf3\x0a\xcd\x04w\xf5A-^\xa2\x19\x06=\
\x1e3j\x06=\xe1^\xaf\xd9lZ\xb6\xe3\xd6\x9b\xbe\
\xaf\xfb\xb36/\xe6\xee\xeb\xed\xdf\xdb\xed3\x9b\x1d_\
3\xf3\x8a\xfd\xde\xae3\xe7\xbfoJ\xc0\x03\x05\x83\x07\
\x01;Z_\x94W\xb4'z\x22>\x82;\xaa3#\
\xc5\xed\x887\x9b\xba\xa3,yz.\x81\x5c\x02\xfb\x89\
\x04r\xb0\xb3\x9f\x0cd\xde\x8d\x5c\x02\xb7\x86\x04\xccf\
U\x86\x1e\xefvM\xf1\xbb\xa5i\xf7\xd5$\x01\x07e\
0\x9b-\xab\xf0\xbeHj\xebR\xb4/\xb6\xf9\x96n\
\x93\x81\x7f\xcb`,\x17\x96K\x1e\xbb\x94\x044\xf7\x17\
K\xe7\xdd\xec\x93<\xc0\xf0\xbe\xdeK\xe2A\x0fh\x13\
\xda\x19\xe0\xd1[rW\xfc\xdd\x0f\x1b\x00z=Ok\
\x8c@OV^\xe1\xcc\x9f\xbb\xb9\x04r\x09\x1c\xd8\x12\
\xc8\xc1\xce\x81=\xfey\xef\x97\xb9\x04\xf4z\x85\xf1\xa9\
>\x9f\xf6V\xb7v\xa9\x1e\x82\x9b\xac\x1d\xf2Jq\xca\
(\x8b\xcf\xdd\xe5-\x013\x02\x1d\x82\x1d\xf5\xc2\xcc\xe4\
\xe4\xb4\x9fJ@\xf7\xae\xba&W$\xff|p!`\
#\xf0#W\xe9]\xea\xe6\xe22E\x00$\x10$\x22\
@\xd9\xcd\xe9\xa2z<OV\xa2\x1aT\xa7\xe22\x97\
\xd1\xfeT\x1e\xef\x99s\xc9U\x9f9\xe2\xe8\x0d\xe4\xfe\
\x5c\x02\xfb\xa1\x04\xf2;~?\x1c\xd4\xbcK\xb9\x04n\
)\x09\x98\x19xz\xca\xea\xf4\x8a\x90\xd0M\x161\xed\
\xfa\xf8i\xffrq\xcc\xd4\xbf\xc5i\xb9\xf4co\xb5\
\xd3\xcc<k\xb3\xae\xeb\x03\xf9eF\x02f\xc6{c\
q\x9a\xc9\xb8\x0f{z\xc1\xc2\x02\xb75\x01\x0ch\xbf\
a\x07\xfc\xef\x80\xe8\xf6\x9c\x19\xf0\xe8\xe5\xd1\x93\xbcG\
\xbc\xfa\x00C\xd7\xc2\xa3Z\x08\xa4z\xb8\x0a\x04\xf5\x04\
so.\x81\x5c\x02\x07\xa8\x04v\x07\xec\x1c\xa0\x22\xcb\
\xbb\x9dK`\xdf\x91\xc0b\x96\x16\xdd\xd8\xbdts[\
,\xcb\xd1R\xb4\xab|\x97\x1b\xe01[\x5cQ5\xb3\
]\xed\xfe~\x97\x7f1\x11,\xa4\x14\xefw\x9d?\x00\
:\xb4\xd4\xfd\xbaT\xdav\xa2!\x10\xf2\x80\x84\x09\x82\
$\xf2OC$\xc6\xdc\xfcS@'+\x9d\x01+\xef\
2r.\xd0\xe9]\x0d\xe5g\x86\xfc\xcc%\x90K\xe0\
\x80\x91@~\xd7\x1f0C\x9dwt\xefK \xaf\xa1\
W\x02\xbd\xca\x90\x94\xdf,\x9c\xb9\xbdys\xff\xf2\x96\
\x80\x99\xcdX0\x96wO\xf2\xd6/$\x01\x01\x94,\
~\xfb\xfb\xb7\x17V\xc8O\xe2.L\x17\x88\xd0\xcf\x82\
\xbd\xe5\x19\xdc\xcbg\xb7\xce\xbd\x5cI\xce>\x97@.\
\x81e$\x81\x1c\xec,\xa3\xc1Z\xa8\xa9z\xf0,E\
\x0b\x95\xe9\x8d3\x9bUR\xcc\xb6\xf7\xf7\xe6]\xc8\xbf\
T\xddJ[\xa8\xcc\xae\xc4\x89\x87h~\x19\xb3n[\
\x95\xb6\x14\xcd/7?l\xd6\xe5c\xb6\xb0;?\xff\
\xfc\xb0Y\xb7\xdc\xfc\xf8\xacMY\xbc\x99y\xaf\x99y\
\xa5\xb0\xfb\xbfH\x9c\xf7g\xff\xe7\x80I>\x8f.*\
\xcfDy\xa1\x7f *\x0fKB\xff\xd3&d\xc6\xb3\
\xdfpq\x9a\xb4;\xf0\xd4\xe9 \x8dc\x18\x11E\xc0\
4\x91\xf2{\x1e\xf2\xf4\x90\x19\xb9\xf4Po\x1e\xb3n\
\x9a\xb2\xcb\x9a\xa3\xff\x83\xa2\x7f:\xa8\xff\xb1\x13\x06\x01\
\x8c\x09Q\x18\x22a]\xfa\x87\xa1\xa5B\x11`\x9d!\
\x13&&\xa6|:\xb3@}\xd3\x7fO7\xe7\x14\xf4\
D\xd603OJ\xcf\xc8'\xf2b\xd6M3\xeb\xba\
\xf3\xd3\x99e\xc1\xd3\xac\x9b\x7f~\xa2\xfa%2\xeb\xa6\
\x9b-\xec\xce/7?,\x1eK\xd1\xfc\xfc\xfbZx\
\xa9\xb6+-k\xaf\xfc\x9a\x87r3\xca\xd22W\xf1\
\x99?s9\xfc\xde\xab4\x8a\x98c\x0f\x9fZ%\x96\
\x00\x00\x10\x00IDATO\xf2\x8b\x9f\xe3\x1c03\
\x9fG\x173czw^\xa8\x0c\x168\x14\xbf\x14\xf5\
\x1613?\xa7\xcc\xac7\x9a\xd32\xdd)\x9aSh\
\x81\x80\x99\xcd\xf07\xdbu\xff\x02,w)\xcal\xe9\
:\x97\x92\xd3\xce\xa4e\x8d\x99\x9f7\x8b73\xca\x11\
H\x88V4\x9e\xbd\xe3\xed\xcb0\xa3\xfeG\x8d\xd1\x8d\
\xa2\xc8\xafU\x8a\xd7\xff\xdcQ~\xa5\xa5)\xd7&\xa6\
\x8b\x91!A\x18\x18\x02s\x0c\xa6\x0b\xca\x16\xf3\x0e\xf1\
\x13/\xb9f\xe6\xcb(\x8b\xc2\xdd\x99\x04\x1f\xa75\xab\
69\x85\x90s.\xd5?\xf7\xc9\x1a\x8b\xed\x0f%\xa5\
\x8c6\x92\xf8\x88?\xbd\xfeT\x9b\xb3\xb0\xd2\x96\x22_\
`\x89KVv~\x163\xf3m\x9e\x1f??l\xd6\
\xcdg\xb6\xb0;?\xff\xae\x86\xcd\x16\xe6k\xd6\x8d\xdf\
U~\xf3\xf3g\xfd\xbf\xb9\xee|~\xf3\xc37\x97\xef\
\xfcr\xf3\xf9\x9a\xd9\xfc\xa8<\xbc\xcc%\x90\xad\x15\xcb\
\xbc\x1by\xf3s\x09\xec\xa7\x12\xe0C\xdblv\xe15\
3\xd4[-\x5c{\xed\xb5\xfe\x1f\xe1U\xabU\x0c\xf4\
\xf5\xa3\x10F\xa8\xd7\xeb\x98\x9a\x9a\xf2J\x84\xa4\xd1b\
>\xb9\xbd\xa4E>\x0b\xef\xcc\xfe\xe7\xaaU\xab0:\
:\x0a\xf1*\x16\x8b\x98\x98\x98\x80\xfeQ\xe0\xf0\xc0\xa0\
\xafO\x0a\x8e\xf8\x09\x9c\xb4\x04\xbe\xc8T~\xc5{\x85\
C\x89\x0bPo;\x16H\xce\xa3\xf6A\x09\x98\xcd\xce\
\xc3\xacy\x0bDeIs\x5c\xb3\xb9e\xcd\xe6\x86\xe7\
d\xde\x83\x013\xf3J\xa5\xd9\xc2\xee\x1e\xacj\xbfd\
e&\xb9\x812\x84?\x18\xa4_q]\x92\x02Q\x0e\
\x0b\xe8p\x9d\xeap\xbd\xd1z\x94\xc6\x09\xc6\xc6\xc6\xfc\
:Q.\x97\xfd?\x12.\x14\x0a\xfe\x1f\x80\x0aH\xd4\
j5\x0f\x8a\x94\xe6\x99.q\xd1Z\x92\x91Y\xb7N\
3\x9b)\x11p\x13\xa6T\x0816:\x82(t\x18\
\x1c\xe8C}\xaa\x86f\xb3A@eP\xfb0\xef\x10\
\xc8\x99\x175\xa7Of6\x13\x9e\x9foO\x84s\x1e\
\xb9\x04r\x09\xdc\xf2\x12Xh-\xb8\xe5[\x91\xd7\xb8\
\xa8\x04\xccf\x17^\xb3]\xf7/\xca8OX6\x12\
\x90\x82\xa0\xc66[M\xeeZ\x02\x15*\x0e\xda9\x15\
\x10\x19\xd9\xb6\x0d\xdbH\xb2\xfe\x0c\x11\x80\x08\xf8$\x9d\
\x18R8\xfa*U\x0f|\xe6\x03\x0b\x85\x89I\xc4\xd2\
S\xf6\x93^\xc5\x8b\x14\x99\xb97\x5cw=\xd6\xaf]\
\x87RT\xc0\xe8\xd6mX\xbdb%T\xcf\xd8\xc8(\
\x02\xe7\xa8T4\x95\x1d\x02B*#P\xa4\x88 \x0c\
\x91\xed\x8e*\x9c\x91\xf2\x88\x14\xce\x5c\xf9sZ\xde\x12\
0\xb3\x99\x0ed^3\xdbNi4\xb3\x9e|\xb3\xfe\
\x99\xc8=\xe413_\xf7\x1eb\xb7\xdf\xb2\xd1=8\
\x9f\xd4Y\xc5\xc9\xcd\xc8\xe81\xd3\x15^\xaef\xe6]\
Ym\xdaI\x8c\x02\xd7\x02\x81\x97q\xae\x0b\xda\xe4X\
\xbbj5:\xad6\xda\xcd&Z\x8d&\x92N\x9b\x1b\
2\x01d\x0d\x0e]\x00.P\x88;-\xec\xea\xa1v\
\xcd\x10AU\x87kb\x83\xe0\xc6\xe8\x97eg\xe3\x8d\
\x1b\x10\x91\xff\xda\x95+P\xab\xd5={\xf3\xd7\xee%\
\x03:l~7b\x81\xabY\xb7\x84Y\xd7] K\
\x1e\x95K \x97\xc0\x9e\x93\xc0-\xc2)\x07;\xb7\x88\
\x98\xf3Jr\x09\xdcL\x09P\x89\x90\x95D\x80'\x03\
\x0f-\xee\xa2\x8a\xdb_\xfe\xf2\x17\x0c\x0d\x0d\xa1H\xab\
N\x9b\x0a\x85,;\xca\xa7\x9dP\xe5\xd5\xabd\xca'\
\x92\x82 7#\x85=\xed\xe0y\xbev\xedZo\xcd\
\x11_\xed\xda\x8e\x8f\x8ey\xeb\x91\x14\x9b&\x15\x19\xf1\
\xa85\xa5\xc88\x14\x0b\x91g\xaf\xba\xe5\x11\xe0\x91\xbb\
\x10\xa9\xdcB\xf1y\xdc\xbe%\x013[\xb0A\x8a\x16\
\xcdO\xcc\xe22w~\xfa\xde\x08k.\x89\xf6\x06\xef\
\x03\x9d\xa7\x99\xc1\xa6\x85`f\xe09\x1d\xea:\xba\xd7\
\x0b\x04\x17\xe3\x93\x13\x18\xe5\xa6\xcb\xda5\xab\xe0\xd2\x04\
[7o\xc1\xca\xe1!ZW@2\xc4\xed\xb6\xdf\x18\
\x09\xb9\x9eU*\x15\xbffe\x1b#]N\x0b_\xb5\
\xeed\xa4\xbaDYX\xee$\xd7#m\xfe\x94\xb9\xf6\
\xa8\xde\xb5+W!4\x87\xbf\xff\xed\x1a\xf4W\xca\x00\
\xd1\x8d\xe6\xc6,1\x8aq\xc9\xc2\xd5\xb1\x7f\xe6S\xcc\
\xba\xae\x0f\xe4\x97\x5c\x02\xb9\x04\x96\xbd\x04r\xb0\xb3\xec\
\x87\xf0\x00\xea\xc0\x01\xdaU\x17p'\x94}/\x97\xf8\
\xf0\xa6++\xce\xdd\xef~w\x0c\x0e\x0e\xe2\xaf\x7f\xb9\
\xca\xbfb\xd6\xdf\xdf\xefw4\x9b\xdc\xcd\x8c\xb9\xa3\x1a\
\xb0LH\xeb\x8a\xf1\xc1.b\xb1E\xad<J\x93u\
G\xff\xa3B~)\x06\x99+\x00%\xbf\x00\x97\xf8\xb4\
\xa9\xb4H\xc9p0_\xdf\x1d\xefxG\x98\xcd*\x06\
\xca\xa7t\x95\xe9%\xbd#\xaf\xb0x\xf7\x92\xe2r\xda\
\xb7%`f~\x8c\xcd\xcc7\xb4{\xf5\xde9\x97\xe9\
\xe49q\xbd\x01\xb3nI3\xf3\xfcz\xd3n\xae_\
si\xb1\xb2f\xb6XR\x1e\xbf\x84\x042\x99f\xee\
\x12Y\xd1\xe0zcD\x14C}\xfd\xf8\xa7;\xff#\
t\xef\xebU\xd7r\xb1D\xf03\x82r\xa1\x88j\xb9\
\x84bT\xa0\xa5\xa7\xe5_1sd\xa8\xb06i\xe8\
]\xf2\x14?\x01\x1c\xb5E\xd4\x9b\xd9\xb8\xa8\x1c\xbcf\
\x1d\xea\xe3\x93\x18d\xfd\xb5\xf1\x09\xdcx\xfd\x0d\xf8\xf8\
\xfb\xdfk\x87\x1fr(4\xfa\xcc\x02\xe8\xf3l\x22\x1f\
\xd3\xcb\x01l9\xc9g\xea\xc6\xf7\xd6a&\x0e\xdd\xf8\
\xfc\x9aK \x97\xc0\xf2\x96\x80\xd6\x9d\xe5\xdd\x83\xfd\xbc\
\xf5f\x06\xb3\x9bO\xfb\xb9x\xf6\xff\xee\xc5\xf1\x9c>\
jGR;\x99Oy\xca\x13p\xdcq\xc7\xe1\xa8\xa3\
\x8eB\xbb\xd9\xc2\x0d7\xdc\xe0wN\xb5kjf\xfe\
\x9d\xf8B\xa1\xb0$\xc0\xc9\x18g\x0fx\xb9\x22\xc5g\
\xae\xacD\xadz\x03\x9b7n\xf2\xf3pxx\x18[\
\xb7nE__\x1f\xce8\xe3\x0c\xdc\xfb\xde\xf7\xa6B\
\x13\xa2\xd5Q\xcb\x80 0\xa8\x0c+F\xdc\xe9\xf82\
\x98>2\x9e\xd3Af!\x12\xcb\x02\xb9{\xb3$p\
k\x17\xb2\xe9\x06p\xcaM\xfb\xc01\x87?\xcc\x8c\xfe\
YR\xa4\x99\xc9\xf1d6\xeb\xf7\x11{\xe8bf\xbe\
^\xb13\xeb\xfa\xcd\x16v\x95\xe7@&\xdd\x93\xf3I\
\xf2P\x5c\xe6fw\xa9\xe2zp\x01\xb4\xf91\xc8M\
\x16}\xacD\xa0\xe4^\xf7\xfa7\xbc\xea\xb4\xd3\xf1\x83\
/\x7f\xd16o\xdc\x88B\x18a\x1b\xd7\x0am\xc0\xc8\
\xdaR\x8c\x0a~m\xd0\xebm\xca\xef`\x0b\xfe\xa6\x06\
=\x87\xd9\xec\xb8i]1\xeb\x86\xbbY\x12\x8c\xeb\xb7\
A\x9d\x18[o\xda\x84\xb4\xd5\xc1\x93\x1f\xff\x04\x5c}\
\xdd\x8d\xa9,H>O\x92\xce\xac3j\xbb\xda\xec\xe3\
\xa7/\x8aS\xbf2@5\x1d\xed\x1d\xc5{O~\xc9\
%\x90K`\xd9K\xc0-\xfb\x1e\xe4\x1d\xc8%\xb0?\
K \x08|\xef\xf40n\xb5\xb93Zo\xa2N\xeb\
\x8ab\xefs\x9f\x7f\xc5[\xder\x09\x1e\xff\xf8\xc7c\
xp\x08\xfa\x12\x91\xac>\xb2\xea\xc8\x1d\x1d\x1d\xf5e\
u\xc9\x1e\xdc\x82$\x22\x85EJ[\x8ad\xc9\x11\xb0\
Y\xbf~\xbd\xffm\xd0\xc6\x0d7\xe1\x99O\x7f\x06.\
\xba\xe8\x8d\xf8\xe7\x7f\xbe\x0b\x06*\xc5\x99\xe2\xb1W,\
\xa6\x83TJ\xa4\xd0L\x87\xe68\xaa7\xa39\x09y\
`\x9f\x93\x80\x99-\xd8&E\x8b\xe6'fq\x99;\
?}O\x87\xf3y\xb4\xa7%\xba0?\x01\x1e\xc9Z\
\xa9r32\x02\x96\x02A\x8c\xbe\xd6X\x9f\xaa\xe3\x0e\
\xb7\xbf=\xa6\x98x\xd6YgA\xf7\xbf~[\xa8\xd7\
i\xf5\xe1\x14\xfd\x96\xa6Z*\xc2\x92\x18z\xedVk\
\x9a\xf8-E\x028\x223\xf3\xd9\xc8\xda\xf3\xd5\xfa\x16\
\xb7;\x08]\x80\x84`\xe7\xca\xcf\x7f\xd2^s\xf6\xab\
\xf1\x92\xa3\x9f\x8b\xc3\x0fY\xcf\x8d\x9f\x16&\xc7\xa7\xa0\
\xdf\xf1\x88T\xce3\x98w\x11\xd8y\xf5I\xc7\xd1H\
\x94By\xe6\xd3\xbc\xecy0\x97@.\x81e*\x81\
\x1c\xec\xdc*\x03\xd7]\xb8o\x95\xaa\xf3J\xf7!\x09\
8\xaa\x0alNJW\xda\x04\xbd:\x13]2J\x12\
h\xe7\xd4\xb8%\x19\x11\xf8\xf4\x97\x8b(\x85\x11&k\
\x0d\x948\x8d\x8a\x11\xf0\x9c\xa7>\x06\x17\x9e\x7f.\x1e\
p\xff\xfb`j|\x14\x13\xa4>*\x15zg\xdd\xa5\
\xe2&\x82\x7f\x98\x8b\xad^W\xcbH\xe1\xf9\xe4\x90\x80\
\xd5!\xa0&P\x0aCl\xba\xe9\x06\xdct\xfdu\xf8\
\xf7\x07\xdc\x17\x97\xbe\xe3-x\xf6S\xfe\x1b\x95\x02\xe0\
\x12\xa0M\x85#n'(\x87\x0e\x913$q\xc7+\
#LE\x10\x16\xfck\x22\xcc\x06\xbdE\xa2:1s\
(v&\x90{n\x05\x09h\x8c\x17\xaa6\x8b\xcf\x5c\
\xe5\x91\xc2(\x92\x7f>\xd9tD\xe6\xfa\xe0t \xd5\
?\x93T\x04]\xb3\xe9H\x853b|\xe6\xcd\xdd[\
C\x02\xba\x0fE\xe0=\xdfu\xa1\xc3\x8f\x8b\xf3k\x06\
\x97\x01\xba\x8c\xe4:%;s/ \xe8\xf0~\x07\xd7\
\x98\x98\x80c\xb0ZF\x91\x96\xdd\x1a\xd7\xa6\xbb\xff\xd3\
?\xe0\x13\x1f\xf9\x00\xfe\xf5\x9f\xff\x19+\x87\x86P\x9f\
\x9c@\xbd6\xc9\xac1\xd7\x84\x04I\x1a#\x8c\x022\
e\x9d\xaaK\xc4\xd0\xfc\xd3\xac;g\x1c\x13\x8ce\xb8\
\x18B\x94r\xe3'n61\xd4W\xc1\xf9\xaf;\x07\
\xcd$M\xef|\x87\xdb\xa3\xddL\xd0j\xc4\xa8\x94\x0b\
\xe8\xabv?\xd0\x82\x9eCk\x90_\x8b\x18\xc7\x9a\x11\
\x93\xfdi\xe7_\x94&L\x88\xb9\x1a\xa7\xec\xac\x88\x0d\
\xa4<\x98i\xfaT\x19y\x99M\x8e\xa7\xde\xfb\xc3G\
\xe4\x97\xe5'\x01?\xef4\x13\xa6\x9b\xce9\x0e\xd1t\
p\xffp\xf2^H\x02ZC\xe4\xe6t\x8bK\x80\xa2\
\xe7\xca\x99zJ\xe1\x17\xd8\x9e6h\xd7K\xa4\xdd1\
\xb9\x22\xe5\x11\xc9/R\x9a\xc2KQ\x0f\xcb\xfd\xd2k\
f0[\x9cv\xd4\xe9\xa5d\xa7\xb4\x1d\x95\xdf\xd5t\
\xf1\xd4\xd8e;\x93\xedf\x07\xe5\xa8\x88\x8d\x1b7#\
$\xb3F'E\x83q\xda\xcdd\x10\x08\x1c\x02\x82\x1c\
g)w1\x0d\xdc\xc7$\xc8\xe8\xa0\xbfX\xf0\xf9\xab\
\x9aF\x5c\xabo{\xf0*\x9cv\xdcKq\xeaq/\
\xc7\x11\xebVc\xe3u\xd7\xa266\x82\x90\xb2I\xa9\
\x908\xaa\x18.\xe2\xd5\x80\x84\xfe\x94|E\xed\x14\x80\
\x05\xfe\xf5\x12\x07%v\xa0\xd7A\x1cAV\x94\xa6\xb8\
\xfe\xea\xab\xf0\xc3\xcb?g\xaf>\xe3\x14\xbc\xf8\xf9\xcf\
\xc6\xa1\xebV\x00i\x07!b\x14\x89v*t\x0bh\
\xb3L\x1b\x09\x81\x8fs\x0eQa\x1a\xe4\xb8\x80\xa9\xd4\
M\x00\xd4\xd8\xa7\x91\x89I\xd4\x9bm\xf8\xdd\xde\xa9\x1a\
\xd4.\xb0\x1e\xc9\xa3\x97$\xa3\x85\x88l\x16=\xcd\x0c\
f\xb3\xa4v\x88z\x0b\xcc\xe7\xa9:{\xd3\x17\xf2\x9b\
\xcd\xf24\xdb\xde\xbfP\x99\x85\xe2\x16\xaa{g\xea\xcf\
\xca\xcd\xe7i\xd6m\xcb\xfc\xf8]\x0d\xab\x0d\x22\xd5\xd3\
[\xd6\xcc\xfc\x9c0\x9b\xad'\xcb\x93\x82S\xc0_\xe0\
\x15B\x07\x1eTx9]\xb8\x8e\xd1\xdfsry\x83\
\x14EeO\xfclH\x98\x9a\x11\xbd7\xe3T;2\
2\x9bm_\xc6*K\x93\x9b\xc5-\xe6\x9au\xcb\x9b\
-\xec.VnO\xc5\xab\x8d\xbbJ\xbbR\xf7|\xde\
\x1a\xeb^\xd2\xfdg\x04\x11\x9dV\xf7\xab\x8az\xa6\xc8\
\x9akf\xd0\xe7\xa3U\x9e^\xb4ZmD\xa1qs\
#\xf6\xaf\xacF\x85\x02\xdd\xb6\x9f#\xdc\xe3@1\x0c\
\xe0\xb8\xae\x84\x1c\xe8\xe1J\x09\x83\xa5\x02\x5c\xab\x85\xd3\
\x8e}\x09\x8ey\xf1\xf3q\x97;\xdf\x1e\xb5\xf1mh\
\xd4\xa7P\xe6\x86M@PT\xa7?\x8aBt:m\
\xf2j\x81\xcb\x10\x02\x86c\xce\xa5\x0e\xad?\xba\x7f\xd5\
\x9e\xc0\x0c\x81\x01\x05\xb0~\x02\xa6\xc9-\x1bq\xd4\xc1\
\xebp\xec\x8b_\x80K/\xb9\x18w:\xea\x08.2\
\xa9\xdf\x9c\x09\x99\xb7\xc0\x06\xa5z\xad6ac\xa0\xb9\
\x9a\xb2\x9dd@\x7f\x87\xa0\xac\xeb\x03j\xad\x0e:\x0c\
\xdc\xb0i\x0b,\x8a\x10\x15\x8a\xa8M\xd4\xd8\x8f\x80k\
\xad#pj\x22\xe1Z\xe7\x89}\xd3\x5c\x06S\x1d\x95\
a#\xf9\x89M\x9e\xfb\xf2if0[\x9cn\xed\xb6\
\xa7\x5c4v\x87\xcc\x16\xef\x9b\x99\xedb\xf7\x1c\xf3\xab\
\x8cH~\x06\xf3s\xbf\x91@>\xa2\xb7\xc6Pj\xa1\
\xdcA\xbdf\xba\xe1\xe0\x17*\xf00\xeb\x86\xe9]0\
N\xf1\xbbKy\xf9[^\x02f\x86F\xa3\x81\x84\x0f\
\xe6\xff\xf9\xd5\xef\x91R3,\x16C4\xf9 &\x0e\
\xa0\xc21\x01=d]\x10\xb0q\x0975\xdb|\xa8\
'|\x18c\x1a,\xa4(\xf0.\x8e;\x1d\x82\x8d6\
\xfe\xdf}\xef\x8d\xf3^\xf7Z\xbc\xf8\x85\xcf\xc5\xca\xc1\
\x01\xd4&\xc7\xbd\x22\x12s'\xb4F\xb0\x11Rk\x08\
i\xad\xa9\xd5j\xd0\xc7\x07\xaaT<\xe2\xa4\xed\xdb`\
Tz\xca\xb4\xc6\x18R4\xa7&156\x8a3O\
;\x05\xbf\xbf\xea\xaa\xf4^\xf7\xbc\x07V\xf5\xf7\xa1\xe4\
\x02\x14\x04\xbc\xa8\xb8Z\xdcB\xc4\xdd\xd90p~\x97\
6 \x98r\x04;M\x02\x9a\xc9F\x1b-\xf6)\x06\
\xdbI*\x95Bl\xde\xb6\x15\x13\xe4\xbb\x85\xae\xbe\xec\
\xc6\xe8[\xf54\x9b\xbd\xa7n\xd5\x86\xec\x03\x95\x07\xd3\
\xb2\xc8\xac7\x0e]\xd9\xe8\xca\xe1\xf6-4S\xc8{\
\xa1|=A\x0fz\x8c\x8a\x8bR\x13]H\xb2\xea\xd0\
\xe1Ix\xcd\xa2\x9c\xda\xf4\xe7g\xaf\x04\xcc\x0cf\x8b\
So\xde\xbd\xe1\x97\xc5\xd8\xac[\xbf\xf8K\xf1\xe4h\
A\xeb\x90\xfc\xd7\x5cw\x03\xc6'\xea(\x17#\xae\x0a\
  \x08\x08\x1cBL\xf1\xfe.\x15K\xde\x8a\x1b\x13\
\x98$q\x0c\xbdV\x16\x13\xb80\x12\x5c\x0a\xd0O\xeb\
\x8a6s\xeey\xb7\xbb\xe0\xa2\xd7\x9f\x83SO<\x01\
\xadz\x0dW\xff\xed*T+%\x04\x81\xa1\xd5n\xa0\
P\x08Q\x8c\x0a\xde*\xacM\x9d\xc1\xfe\x01\xf4W\xfb\
\xc8&\xe6\xbc\xe2\xfa\x16\xb2N.\x86#\x9b7y\x10\
\xf5\x9c\xa7?\x15\xa7\x9dp<\x1e\xfc\xff\x1e\xc8M\x97\
\xd4S\xc0\xd6\xa9\xac\x5c\xf5\xc3\xcc\xe4\xc0\x02\x87\xd4\xd1\
\xef\x00#\xd5\x09\xeaF'&\xf4\xaf\xc2Pb\xbdS\
\xad\x94V\xa1\x84\x96\xf2:\xb4n\x05\x019\xb0/\x1d\
\xae\xa7\xfa\xe2$\x169\xc8\x8a\xb0g\x91\xc4<z\x19\
I@\xab\x95H#\xaaf\xcb\x15q\xce(\x98\xd3~\
#\x01\x8d\xea~\xd3\x99\xe5\xda\x11\xb3\x85o,\xb3\x85\
\xe3\x97k?\xf7\xc5v\x9b\xd9\xad\xa6l\x08\xc4\xd4\x09\
t\x0e=\xf2\x08\xfc\xed\xea\xabq\xdf\xbb\xdf\xd9\x0a\x05\
@K\xefD\xbd\xc1\x87\xb4\xc3\xc0\xe0 :q\x8a\x89\
\x89)t\x08\x1eB\xee@:>\xfc\x13>\xfc\xc3 \
\x04\xb1\x05\x04\x83\x8a\x040`:\xa3\xb1zx\x10\x8f\
z\xc4#q\xc6\xe9\xa7\xe2\x9b\x9f\xf9\xb8M\x8e\x8dc\
|t\x04\x03\x04+I\xbb\xed_)\x19\xacV\xb0\x92\
\xf9\xa6&\xc6Q\xa0B\xb0b\xa0\x9f\x0fo\xc3\x86\x1b\
o@\xb3Q\xc3C\x1e\xfc\x9fx\xe7;\xde\x86\x07=\
\xe0\x81\xb8\xddmo\x8b\xd0\x02P\x03B\x9b\xcaBB\
E@\xda\x82\x94!\xb0T\x9b\xbb\xa5\x8dz\x13\x1d\xee\
\xa6\xb2\x09pQH\xebM\x84\x88\xca\xcc\xe8d\xcd\xf7\
\xe7\xbaM\xdbp\x9f;\xdd\xce\xb4k\x1b\xd2*\xd5\xa6\
\x82\xe4\xd4\x0f\xdcr\x87\x99mW\x99\x99-5\xfe\xdb\
\xe5\xdf\xdf\x22\xcc\xba\xfd\xef\xed\x97\x99\xf5\x06\xbd\xdfl\
6n\xd6\xe7\x93\xf2\xcbr\x96\x80\x0b\x91\xea\xdev\xbc\
\xbf\x09\x0a\x92\xe9\xc1\x15\xe0\x89\x91\xe2\xdf\xee\xcc{V\
\xca?\x8d$4:3\x060\xe6+\x95\x224h\xc9\
\x8d\xc2\x08\x01\xcb\xba \x80\xd6\xa6\x80\xae\xd6\x85T\x8b\
\x18\x80\xc8\x05\x5c!\x80\xc9\xa9:\xee\x7f\xbf\xfb\xe2S\
\x1f\xfb(\x9e\xf0\xd8\xc7\xe0\xefW\xfd\x05\xdc\xb9!@\
j\x91\x9a\xcc\x93\xf8\xbcm\xae\x87c#[Q\x9f\x9a\
@\x89\xebC\x99\xeb\xda\xe8\x96-\xd8\xb6i#\xbe\xff\
\xa5\xcf\xd9\x9b.\xbe\x18\xcfz\xdaS\xb1z\xf5j\x04\
f\xfe\xdeu\x0et\xd3.\x11\x85\x1b\x89\x01E\x92x\
2_\xcc\xf6\xb4b\xa0\xc2uO_\xae4\x96\xd94\
:\x81/~\xe1rl\xda\xb4\x09:\xd4n\xfd\xbf\xb0\
\x80}\x10\xd8\x11)>\xa7\x5c\x02\xb9\x04\x96\xbf\x04x\
\xcb/\xffN\xec\x0f=03\xdf\x0d\xb3\xae\xeb\x03\xd3\
\x17\xb3\x9d\x8b\x9b\xce\x9e;=\x1203>\xf7\x16\xa7\
\x9e\xac\xb7\x8a\xb7P-\xe3\xda\x1bn\xc4\x9d\xfe\xf1\xce\
\xb8\xdf#\x1e\x97^\xf0\xa6\xb7c\xaa\x95\xa0\x7f\xb0\xcf\
+\x16\xdb\x08T\x02*\x14\x95\xfeA\x98\xe3\xae#\xd8\
\x17\x04\x10\xd0\xa97\xea>\xa4\x0f\x17\xb4\xa8x\x94\x08\
\x22\xf4\xe0o\xf1\xa9^&j\xba\xfdm\x8e@\x9dO\
\xf07]\xf8\x06\xfc\xe4\xcb_\xb0\x0d\xd7^\xeb-6\
\xc3\xfd\xfd\xd0\xfb\xee\x93cc\x18\xea\xebC_\xa9\x84\
\x89\x91\x11*\x14\x9bp\xb7\xbb\xfe\x13\xad9\xa7\xe2\xa5\
/x.\x0eY\xb7\x06\x02\x0c3KK\x00\x00\x10\x00\
IDAT,)5\x97$\xee\xa0M\xa0\x14\x04\x06\
)8\xaa_\xae\x14\x82\xa8PB\xb1RF@\xc5D\
\x00N\xd4$\xf0\xa9\xb5c\xf4\xf7UP\xa7\x96\xf4\xfd\
\x1f\xfc\x00\x0fx\xfc\x93\xd2r_\x15\xe5J\x055\xb6\
\xbd\xd9l\xeeu\x99\x9b\xd9\x9c:\xcc\xe6\x86\xe7$\xe6\
\x01\x98m/\x1f\xb3\x85\xe2ra\xed\x0f\x12H\xe7X\
\xe3\xa8\x0e8\xae1B\x02$s!\xee\xf6\x80\xffJ\
\xbf\xf8\xa5\xaf@\xf7t\x9d\xebJ\xbd\x95\x02\xcc&\xcb\
m\xc4M\x0d\x01\xa2\x98\x1b\x17)\x18O\x818.@\
\x22m\xc6p\xd9@\x14\x19Z\x8d\x0e\x86\xb8\xceE0\
\xa4\xdc(9\xf6\xe8\xa3\xf1\xc1\xf7\xbe\x0f_\xfd\xd0\x87\
\xad6>FKq\x80\x22\xcb\xb5i\xf5\xd1oq\x06\
\xabUT\x8bEZ\x96\xc70\xbau+\xbe\xf3\x99\x8f\
\xd9\x1b/\xbc\xc0\xafekW\xad@L\xf0U\xe4:\
\xd4\xa1\x15I\xc0\xc6\xcc`\xd6\xa5\x94n\x97\x00\xb5S\
\x9b/\x1e\xc0\xb1\xcdA\x00\xda\xa3\x01v\x037p\xf3\
\xe5\xcf\x7f\xf9+>\xf3\x99\xcfx\xab\xb6\xbe2\xc9\x12\
\x9ew\xc0\x8c\xea\x83\xd6;\xc5\xe5\xb4\xefJ@\xf3w\
)\xdaw[\x9e\xb7\xec\x96\x96\x00\x97\x80[\xba\xca\xbc\
\xbe^\x09\x98\xd9L\xd0\xac\xeb73\xbfx+\xc1\xcc\
\xe4x2\xb3\x99xE\x98\x99\x9c\x9c\x96\xa9\x04\xb8\xd9\
HkM\x0c+\x84\xd82\xb2\x0d\x15ZW\xbe\xf5\xfd\
\xefb\x05\x9f\xe4W]w=Z\xecW\xff\xe0\x90\x7f\
@7\x084\x9aT\x14\x88!@\xec\xe0\xe3\x8a\xa5\xb2\
\x7f\xf5\xa3\x14\x15P\xa2\xe2!\xcb\x8b65\xcb\x85\x80\
\xbb\xad@\xa3\xd6D\xab\xde\xc2\x11\x87\x1f\x8a\xad\x8dV\
z\xca\x09\xc7c\xd5\xf0\x10\xc6\xb8S\xaa\x0f\x18T\x09\
NZ\x93\x93\xb8\xe6\xaa\xab\xa0\x8f\x19\xbc\xe2%/\xc2\
k\xcf:\x13\xffz\xf7\xbb@\x80)aE\x01\x95\x9e\
P\x14\x84\xfeU\x93\x88\xaef\x9d(\x85!e8f\
;ES\xad\x16&\x9bm\x80\xf32\x0c\x1d\xd4\x88\xab\
\xaf\xdf\x807\x5c\xfc&|\xf1K_F\xff\xd00Z\
Lo\xb5\xda\xa8T\xfa`A\x84[\xe2036\xc9\
f\xaa2\xb39\xe1\x99\x84\x03\xd8c6W&f\xdd\
\xb0\x99\xcdH\xc5l\xd6?\x13\x99{\x96\xb5\x04h4\
\x86(\x81y\x0b\xac\x99\xc1\x8cD\xab\x8a\xb9\x00\xeb\x0e\
9\x04\x9f\xe7\xbd{\xec\x89g\xe0o\x7f\xbf\x16\xc5\x82\
a\xf3\xc8\x04\x1c\xef\xdd\x0e{\xde!\x9ah\xb6c\xd4\
\xb9q\x11\x13\xf40\x0a\x8e\xc0E\xaf\xc7%I\x87\xeb\
S\x8ar)\x04W\x038\x9a\x9d\x07+%\xa8\xa2C\
\xd7\xaeC\x83Z\xea\x19'\x9d\x8c5\x5c\x93n\xbc\xe6\
\xef\x18\xe2&\xc8\x11\x07\x1d\x84\xc9m\xdb\xb0\xe5\xc6\x1b\
\xb1v\xe5\x10^\xf4\xfcgcK\xbd\x99\xde\xedN\xb7\
G\x9d\xd6c\xe2\x15\x14\x82\x80\xa0)A\x91\x9b@\x0e\
l\xab\xa5\x00\x17>\xbd6\x99\x1a\x90Q\xcc\xc6\xa4,\
\x90:\x02\x1cf\xa9\xb3\xc1\x8a\x1b\x99\xa8\xe1\xeb\xdf\xfa\
6^s\xce\xb9\xd0km\xfa\x7fe%n\xf8\x08\xdc\
\x88Z\x5c\xc7\xcc\x0c\xb2\xf2\x90E~\xe6\x12XZ\x02\
y\xea\xb2\x90\x80[\x16\xad\xdc\xcf\x1bi\xc6\x15z\x81\
>\x9a\xcd\xc6\x9b-\xec_\xa0X\x1e\xb5\x0b\x1203\
\x98-N\xbb\xc0\xeafeu\x85\x08-\x82\x98$0\
\xa4|\x88\xf7\x13\x10<\xfc\x99\xcfM\x8f9\xe1D\xff\
@\x9e\x12\xc8\x89\x01\xa3ra|\xb8w,\xa5\xae\xc0\
'7\xbaG\x10\xf0i\xde\xf5BV\x96z\xbd\xc1\xdd\
\xc9\x14\xa1\x81\x00\xa6HE\xa3\x802y\x97Y\xcf#\
\xfe\xe3Ax\xcb\x85\x17\xe2\x89\x8f}\x14:\xf5I\xd4\
\xc7G\xd0\xac\x8d\xe3iO|\x1c\xdep\xcek\xf0\xa8\
\x87\xfe\x17*\x04@\xfa@M\x95\x80\xa9H&\x96r\
\xef\x96J\x0a\xe8j\xb7V__jsGU\xa4\xfa\
\xcc\x1cAY\x8a\xf1F\x13\x1d\x18\x15\x84\x08j\xddU\
\xd7^\x87\xaf]\xf1\x0d\x9c{\xc1\x1b\xf0\xdd\xef\x7f\x0f\
\x9b\xb6nA\xc2]\xe4\x16\xcb\x06l\x8b\xb1\xdd\xb7\xb4\
2aF\xa1L\xcbJ\x8e\x99\xc1liR\xbe\xfd\x99\
\xcc\xba\xfd\xef\xed\xa3\x99\xf5\x06\xbd\xdfl6n\xd6\xe7\
\x93\xf2\xcbnH\xc0\xcc\x96\x9c\x83\xbb\xc1z\xa7\x8a\x12\
o`\x86x/'\x82%.\x00D\x81C\xa9\x5c\xa6\
\x15\xb6\x81M[\xb6\xe2\xcc\xd7\xbc\x16\xe7\xbf\xe9\x1d(\
T\xaa\xe0R\x84F;\x85#\xb0)\x16K\xb4\xe0D\
h\xd3\xe2\xa2\xfb[\xfc\xcc\xb8\x9e\xf1~\x17xh\x13\
\x0cuHa\xe0\x10\xb0U\x01\xd7\x13G`\x14\xd2\xff\
\xc0{\xdd\x0b\x17\x9ew\x1e\xce>\xe3\x0c\x0c\xd1\xea\xfb\
\xcb\x9f\xff\x0c\x15\xae=\xcf\x7f\xf63p\xe1\xeb\xcf\xc5\
\xe3\x1e\xfe\x10\x94i\xa5v\xcc\xdb_.r\x8d\x8b\xd1\
iu\x10q3\xc5\x18\x07\xae\x86\xde\x99\xbe\xa8\xee\x84\
h'e8!\xc9\xad5S8f\x16\xf0\xf9\xc6\x95\
\xdf\xc7\xa9\xa7\x9f\x81\x0f\x7f\xf4\xe3\xa8\xd0\xc2=4\xb4\
\xc2\xf7_\xff\x085\x0cC\xe8\xb7\x84~\x9d\xe3\x9a\xec\
\xd87\xb2\xc8\xcf\x5c\x02\xb9\x04\xf6\x03\x09h\x0d\xd9\x0f\
\xba\xb1,\xba\xb0d#\xcd\xcc\xa7\x9bu]\x1f\xc8/\
\xbb-\x013\xbbU\x95\x89\xa5:\xc0g2\x15\x89:\
\xfa\x87\x07\x11\x14\x0b\x88\xb8\xeb9^\x9b\x82\x00M\xdf\
\xe0\x10^\xfb\xfa\xf3p\xf2i\xaf\xc2O\x7f\xf1\x0b*\
\x15\x80\x83\xa1\xdeh\xc1\xcc\xfc#~\x8cV\x99\x14\x86\
F\xb3\x81Z\xbd\x86BT\x80~\xf8\x1b\x12\xdc\xa4T\
(\x9a\x8d\x06\x22\xa3:@E\x83\x1b\xb2^\xd1X\xd1\
_\xc5s\x9f\xf6T\x5c|\xfe\x05x\xf1\xf3\x9e\x8f\xb7\
^t1\x9e\xfa\xc4'\xe2\x90\xb5\xab\x11\xb2\xb1\xc5\x00\
\xa0\x1e\x01b*\xc4|\xe0\x07\xe6`F&L\x0b\x82\
\x00aP\xa0\xa2QD\x18\x16\x11\x90Z\x8cO`\xa8\
\x94\x8a(\x10\xc4l\x9e\x98\xc0\xd7\xbe\xfd=\xbc\xfd\xd2\
w\xe3Mo}\x1b\xae\xb9\xeeZ\x1cv\xe4mp\xd8\
\xe1G\xa0I~\x95\xbe\x01D\x85\x92\xffPA\xb3\xad\
\xd2dp\x0b\x9efv\x0b\xd6\xb6\xfc\xaa2\xdb^>\
f\x0b\xc5-\xbf\xbe\xe5-\xde^\x02f\x06s!`\
\xbc\xf1\x01hMJ\xb8\xd2\xc4\xf4\xe8\xbe\xae\xf3\x9e\xad\
\x0e\x0ex\x0bH\xc2\xf4\x9f\xfc\xec\xe78\xf1\xe4S\xf1\
\xe9\xcb\xbf\x81F'\x86~[\xa8x\xe7\x028\x22 \
Y\x9e\x056\xc0u\x83K\x10J\xa5\x02\xd7\x92\x04Q\
\xe0\xb8J\x00-n\x8a\x84\xceP\xe6zGc\x0c\xb4\
Ni\x83\xe5\x81\xf7\xb9\x0f^u\xdai\xf8\xe0\xfb\xde\
\x877_t\x11\x1e\xf7\xc8Ga\xd5@\x1f\x81M\x8c\
\xa2\x03,N\xd1\xa1U\xb8\x14\x06(\x16B\xd4\xa7j\
hrc\x07\xd3G\xca\xfa<\xb1\xed\x89\x01\x1d\xc6\xeb\
KkS\xad\x14m\x82\xae\xef\xff\xf4\x978\xf6\xc4\xd3\
\xf1\xba\xf3\xdf\x80m\xe3\xe38\xf4\x88#h\x1d7\xe8\
\xabo\xb2J\x89\x82(BT,R\x06\xe6\xa9\xc9\x8d\
\xa6\x84|\x96\x22&\xe7g.\x81\x5c\x02\xcb@\x02\x5c\
F\x96A+\xf7\xe3&\x9aqe\x9e\xd7?\xb3\xb9q\
f\xdd\xb0\x99\xc1\xcc|n\xb3\xae\xeb\x03\xf9e\xd9J\
@_\xfc\x99\xac\xf1\xc1M\xc5\x7f\x92\x80\xa5T\xad\xa2\
\xc3\x07{\x93\x8a\xc4A\x87\x1e\x86?\xff\xedjo\x1d\
)\x9b\xd9\x1f\xe8\xaf\x96K\xa8Q\x01\x99\xe0\x83\xbe\xaf\
\xaf\x0f\xcdV\x1b\x05\xee\xac\x96\xca\x15ZN\x124Z\
\xb4\xb00\xdd\xf1\xe1\xaf\xaf%I0\x85(\xa0R\x11\
\xa3IP$\x95Ft\xd8\xba\xb5x\xf8\x83\xff\x03G\
\x1dv(\x86\xab\x15\x0f\x84\x14/\x05\x84\x8fzP\x1f\
A\xc8\x9dN\x83\x89\x05\xa4\xb8h\xc73aX\x1f\x19\
\xe8\xc4\x09\xdazM%\xf5\xc9\xd0\xafo~\xfb\xa7\xab\
p\xe9{.\xc3E\x97\xbc\x05\xbf\xfc\xd5\xafq\xd0!\
\x07c\xd5\xdau\xd8p\xd3M\x18\x19\x1f\x83\xb2R\x87\
\x82vQ#*;a!\xea\x16\xde\x8bW\x8am/\
r\xdf\xffY\xe7\xf2\xdb\x7f\xc7X\xf7\xa2\xb3\x10\x1ac\
\x11\xa6\x01O\xc2;U\x16\x92X\x19\xd8}\x81\x98r\
_?\x9aq\x07F\xb0q\x03\xef\xe7\xb7\xbe\xe3\xed8\
\xfb5\xe7\xe0/W\xfd\x15\x9bG\xb6\x118\x00\x02\x19\
\x9e\x07\xb5\x0a\x15\x95%\xb7\xc1\xcd\x99\x90 \x82l\x08\
V\x9a(\xd0J\xc3\x0a\xc1*\x90\x12LDp\xfc\x03\
BfX\xb7r\x18G\x1d~(\xd6\xac\x18d8\xf5\
 \xa9L+O\xc0\xb400\x94\x8a\x11\x90\xd0\xb2\xcd\
\xb5\xb1\x5c\xa9\xa0X*1\x85Qd\xd6mo\xcav\
0\x9d\x95\xc7L\x11m\xdc\xbc\x05\xef|\xcf{\xa1W\
i\xff~\xed\xb5X\xb3\xfe \xc4\x5c\x1b\xb7\x8c\x8c\x22\
\x88B\xc4\x04B\xb2\xe6\x88bZ\xa6&\xb9\x81$W\
\xed4\xeb\xae}d\x95\x9f\xfb\xa8\x044\xeeK\xd1>\
\xda\xec\xbcY\xb7\x82\x04\xdc\xadPg^e\x8f\x04\xe6\
\xdf\xa8^\xa1\x94f\xb9@\x9e,-+\xa3,f\xc6\
g\xc7\xcd'\xf1\xd8\x9f)\x93\xd5\xcdu\xcd\x96\x96\xed\
\x8edg\xd6-\xdf[\x7fo\x19\xbd\xc2\x16\xa7\x09B\
Z;\x22*\x05\x1d\xfaM.3\xb5S\xa0<0\x00\
\x17\x15p\xefG<&\xd5k$\x97}\xe4\xe3\xb4\x06\
5\x91\x81\x1eW\x88\xf8\xa8\x07\x81G\x82\x16\xb7U\x8b\
\x85\x22\x02\x82\x14\x18\x19\x88\xc8C\x0a\x82,5\x15\xe6\
5\xce\xad\xa4\xd3\xf4\x8aD\xa8\xb6\xf9l\x89W8\x0c\
1\x8b\xa5Lc\xe4\xb4R\xc1\x08h\xdeI\x01\xe80\
\x8eU \xb5\x10\xac\x04\xf5v\x07d\x81\xbf\xdd\xb0\x81\
\x96\x9c\xcbp\xda\x99g\xe1\xcao}\x07\xab\x09p\x0e\
\xbd\xcdm\xa0\xff\xab\xd3$\x18+\x13\x94\x05.B\x10\
PYaM\xe6B\xc8B\xd4\xd6/\x85Y\xd5\xfc\xb3\
WV\x99_y2\xbf\x5c\x85w\x86\x16\xcakfl\
w\x97\x94\xbe\x14\xed\xa8\x0e\xb3.\x1f\xb3\x85\xdd\x8c\xf7\
|>f\xdd\xfcY\xfab\xee\xfcr\xf3\xc3\x8b\x95\xdb\
\xd9\xf8]\xe5\xa7\xfc)/\xd4\x11y\xdd\xfb\xe7\xfc~\
\xec\xfd\x1a\xf7l\x0d\xf3\xdb??\xbc]m\xf3\x22\xcc\
\xba\xf3\xc4l\xd6\xed\xcdb\xd6\x8d\xef\x8d\x93?\xabG\
\xfe^2\xeb\xe67\xeb\xbaY\xbe\x19W\x99\x95\x168\
\x18)\xe1\xfd\xda\xe1\x9aQ\xe7FI\xa1T\xf6+\x84\
\xd6\xa3\xc1\x15+q\xf5u\xd7\xe0\xb8\x93N\xc6!+\
V\xda\x1f\xfe\xf2W\x90#\x82\xc8a\x82\x00\xa7\xd9N\
P(\x15\x10r-c\x02`\x86\x80\x96\xe1\x16\xad\xcd\
H\x01\xee\xbe\x90s\x0aV\x01\x81\x19\xc7(\x87\xc4\xfb\
\x0b\xce\x10\x85\x0e\xc470\xc6'\x047)7W|\
9\xf2q\xce\xa1C\xa0\x14'1\xa3T\xca\xf9\xb5\xaf\
\xc3\xf5\xc9\x02\x07\x0b\x80\xeb7l\xc0\xe7.\xff2\xdb\
w\x22~\xf0\x93\x1f\xc3\xb1\x1d\x117\x84T\xc2\x5c\x88\
 , eF\xe7\x9c\xff\xf0\x8a\xd68\x91\xc2Z\x87\
3y\x98\x19\xcc\x8c\xad\x00\xb2\xb8\xccUd\xe6_\xcc\
U\x9e\xdd\xa1\x8c\xef|\x1ef6\xd3\xae\xf9i\xfbR\
8k\xffb\xee\xee\xb6\xd5\xac+\x07\xb3\xae\xbb\xab\xfc\
z\xdb\x95\x955\xbby\xbc\xb2\xf2\xb9\xbboJ\xc0\xed\
\x9b\xcd\xca[\x95K\xe0\xc0\x91\x80\x80\x88z\x9b\xf0\xf1\
o|\x00sc\x12)\xfd\x09\x17\xdd\x14\x86\xea\xc0 \
\xd6\x1et0j\xf5&>\xf8\x91\x8f\xe2\x98c\x8f\xc7\
\xa7/\xff\x0aU\x03#\x01\x13TD\xba\x0f\xe9\x10\x0d\
\x02\x10}\xa5M\x00\xaaM\x85 !x\xf2\x0fqV\
bf\xe0\xb3\x1d\x850\x22\xa0I\xd0\x96\x15\xa8\xdd`\
\x0d\xaa%a\x8dZ\xe4S@\x5c\xa9p\xb80\x80\xfe\
\x1f\x8f\x0b\x02\x04\xdc\x91\x8d\x11\x02\xe4\xd1\x01\xd0J\x81\
\x22-Jo\x7f\xef\x07\xf0\x86\x8b.\xc6\xd7\xbfy%\
\x8cy\x86W\xae\x82\xfe\x9f\xceM\x1b7b\x80\xedN\
\x8c\x99y\xaaOt\xd8/]\xbb4\x9d\xd4\x0d\xe4\xd7\
\x5c\x02\xb9\x04nQ\x09pI\x00\xf4\x03=dG\x92\
yf\x5c3\xe3-\x1f \xa5+J\xb8.\xa4\x81\x83\
@\x05\x5c\x00Y\x9f\xff\xed\xc1\x0fKO:\xedt\x5c\
\xfa\xfe\x0fa\xc3\xe6\x11\xff\xea\x9a#\xe8\xa9kg$\
0o\xa9\x9e\x9c\xaa\xc1\xc2\x10\x85r\x19D\x0d\xb4\xf2\
4\x00\x86\xc1u\xc4X\x9bV2\xb9\xd0\xda\xc3p\xe6\
v\xdaM\xb8\xd0`\xce!\xa1\xe5\xa5\xddj\x01\xce\x10\
\x16\x22V\x1fp\x93\x87\x0c`\x08h\xa5\x09\xc8\xaf\xd6\
\xea\xe0\xdb?\xfa\xb1\xb7.\xbf\xe5\xed\xef@\xe2\x02\xb0\
0\x12sH\x0d\x00\xd7W\xf0H\x18\xa6\xc3\xd3\x91\xba\
\xa7\x992t\xfd\xf9u\xdf\x91@\xde\x92\x5c\x02{B\
\x02\xb3w\xfa\x9e\xe0\x96\xf3\xc8%\x90K`\x97$\x10\
P\xe3\x10\xe9F\x14\xa9\xb0\xf1\x81\x9c\x82\x0fg\x92\x05\
\x11\xc6\xc6'061\x89j\xff\x00V\xaeZ\x83M\
[\xb7\xe1\xd3\x9f\xfb<VF\xa1\xfd\xf1\xaa\xbfB\x16\
\xa0Z\xa7\x83)\x02\x1d=\xf4\xb5\x03+=#\xe4n\
\xa6\xa3\x92\xe0\x08Z\x8c\xae\x94\x0cO\xacD\xc1\x88\xbb\
\xa7\xc5(\x84!A\x92v<\xb5\xa8L\xe8\x9f\x8d6\
\x9bM\xc6\xa6\xfe3\xd1\x0d\xee\xd2\xb6:l\x11\x95\x8e\
\x94\xfa@\xcc\xf2\xdf\xfd\xe1\x0f\xf1\xfc\x97\xbd\x02W~\
\xe7\xbb\xf8\xeb\xdf\xaf\x81vU\xf5*]\xb9\xda\x87\x0a\
I@\xa8\x1dS\x11I\xd9+\x11\xe8\x92X\x9c\xf5\x01\
\xe6\xe3\x90\x1f\xbb)\x013\x83\xd9\xcd\xa7\xdd\xac>/\
\xbe\x1fH@\xf7\xff|\xea\x82\x8d\x04\xdd/\x9c%\x00\
\x01\x86H \xa7K\x01\xb4\xael\x1b\x9d\xc0m\x8e\xba\
#\xf4\x1b\xc3\x0f}\xec\xe3\xb4\xa4\x9c\x8c/^\xf1M\
\xd4\xb9H\x84\x5c_&\x9am\xc4\x9c\x9f\xe5\xbe\x0ay\
\x01\xfa\x1d\xa0\xf8\x84\xa5\x8a\xff\xfd\xcev\xe2\xe3\x92\x01\
O\xac\x93\x1b5a\x10\xc2\x87\x99\xd1\x05\x01\xa2b\x01\
m.n\xadv\x0c.Kpl\x97\xd6\xbd:\xe3\xfe\
x\xf5\xdf\xf1\xe6\xb7\xbd\x1d\x17\xbf\xe5\xed\xb8\x8ak\xd2\
\xca5k\x91\xb2\x0d\x22\xb59e;\xb4\xf9\x22Ji\
\x9a\xf4ddOR\x9bR\xba\x19),\xca\xc2\x8b\xb9\
lV~\xe6\x12\xc8%\xb0\x0c$\xe0\x96A\x1bw\xb2\
\x89y\xb6\x5c\x02\xcbK\x02\xc49T\xfa\xe1\xc9\x81O\
Z\xf0\x10\x08 \x991L\xd0#\x10\xe1\xc2\x02\x8c\x0f\
\xfd\xd4\x1c\xfa\x08xV\xac\x5c\xed\xffI\x9f^m\xd3\
\x8e\xeae\x1f\xfc &\xeauDQ\x88\xcdcc\xf4\
7\x11\x04\x0e\xad8\xf1\xbb\xaa\xe4\xca\xd3\x01f\x90\x95\
\xc7+\x1c\x00\x02\xc7]O\xba\x1d\x02%\x91#\xffB\
\xa1\xe0\x01NA?\xd4\x85\xa1\xd6\xec \xe0.\xadv\
We\xd1\xf9\xd35\xd7\xa3\xcf\xcc\xce9\xffB\xe8\x7f\
\x00\x09\xcf\xacY\xbb\x0e\xab\xd7\xae\x81\x00\xd2(\x81Y\
A\xaf\xe4\x15\xcb\xd0\xfb\xefd\xbf\x83\xd3\xed }\xef\
&\xb3+X\x8a\xf6n\xed9\xf7\x5c\x02\xb7\xb6\x04\x08\
*\xb8\xad\x01O\xdb\xb7\xc5\x03\x82i`\x90\xa5\xea~\
\xe9\x02\x81\x00\xc3\xabV\xe3\xa6\xcd\x9b1\xa5O\xdc\xdf\
\xf6(L5[\xfe\xc3$+B\xb3\x1f\xff\xef\xff\xa1\
X\x8c\xd0L\x12o\x09\xf65q\x8di\xb5i\x9d1\
\xc0[y\xe8z\xbe\x5c\xf3\xbc;\xffb\xcc\xc0Sk\
V\x8b\x9b9\x09\x81\x90#\x80\x09\xa2\x00\xe0\xd21I\
KN\xb3\x15\xe33\x9f\xff\x02N?\xe3l\x5c\xf9\xdd\
\xef!\x8c\x8a~c\xa8op\x00`})\x01Qj\
\xe6\xefs\xf4\x1c\xea\x9bq\x116\xb3\x9eXl\x97\x0f\
\xbbq\xa8\x8e\xa5h7X\xef\x13E\x97\xea\x9b\xd2\xf6\
\x89F\xe6\x8d\xc8%@\x098R~\xe6\x12\xc8%p\
+I@\x8fYOz\x88\xc3`fl\x89n\xcb.\
u\x88&J\x95*\x8a\xe5*\x15\x8a\x066n\xd9\x0c\
\xfdC\xce\xbe\x81~\xac=h=\x10\x84\xf8\xea\xd7\xbf\
\x81\x17\xbc\xf8%\xb8\x94\xa0\xa7\xd4\xd7\x87r\xb9\x88:\
w>\x03\x02\x1e\xbd\xa3\xde\xd0\xebj\x044\xa0v\xe0\
\x82\x00.\x08\xa0\xd7\xdbX\x11-2\xb1\x0fGQ\xc1\
o\xa0\xb2\x19\x8cv\xdc5M\xd1\xa1\x92\x13\x15C\x1f\
\xbfy|\x0a\xef\xf9\xd0\xc7\xf0\xca\xe3O\xc2\x83\x9e\xf8\
\xb4\xf4\xf0\xa3\x8e\x82Q\xa9(W+h\xb2\xae\xa9z\
\x13qjH-\xf0a\xd5\xd5\xdf?\xc8\xfe\x04\x9e\x1c\
Xo/\xb1\x9f\x0e\xc6\xba\xf23\x97@.\x81[K\
\x02\xba\x07\x1d\x15\xfe\xc5(M\xb9\x82\x90\xd4\xbeLy\
\xcd\x5c\xc5\xe9\xd5\xda\xa8X\x05\x5c\x81\xebR\x1be\xde\
\xf3\xab\xd7\x1f\x8c\x87<\xe3\xb9\xe9k\xce}=\xce{\
\xd3%\xd0\x07\x0cx\xbb\xfb\xff\xc1e\x02*\xdcP\xa9\
7h9N\x01\x9e\x9e\xbaK\x81\x83w\x0d\xb3\x07\xfd\
\xd9\xabkQ\x81k\x11\xc3S\xf56yu|\xb9\x1f\
\xfc\xf8\xe78\xfe\xe4Sp\xd9\x07?\x84\xca\xc0 \xd6\
\x1d|\x08\x12\xe7\xd0\x22\xc0\x1a\x9b\x9a\xa2?\x00\xb8&\
\xc1im\x02f\x5c\x82;3c\xc4\xecif0\xb3\
\xd9\x88\xdc\xb7\x8ft\xd7\x8a\x00\x00\x10\x00IDAT\
\xec%\xa0\xb9\xba\x14-\xfb\x0e\xe6\x1d\xd8i\x09pu\
\xd9\xe9\xbcy\xc6\x5c\x02\xb9\x04\xf6\xb0\x04\x02\x18!\x80\
A7\x22u\x0eZy\x1c\xccf\x1f\xb8\x05\xaf\x18\xb4\
0Uk@\x16\x1e\xfd\x93Q\xbd\xa6\xd6\x8a;\x98\xa2\
\xc2P\x1d\x1a\xc0\xc0\xca\x95\xb0\xa8\x80\xcf~\xe1\x8bx\
\xf9+\x8f\xc5\xb7~\xf4#\x14\xb8\xf3\xa9\xd7\xdb\x82\xc0\
!*\x14A\x1c\x02Yu\xc0\xc3\xac\xcb_\xff3\xc7\
9\x07Yt\x18M+P\x07\x0d\xee\xcc\x8a\xb7s\xe6\
\xdb1\xd9h\xe1\xf2\xaf_\xe9_O\xf9\xf4g>\x87\
\x15k\xd6`\x90\xf5m\xe0n\xae\xea\x14\xc0\xe9\xf2u\
\xdc\xc5-\xa3R\xa9 \x8a\x22_V<s\xda\xbb\x12\
03/k\xb3\x9b\xe7\xee\xdd\xd6\xed{\xdc\xf3\x16\xcd\
\x93\x80\xc9\xde2/\xae'h\xd6\x9dW=Q3^\
\xad)\xe0fK\x91\x1b,\x95\xbe~\xe8+g\xb2\xec\
\xb4h~)p\x1d\xd0\xba\xf4\x93\x9f\xfe\x1c/}\xe5\
1\xf8\xf4\x17\xbf\xcc\xf5!\x22\x08\x01\xf4Jl\x81\x1b\
2\x8dfs\x86\xd7\x82\x1e\x83\xff\x10AT(\xf8\x0d\
\x99\x89Z\x13\x02G\xa5r\x84_\xff\xe6w8\xfa\x15\
'\xe0\xf5\xe7_\x00\xd5\xb9j\xf5:\x8cOL\x225\
\x87J_\x15\x82BA!\x02\x177O\xbe\xad\x5c\xd3\
T\x8f\x99\xcd\xdc3\x0a\x8b\xccL\xce\x0c\x99\x99\xcf3\
\x13\x91{r\x09\xe4\x12X\xd6\x12p\xcb\xba\xf5y\xe3\
s\x09,c\x09\xe8\xe6\xeb\x02\x1c\xccy\xb0\xfa8>\
\xb4\x8d\x14P\x99\x10x(\x16\x8b\x08\xc3\x90\x8a\x02\x01\
\x09-5\xda\xad\xd2\xa7W\x1b\xad\x0e\x15\x08Zg\xf8\
`_\xb3~\x1dF\xc7\xc7\xf0\xba\xd7\xbf\x1e%3\xfb\
\xed\xef\x7f\x8f-\xdb\xb6!\xa6\xf2\x11\x92\x8f>Z\xa0\
\xaf*Ia\x10\xc0\x11\xd0\x11PI\x00p\xff\xd6\x93\
>c\xad:\xebTD\xf4\xd9\xeb\xd3N\x7f\x15>\xf0\
\xc1\x0fctl\x02\xc3+Vr\xf7\xb6\xce\xfaR\x0c\
\xd2\x1f\xb3`\xb3\xdd\x81s!\x02Z\x8b\xf4A\x84&\
\xcb\xc5q\x8cf\xb3\x8d\x91\x911rV/E\xf4\xee\
\x83'\xc5\x84\xa5h\x1flr\xde\xa4\x5c\x02{L\x02\
\x8e\x8b\x81\xa3\x05w>\x01L \xe9\xde\xd0:\xe1x\
\x0b\x8b\xba\xaf}\xa5\xd0oy\x94\xd6\xe0\xfd.+M\
\x9b\x8bA\x10\x16\xe0\x82\x08z\xf5\xb6\xd5I \x0bK\
X.\xfbW\xdd>\xf0\x91\x0f\x13\x9c\xbc\x12\xff\xf7\x9b\
_#\x08\x0d1\xd9\x17\x09x\xb8\x84\xd0\xc6\x0208\
\xb7O\xd6\x0d\xaan\xfd\x86P\xa1j\xa5\x88\xdf\xfd\xe9\
*\x14Y\xf1\x1b\xdex\x11&kS8\xfc\xc8\xdb\xb0\
\xac\xa1P,\xa3L\xc0\xb5mt\x0cc\x13S\x04V\
e\xb4\xb86\xaa\x9c\xea`\x11yy\xaf\xa7\xf3\xc8\x18\
6\x9f\x96]\xb2\xbcYx?w\xf3\xee\xe5\x128 \
$\xe0\x0e\x88^\xeek\x9d4-\xbf\xfbZ\xa3\xf2\xf6\
\xdc\xda\x12\xd0C\xd6\xfc\xa3\x1f\xb4\xf0\xa4\x90\x0a\xd0\xa8\
\xd5\x10\x05!\x1f\xdeE\xa6P\xc9\xa0b\x12\xf1\xc1\x1e\
\xd1Z\xd3\xe9\xc4\x08i\xd11\x17\xc2\x98\xa7\x13\x1b\x82\
b\x09\xabV\xaf\xc7c\x9e\xa5\xd7H\xce\xc3'?\xfb\
y\xfc\xe9\xaf\x7f#\x90\x01\x15\x91\x10\xa9E\xe4\xe3\x90\
\x22d\x1c\xcb\xb9\x22\xfd\x8e\x0a\x8a\x01L\x8b\x01l%\
\xb0\xf9\xf8\xa7?\x8b\x13O:\x15\xd7m\xb8\x09AT\
D\xa5\xda\x07\x0b\x03\x84\x85\x12\x04f&'j\xcc\x09\
\x94\xa9\xcc\x080u:\x1d\xdf\xc6B\xa1\xe0-HA\
`X\xb1b\xc8\xe7\x01k\xecz\xb2y\x9f\xb9\x8a\xed\
\xf5+\x9c\xd3>#\x81\xdeu\xaa\xd7\xdf\xdb@!s\
\x86\xfd\xce9]\x9dN\x17\xd2t\x12}\xddS\x8a\xb5\
\xf2\x89\xba1\xb33#\x0b\xe7\xee\xad%\x01\x9b\xae\xb8\
\xd758\x22\x1c3\xf3\x80\xc0l\xd6u0\xe8\x18\x1a\
\x1a\x92\x83F\xab\x013\xf3\xebAD\xcb\xae\x1f\xe3\x94\
V\xe3 \xc4\x14-\xd0\x03\xc3+p\xd3\xd6Q\x9cs\
\xfe\x1bp\xd1\xdb\xdf\x81\xbf^w#\xad/\xe0\xda\xe3\
\x8b\xfb\x15BkO\x0a\xadM\xa2\xee\xfa\x94\xb0|T\
\xaeb\xe3\xe88\xde\xf5\xfe\x0f\xe2\xd5\xdc\xc8\xf9\xaf'\
<5\x0dKE\xc8\x924Y\xaf\xa1\x93\x02\xb5f\x03\
mZ\xbb\xfb\x06\x06P*\x95\xa0\x8d\x17m\x10\x89\xbb\
\xd3\x85\x94\xcd\xc7\xcce\x14\xd7Y]g\xc9\xac\xdb\xaf\
\xd9\x98\xdd\xf3iSj)\xda=\xee\xb7~\xe9\xa5\xfa\
\xa6\xb4[\xbf\x85;j\x81f\x87(\x99\xce\x98pN\
$\xf4sR\xf1\x9a\x9f\xfb\x8f\x044\xca;\xd7\x9b<\
\xd7\x1e\x96\x00o(\xae\xba\xdd\x9d\xb2\xed\x17X-\x14\
\xa2=\x5c\xe9v\xecT\xc7\xee\xd0v\x0c\xf7\xb1\x88\x1d\
\xf5mw\x9b\xbb#\xfe\x02\x02\xa2\xf9\xf9T/g\x80\
\xdf\xe1\xd4.g'\xe1N(I\xef\xc8C\xef\xc8O\
S!\x0a\x10wZhS\x99pT\x0d\x82 \xf0`\
\x82\x1b\xa7\x00A\x0e\x8b\x90\x15\xe3bC\x9b\x01s\x11\
\xc0\x1dV\x8bJ(V\x06p\xf9\xd7\xbe\x81\x8b\xdf\xfa\
N|\xfcs_\xc6\xd6\x89\x06\xf4jG\x9d\x15\x8f\xd6\
[\xd0+\x1fR0j\xad\x04)y\x19\xe9\x17\xbf\xfe\
-^\xf3\xba\xd7\xe3S\x9f\xfd\x22V\xacY\x8b\x12w\
K\x8d\x16\xa5\xc4\xe0\xdb\xda\xe9V\x8c(*zEH\
 \xc79\xd0\xb2c\x88\xe3\xb6'\x855\xaf;l\xb7\
\xdc\x8c\xe0U\x1aV>\xed\xaa\xaff\xe6\x95$\xb3\xa5\
]vr\xce\x99\xc9sN\xe4\xcd\x08d|\x16s\xcd\
v\xad]jB//\x85\xf7&\xf5\xd6\xb5\x90\x7f\xa7\
\xea6=\xd8g\xc7ev\x9c\x80\x8cg/\x1fc\x80\
b\xe1u\xde\xe9\x94\xa22\x80\xb0\x91\xd1\xa2(\xd6F\
\x80\x0e\xfa\xc5+\xbb\x174\x9fD\x8a[\x8a\xccl\xce\
\xfc\xc0.\x1e\x0b\xf1\xdeE\x16\xbb\x95\xddln\xfb\xcd\
\xf6l8\xeb\xdf\xfcF\x9a\xed\x5c=1Q\x89\xd6\x80\
\xf9n\xca\xc1\x11\x19\x01\xcb\xe2\x044\x1b5p\x0f\xc4\
\xbf6\x9b\xf0\xfe\xd7:ei\x82\xc0\x1c4\xd6\xda\x98\
\xd1\x87\x05\xda\xacgx\xed:$\x852\xbe\xf0\x8do\
\xe1\xbc7\xbf\x15\x1f\xfc\xcc\x17<\xe0\xf1\xf5\xb3\x03r\
\xdbt[\xa4:i\x92kM\x0b\x86+~\xf0c\xbc\
\x8a \xe7\xf2o~\x0b\x1dZ\x8eJ\xc3Ch\xb3\xd2\
&\xeb\xe1B\x048\x83\x05\xac\x8feZ\xad\x16\xd7\xa0\
\x18\x9aw1\xad\xcer\xe7\x13\xb3\xcd\x9c\x92\x1f87\
3Ji\xa1\xea\xa5\xf9e\xe7\x87\xd9-,Ej\xdb\
R\xd4Ib\x88du\xef%\xc5\x892\xde\x5c\xa1\xb9\
j\xa6\xdb\xd1|\xde\xca'>*+\xf0'\xbf\xe22\
\xca\xf8e\xe5\xd4\xff\xa5\xc8\x8c\xb2]\x82\xf4<Z\x8a\
\x96\xe2\xad4\xc7\x87\xc5R\xa4<KQ\xd6\x8f\xcc\xd5\
<\xe8\xa5\xac\xdf\x8b\xb9\xed8F\x81\xc0Yu\xb0)\
(\x15\x22\xc4I\x87\x8bX<3Gr\xcf\xfe!\x01\
\xaa)\xfbGG\x96W/\xd2\xe5\xd5\xdc\xbc\xb5\x0bJ\
`OD\xa6|\x90\x88\xccz\x1f*)\x04\x10\x1cR\
V\x91\xf4\x10\xbd\xdb\x9d\xbc\x85\xa9\x90(:\x85\x83\x94\
\x96\x94\x8aFL~Z\xae\xd7\x1fz\x18n\xd8\xb8\x09\
\x1f\xfd\xe4\xa7\xf0\x96w\x5c\x8a\x9f\xfe\xf2w\xfe\xb9^\
.\x17\xf8\xe0\x04\xc6\xebm\x02\xa0\x10\xbf\xff\xe3U\xfe\
\xd5\xb7W\x9d\xf5Z\xfc\xf5\x9ak1\xb0b%\xf4.\
\xbc\xd7\x03\x8ck?y&\xaaD\x8a\x05y\xcbKM\
\xd8+\x15\xde\xbf\xe8\xc5\x97b\xea\xf6\xae\x19\x193%\
?o%\x09\x08\x91\xec\xb0j\xcd\xc1\x853e)\xd9\
\xc8.\x94K#,\x05\xb17-U\xe4t\x84\x99q\
\xae/N\xd3\xd9rg/I\xc0\x8c\xb2G\xd0\x1d\x83\
\xf9.\xd3v\x5c\xadF\x7f>\xcd\x96\x92\x85\xc5\x85\x05\
Z]R\xffzYT\xae`\xf5\xba\x83\xb1il\x0c\
\x9f\xfe\xe2\x17\xfd\xabm\xdf\xfe\xfe\xf7fV\xba\xa96\
7L\x00\x08\xf4\x5c\xbbq#N<\xf35x\xdfG\
>BK\xd0\x0d\x88\x83\x00ID\x8b\x0f\xdb\x95P3\
\x0d\x8b\x05\xaew\x02\x00\xf0k\x19\x8b\xcd95\xefz\
iN\xe2t\xc0\x8c\xfd_\x82\xa6\xb3\xed5\xc7\xac[\
\xbf\x94m\x91*\x92\xf2\xafW\x96\xa3(\x82\xfc\x19\x98\
P\x5cF\x8a73.\xc1\xa9'\x9533n:\x05\
\xc4\x7f\x91'Y\xd9\xc5#+#>Y9\xf0P}\
\x02\xa4K\x91\xf2,E\x1a\xdf\xa5\xc8\xcc\xbask\x11\
w\xa9\xb2Jc3\x97<\x95g)Z\xaaoJ\x8b\
\xe3\x14\xadf\x07\x02\xc9\xe2\xd3\xe2\xa6bL\xd0\xfe\xb6\
O~\xca\x96\xac8O\x5cv\x12\xa0\xa6\xb4\xec\xda\x9c\
78\x97@.\x81\x19\x09$\xb0y\x8fz=\x9c\xb2\
\xe4\x8d\x9b6\xa3\xda\xdf\xef\xe9\xd7\xbf\xfd\x0d.z\xd3\
\xc58\xed\x8c\xb3\xf0\xee\xf7\x7f\x14_\xf9\xc6w\xf1\x85\
/]\x0e}J\xfa\x8c\xb3\xce\xc4\x7f<\xee\x89\xa9>\
!\xbd\xfe\x90\x83a\x81\xc3T\xbd\x06=\x102~f\
\x063\xeb\xb2&\x0a\xca\xe2\xbb\x11;\xbe\x9aM\x97\xdd\
q\xd6<\xc7>&\x81\xde\xb1\x16\xc8\x91\xb1f\x81&\
\xe6Q\x07\xb8\x04z\xe7\x89D\xa1\xdf\xf0I\xe1\x16I\
\x99T\xd8\x11\xa8\x98\x19\xa6\xa6\xa6\x08\x80\xc6\xb9&\xbd\
\x19\xcfx\xce\xf3p\xc1\x9b\xde\x8c\xcf\x7f\xf1r\xbc\xfd\
\xdd\x97\xe1\xf8\x93N\xc1)\xa7\x9e\x8e?\xfd\xe9/\x98\
\x9c\xac\xa1\xaf\xda\x8f>Y\x99\x11\xd0\xca\x1d#\xee\xa4\
\x9eT\x87h~\xbd\x8a\xdb\x17H\xedZ\x8az\x01\x88\
\xf2i\xbd\xedt:\x88iq\x10I\x09\x17)N\xa4\
\xb8^2\xb3\x995YeE\x92sF\xbdy\x95\xa6\
\xb0\x5c\x91\xea\xd3\xab~K\x91\xf2-E\x02TK\xd1\
\x8e\xc6`\xa9\xb2JS\x1b\x97\x22\xe5\xd9\x1dR\xdf\x05\
\x065?\xe5\x8a\x14\xb7\xa3v\xe7\xe9\xcbO\x029\xd8\
Y~c\x96\xb78\x97\xc0\x92\x12H\x98\x9ap\xaf4\
&\x95\xaa\x15\x18\x95\x8bv\xdcA+\x89\xfd\x0e\xeb\x0d\
\x9bn\xc27\xbf\xfbm\xbc\xf3\xbd\xef\xc6\x07?\xfa1\
\xfc\xc7\x13\x9f\x9c\x16\x99oh\xe5\x0aZs\x1a\xb8q\
\xc3\x064ZM\xacZ\xbb\x06\xe2\x91\x90\x8fx\x92\xed\
\x9cS\x0f\xa1\x85\xf7Tg\xb3\x99\xd9l\x80>\xb3\xb9\
aF\xe5\xe7>,\x81\xee\x18\xef\xc3\x0d\xcc\x9bv\xab\
J@\xf3C\xd4\xdb\x88\xde\xb0\x80\x8d\x94t\xa5K\x89\
TZ\xadV\xf3\x16\x88Chu6\xbd\x96\xd6\xd7\x87\
Z\xbb\x89\x9f\xfd\xfc\x17\xf8\xf0\xc7?\x81\xcf_\xfe%\
\x5c\xf5\xd7\xab!\x0bu\xa5\xaf\x8aB\xb9\xc4\xed\x9c\x14\
\xfaP\x81\xc0\x92\x00\x82\x94R\xf1\x14?Q\xe6\x97\xbb\
o\xd1\xd2\xadQ\xdbE\xca%Y\x99\x99\xb7\xe6\x98u\
\xd7I\xfd\xfeHr\x932\xae~\xf7\xe6QXeE\
\xe0af\x1e\xf8(>#\x81\x1e\xc9?\x039\xcc\xe6\
\xf3\x88\x8f\xf2H\x9eK\x91x/E\x02bK\xd1R\
e\x95\xb6TY\xa5\xa9\xbdK\x91\xf2,E\x8dF\x03\
K\x91\xca*]\xaed%Y\xc8\xbfT\x9dy\xda\xf2\
\x94@\x0ev\x96\xe7\xb8\xe5\xad\xce%\xe0%\xe0`\x10\
\x81\x96\x16\x91\x1e \x19\x09\xa4\xe8\x7f\xf2\xb4\x09r\xf4\
)\xd8\xc1\xe1!D\xe5\x22\x9a\x9d\x18\xdc\x18E\x99\x8a\
\x84\xbe\xe06\xb4r\x15A\x8datb\x92`(A\
ep\xd0+\x1a7\xdc\xb8\x81J\x86!ME\xda\xcf\
\x87\x7fm\xcd\xbf\x1a\xc2\x14_/v|\x98u\x1f\xc2\
YN\xb3\xb9\xe1,>w\xf7M\x09h>\xa9e\x99\
+\x7fN\xb9\x04z%\xa0\xb9!\xca\xe2\xe4\x17i\xd7\
]\x0a\xa4\x00\x8e\x14\xecj\xb5\x0a\x01\x15)\x98cc\
c\xd0\xc7\x0b\x5c\xa1\x08Q\xad\xd5\x86\x85\x11\xd6\xac?\
\x08+W\xaf\xf1kQ\x8bk\x95~\xf3\xd3ju\xa0\
\xdf\x0b:\x17\x22\x8a\x8a0\x0b|Xud\x94\xd5\xbd\
\x9c\x5c\x01\x11YN\xd4f\xc7M)\x01\x10\x91\xfcf\
\xe6-<\xca#\x05\x5c$\x85\xbc7\xbf\xe2\x94.\x19\
\xa8\x9c\x80\x91d<00\x00}<\xe26\xb7\xb9\x0d\
\x8e<\xf2\xc8\x19R8#\xc5\xff\xe3?\xfe#\x96\xa2\
\x7f\xfa\xa7\x7f\xc2Rt\xe7;\xdf\x19\xbbCK\xd5\xbd\
3i;\xaa{G<T\xfeNw\xba\x13\xbe\xf9\xf1\
\xf7\xd9]\xeer\x17|\xf1C\x97\xd9\xa7>\xf6Q\xd3\
x\xe4\xb4\x97$p+\xb1u\xb7R\xbdy\xb5\xb9\x04\
r\x09P\x02f\x06\xb3\xc5\x89Yn\xd6\xa9\x87\x9fh\
\x90\xc0EV\x9d\xad#\xdb0:9\x89\x0eR\xa4\x81\
\xf3n\x8b\x00\xa9\x19'\x18\x99\x1cG\xbd\xd3Buh\
\x00\x95\x81~4\x9aM*\x1a\x1d\xa8\xac*\x17\x9f^\
R\x9c\x99\xc9\xd9%2\x9b[\xc6lnx\x97\x98\xe5\
\x99oQ\x09h\xfc\xb3\x0aSzR]\xe8\xee\xeei\
f{e\xfe\xefn\xbb\x0e\x94\xf2f{V\xfe\xbd\xf3\
D2\x94b.\xab\x84\xa3\x22/\xd0#\xe5\x5c~3\
\xf3_P+U\xfb \x90\x13[\x88\xb5\x87\x1c\x82a\
\x82\x9c\xf1\xda\x14F&&P\xa6\xb59\x88B\x14\x0a\
%\xff\x957)\xf2\xe2)\x1eR\xf0\xe5_\x8c\xcc\xba\
\xfdZ,=\x8b7\xeb\xe63[\xd8\xcd\xf2\xdd\x5cW\
\xf2X\x8a\x04P$\x0f\xf1\x97\xf5E\xfdR\xff\x04\x06\
%/\xb9\x0aK\x8e\x02\x89\xfa?f\x021\xabW\xaf\
\xc6\xda\xb5kq\xb7\xbb\xdd\xcd\xd3]\xefzW\x88\xa4\
\xb0g\xe0D\x8a\xfea\x87\x1d\x06\xd1\xa1\x87\x1e\x8aC\
(\xdf\x83\x0e:\x08\xeb\xd7\xaf\xf7eU^k\xfcR\
\xa4\xafm.E\xfd\xfd\xfdX\x8a\x96*\xab\xb4\xa5\xca\
*My\x96\x22\x81\xba\xa5h\xa9\xbeei}}}\
8\xf3\x92w\xa7\x0a\x9f\xf3\x96w\xa6\x17\xbe\xe9\xcd{\
hu\xd3\xa8\xe6\xb4\xafH \x07;\xfb\xcaH\xe4\xed\
\x98/\x81<|3%\xa0\x87k\x02\xe7m/\xb5F\
\xcb\xbbA!\x82\xa3\xe2\x80 \x80((\x14\xa0\x1f\xf8\
6;m\x94*}\xd0W\x93\xf4\xff)\xb6q\xb7U\
\xe9zu$&0\xd2\xebk\xa245$\xf4\x88\xb7\
HM\xcb\x1e\xd2\xf2\xef,\x99\xd9\xcef\xcd\xf3\xed\x03\
\x12\xc8\xc6z\xa1\xa6\xa4\xe9B\xb1y\xdc\x81$\x01\xcd\
\x0fQo\x9f{\xc3\xb2DH\xa1\x17PQ\xbc^E\
\x93\xf2.\x8b\xcf\xe0\xc00\x1a\x9d\x0e\x12\x17`\x8a\x1b\
,\xd7\xdft\x13\xb6\x8e\x8e\xa2P.\xfb5Ik\x97\
hb\xaa\x0eQ\x83\xd6\x9dv;\x86\xc8,\xf0\x9f\x98\
\x16\xcf\x85\xa8\xb7=\xfb\xba?k\xbf\xda\xa95U\xb2\
\xa9\xd2\x02&e\xff\xe0\x83\x0f\x86\x80\xca\x11G\x1c\x81\
\xdb\xd0Js\xdb\xdb\xde\xd6\xbb\x0a\x1f~\xf8\xe1\x10\xf8\
\x11\x18P\x19\x95\x15\xaf^\xc0$\xb0\x94\x91d/\x92\
\x95M\xaeH\x00k)\x0a\xf8\xbcX\x8a\x04\xc2\x96\xa2\
\xa5\xca*Mm]\x8a\xd4\xa7\xa5h\xa9\xb6+m\xa9\
\xb6)\xcdL\xcf\xb5\x84\xcf\xb6\xc4[\xd14_\x15\xaf\
\xb1\xc8i\xff\x92@\x0ev\xf6\xaf\xf1\xcc{s\x80K\
@\x0f\xbbL\x04\xf2\xeb\xd3\xa3.\x0c\x10F\x11\x12j\
\xa7m*\x171QK\xab\xdd\xc6T\xad\x0es\x01Z\
\x04<\xc42\xa8\xf6\xf7\xa1\x5c\xa9@y\xea\x8d\x06\xa1\
\x0e`f\xc8\x0e\xf1\x13e\xe1\x9dq\xcdf\xcb\xefL\
\xfe<\xcfR\x12\xc8\xd3r\x09\xec\x9b\x12\x98\xbf.d\
a)\xaa\xb2P\x08\xe0\xe8\xf7'R\xe2\xd5\x03)\xe0\
\x8a\xd3\x9a\x14\x15\x8a\xa8rw]k\x8f\xd6)s\x0e\
p\xe6\xd7\x9er\xb9\xfb\xda[@\xa5[\x80I\xe5\xa5\
\xd8KA\x96\xb2\x0e0\xaf\x18.S\x92\x0c\xa4`K\
^\xb2\xdc\x08\xe0\xacY\xb3\x06\x022G\x1du\x94\x07\
:\x99Ef\xd5\xaaU\xe8\xa3\x9c\x94/\xeb\xbf\x14\xf3\
\x8c\xc4##\xc5\xc9\xdf+\x16\x8d\x85H\xe53R\x9e\
\xa5H\xf5,Ef\xe6\xc7\xc9law\xa9\xb2J[\
\xaan\xa5I6K\x91\xd9\xc2\xf5\x9au\xe3{\xfb\xbf\
\x90_r0\xb3\x99$\xd5)\x19}\xf4\xa2\x8b\xf2\xad\
\x9c\x19\xa9\xec\x1f\x9e\xe5\xbdR,\xd310\x9b\xbd\xb9\
\x96i\x17\xf2fOK\xc0\xcc\x96\x5c\xec\xcd\x96N\x9f\
f\xb3\xa8c\xd6-??\x83\x16e\x91\x1ej\xa2\xcc\
/W\x94\x10\xaa\x08\xc0\xa8\x9c\xd2;IJ\x0b\x8fA\
?\xfa\x85\x0b\xe0\xc2\x08!\x95\x0c\xe5\x83\xd1\x0a\xc4\xa5\
]\xef\xc6+\x9f\xd2\x82\x80\xe0\x88\x96\x1cH\xe9\x08\x1c\
\x9cs\x08\xa8p\xc853\xb1\x85\xea\xc9\xc8G\xf4\x5c\
\xcc\xcc\xcbE\xe9=\xd1\xdek\xd6M33\x1f\xde\x9d\
\x8b\xf8/E;\xe2\xdd[vGy\x17J\xef-\x9f\
\xf9{\xf3\x99\x99\x97Co\x9c\xfc\x0b\xe5U\xfc-M\
\x9a\x1b\xf3\xdb\x92\x85\x95f\xc69C\x90,\xbfH\xed\
3^\x18\xcd~\xc1\xcf\x01\x06\xbd\xdb-\xa78Q\xea\
\xe3f\xca\xb0\x80\x99J\xce\xa6\xcd-\xd7\xcd\xdf\xe51\
\xebW\x9e\x9c\xf6m\x09\x98\x19\xe7\xc2,e\xad\xcd\xc6\
^\xeb\x86\x99\xcd|\xdeWk\x88\x94L\xadO\x16\x84\
\xd0\x9a\xd3\x8e\xb9\xd8\xb8\xc0\xafO\xadN\xcc\x0d\x97\x04\
x\xcf\xc5\xcb\x00\x00\x10\x00IDAT\xdd\xb4\x18~\
\x0d2\xa3E\xa7\x0d\x81$\xed\xd8\x8b\x87\x99\xc1\x16\xa1\
\xac\x0d\xbd\xae\x99\xcdi\xa7Ywn\xcf\x9fs\xbda\
\xb3n\x19\xf1Q\x7fT\xb7\xc8\xcc\xa0>\xa8\x1d\x19e\
y\xa4\xc4+\x8f\xf2\x8b\x97\xe23R\x5co\xda\x9au\
kq\xf8\x91G\xe0\x8e\xffp'\xdc\xe5nw\xc5\x9d\
\xee\xfc\x0f8\xf4\xf0\xc3\xa0\xdfW\x16JEX\xe0(\
\x13PF\x94I\xdc\x81^I\xee$\xb4\xb9\x1b|\x9a\
\xe3\xbalf\xbe_\xe89\xcc\xbaqf\xb3n\x96\xac\
6e\xa4\xf6,EY\x99\xc5\xdc\x8c\xcfb\xae\xd9l\
\xfdf\xbb\xeeW\xff\x96\xa2\xc5\xea\xcd\xe2\x17j\xb7\xd9\
l;\x04\xc43\xfe*#\xbf\xca<\xf5\xb8\xe3Ln\
N\xfb\x8f\x04\xdc\xfe\xd3\x95\xbc'\xb9\x04r\x09\xec\xb4\
\x04R\xde\xfa\x22\xd0\xdd\xe9By\xc6\x03Y\x02f\xdb\
?\xff\xcd\xb6\x8f;\x90e\x94\xf7}\xd7%\x90,R\
\x84\xfb/\x0b\xa4\xcc\xcf=?\xbc@\x91\xdd\x88\x12p\
\x11\x1803\xe8\xb7G\xb2.\xc9\xb2dfP\xbc\xd2\
E\x99\xf5A@F\x0a\xb3\xf2\xc8\x92%\x05Zi\xb2\
B\x09\xa8\x05A\x00Yhn\x7f\xfb\xdb\xe3\x1e\xf7\xb8\
\x87\xb7\xe0\xe8\xb73\xb2\xd8\x98u\x01\x9d\xf2\x8b\xb7Y\
~o\xed\xc6\xd0\x1d\xb0E\xf3\x8e/,\x81\x5c\xd3Y\
X.yl.\x81\xe5!\x01\xe3\xc3^4\xaf\xb5F\
MA\x04\x0ff\x1c\x8c\xc0f;b\x19\xe5\x99\x1b\x0f\
\xe6\x05\x0f\xe7)Kc ?\xf7C\x09\x98\x99\xef\x95\
Y\xd7U\xc0\xac\xeb7\xeb\xba\xbdq\xde\xaf\xcb<2\
\xeb\xcd\xdbM4\xeb\x8d\xeb\xfa\xcdl\xbb]\xe8n\xee\
\xfcz\xa0J@+\xcd\xfc\xbe\x13J@\x04\xda\xa3E\
)\xd78\x91\xfc\xb34\xbf\xd4\xae\x87\xcd\xba\xf3\xd1l\
aW\xe0D\xe0\xa5\x97\xb3\x00\x8c@\x8d@\x89\x80\x8e\
\xd2\x04\x82\xf4\x8a]\x06p&''\xb1u\xebV\x0f\
\x88\x04d\xf4\x1b\x1b}<@\xa4\xdf\xde\x0c\x0e\x0e\xc2\
\xcc\xa0r\x02Qf\xe6\x7f3\x22\xbe\x19\xd0Q\xdd\xe2\
\x9d\xd3\xe2\x120[x\xdc\xcc\xba\xf1\x8b\x97\xccS\x0e\
4\x09\xb8\x03\xad\xc3y\x7f3\x09\xe4\xee\x81 \x01\x81\
\x19\xf5s;W\x91\xd3\x00H\xde\xed\xd2\xa7\xc1\x92\x1e\
\xecK\x91\xca\xe6t`H\xc0\xcc\xe6t4\xe5\x1c\x99\
\x13\xc1@\x96\xc5\xac\x9b\xd7\xcc\xbcR\xc7\xa4\x197\xf3\
\x9b\x99\xbc9\x1d\xa0\x12\xd0\x9a#R\xf7{\xdd\xcc\xaf\
\xf8\x85\x89\x1b<\x19\x08\xe2$\xdc\x9b\xebS\x06DT\
G/\x10\xd1+l\x22\x81\x16\xe5\x91\xe5fdd\x04\
\xe3\xe3\xe3\xfe\xf5\xcd\xe1\xe1a\xff{\x1b}\xda\xf8v\
\xb7\xbb\x1d\xf4\xa1\x01\xc5\xe9c\x02\x021f\xe6\xef\x07\
Y{\xf4\xbb\x1d\x01\x1c\x81*\xa5\xc9U\xbfU\xa7\xdc\
\xa5Hyv\x87\x96\xe2\x9d\xa7\xe5\x12\xd8\x9f$\x90\x83\
\x9d\xfdi4\xf3\xbe\xe4\x12\x98\x91\x80nm\x11\xbc\xa5\
\xc6M\x03\x9b\x197\xe1\xc3\x16\x80\xa3\xc2*\xeb\xcdL\
\xfcL>&.yf\x0a\xc7\x92\x99\x96W\xe2\x01\xda\
Z3\xf3=73\xaf\x80)`frf\xc8\xccf\
\xd2f\x22\xe7y\xccl^L\x1e\xcc%\xb0\xb4\x04\x04\
l\x16$\x82\x99^\xcb\x0e\x18\x16\xc9\xba3KK\xf3\
\xde\x13\xa9\x028\xe2cf\xfew\x8b\x02\x22\x22\x81\x12\
\x81\x9d\x89\x89\x09\xe8w\x1f\x0a\xeb\x13\xc8z%\xed\xf0\
\xc3\x0f\x87\xbe\x9a&\x90\xb3r\xe5J\xffQ\x01\x95Q\
>}\x09M\xe0\xc6\xcc\xa0W\xdd\xc4#\x88\x22\x84\x85\
\x82'\x17\x86`E\x88\x09\xe2\xdaq<\xddk\xf5|\
{\xc2~p\x98\x99_W\xccn\x9e\xbb\x1f\x88 \xef\
\xc2-$\x01w\x0b\xd5\x93W\x93K \x97\xc0\xad \
\x01\x81\x19\x91\xaa\xeeu\x8d\x11N\x80\x87\xe0F\xf1R\
8\xe42\xda\x03\xa0\xcc\xcd\xe2\x14\xcei\xff\x93\x80\x99\
f\x02\xbc\xc2\x81\xe9\xc3l6N\xbb\xc6f\xe6\xd3\xcd\
l:\xc7\xacc0\x1f0\xeb\xba\x0ad^\xb3\xde\xb8\
\xae\xdf\xcc`f\xca\x96\xd32\x90\xc0-\xd1D\xad=\
\xaa's\xe5\xdf9\xd2\x86\xcb\xce\xe5\x5c,\x97\x99\xf9\
\xf9h\xb6\xb0\x9b\xcd\x7f\x81\x12\x01\x16Y`\x04Vd\
\x91\x11)N\xd6\x1d\xbd\xa6\xa6\xffk#K\x8e\xbe\x9e\
\xa6\xd7\xd9\xf4\x9a\x9b,=Y>Yu\xf4\xa9hY\
\x82\x04\xa2j\x8d:qMW\x05\x13_\xbd\x12\xa7x\
\xd5)\xbe\xaas\xb1v+~\xf7{/.9\xe5\x12\
80$\xd0\xbd\xd3\x0e\x8c\xbe\xe6\xbd\xcc%\xb0\xffJ\
\xc0\xf8\xe8\x13M\xf7P E$\x05b.\xf1\xa1\x9e\
\x9a\x074\x06t]\x0fx\x1c-@\x22\xd0\xed\x12x\
\xe8\xc1kI\xea_\xcd\x90\x7f>1K~\x1e\x80\x12\
\xa0n\xb8`\xaf\xb3\xf8Y\xd7\xbc2\xa9\xccf&\xc7\
\x93\x99\xcd\xc4\xfb\x88\xfcr@J\xc0\xd1v\xb1\x10e\
\xc20\xa4\x10\xcd,J\xbd\x8bY\x96i/\xba\x02\x1d\
\x22U\xa1\xb5O\xa0DV\x1c\xfd>GV\x1b\xfd#\
OYp\xf4O>3\x10#\xd0\xa2\xbc\xca'\x80\xa3\
x\x85\x05\x92D\xe2! \x93\x01\x22\x81\x22\x95Q\xbc\
\xf2\xa9.\xb3\x9d\xbb?\x94\x7fwHu-g\xdaQ\
\xdf\xf7B\xdfr\x96\xcbT\x02n\x99\xb6{Y7\xfb\
m\x9f\xfa\x84qS}Y\xf7!o\xfc\xf2\x90\x00q\
\x0dD\xdd\x97 \xd4\xe6\x94\x97\x14\x89\x94\x06\xc8e\x10\
\x09\xba\xf3\x91\x80\x89\xc1n~z\xf2s\xbf\x97\x80\x14\
I?\x15\xa6{\xda\x9d\x07\xc0\xec\x1c0\x9f\xa2<\x8e\
\x0a\x98\x0f\xf0\x92\xe5\xa3\xd7\x7f\x02C\xee\xf6\xd4}\xbc\
\xf8W$\x99h\x04\xd5\xe2#\x97A\x7f*M\xb9f\
\x5c\x1f\x8b%xNg\xc8\x9d\x03D\x02\xd6\xedg6\
!\xe7\xb9\xb7\x84\xb2\xab:2 \x22\xe0\xb2b\xc5\x0a\
\xff\x8f=e\xc9\x11`\xc9>2 pc6\xdd^\
\xb6\xba\xb7\x9c\x99y+\x8e\x80\x93\x99\xf9\x0f\x17$\x9d\
\x18f\xe6?a]\x8c\x22\xffZ[!\x0c}\x5c\xd2\
\xe9\xf8\xd7\xe3to\x80\xc7Bn\x16\xc7\xe4\xfc\xcc%\
\x90K`\x07\x12\xc8\xef\x97\x1d\x08\xe8f'/Q\xf0\
e\x8f{R\x0a>\xf8\xe1\x17\xee\xdd\x1b\x02-\xa8K\
\xd1\x12\xcd\xc8\x93vB\x02f\xe6\x1f>\xf3\xb3f2\
\x9f\x1f\x7f\x8b\x87\xfd<\xe2\x1c\xa2k\x08|[\xcd\x8c\
\xd3KS,%\x88\x11\x90I\x18&\xd9\x22\xe4\xa6\xe3\
\xe5\x92\x12\xe5\x9bv\xe5\x17\x01\x02B\xbd\x84\x9d:2\
9-\xe6\xee\x14\x93\xdd\xc8\xb4X\xbdY\xbc\xd9\xec\xf8\
fqr\xa5\xdc\x88\xe4_\x8av\xd4\xb4\xac\xec\xfc|\
f\xb3\xf5\xceO\xdb\x93a\xb3n=f\xdb\xbb\x9c-\
p\xb4\xda9\xfd\xdf\x0eR\x22B\x8a\x8eq\xdeL\xc3\
\x0d\xed@K\xc1\xcb\x94\xb4\xd7\x5crI\xdaJ\x95\xce\
\x19a\xa44\x01\x9d\xae\xf2\x96$\x88\x89\xa5\x13u \
\x80\xff\xbfL\x01S\x1d\xa9@t\x140-L\x19\xc3\
\xb9\x0a\xf2wt\x1d\xe7\xacc\xdc\x8cK\x7f0\x1d'\
7#\xb3\x006\x87\x0cf\xa6\x9a\x96$3\xf3\xf9\xcc\
f\xdd%\x0b\xdc\xc2\x89\xd9\xfc\xb8\xb9\xae\xd9l\xbf\xcc\
\xba\xfe]\xe9\x82\xd9\xc2e\xb2\xf6\xec\x88\x97\xfd\xff\xec\
\xfd\x07\x80%\xd9Y\x1d\x8e\x9fs\xab^\xea8ag\
\xb3V\xd2J\xab\x8c\x22\x12\x22'\x13\x0c\xfc\x8c1\xc1\
\x04\x13\x0c\x0ed\x14\x0c\xc6\x7fc\x8cm\x0c\xb2\xb11\
\x98`\x10\x06\x1b\x03\x12J\xe4$\x01\x8a(\xe7\x8c\xe2\
J\x8b6\xef\xceL\xc7\x97*\xfc\xcf\xb9\xd5\xd5\xfd\xba\
\xa7\xc3\xe4\xe9\xee\xa9\xea:us\xfa\xeaV\xd5w\xee\
W\xaf\x9a\x5c\xcf\xb2\xb5\x0c\xc9M\xb2_\xcf8\xe1)\
4\x0f\xb6\x0347j\x90A\xb9\x12\xa1r\xe9\xe7\xa6\
\xe6\x13\x84B\xf3\xb5\x86\xa3k \x10\x86\xff'M\x9d\
^\xfbC\x9a\x80I\xd0\x5c\x8d35Z\xad\xebk=\
\x84\x00\x93\x16\xbb\xee&\xc9\xf8\xff\x81\xfcz\x99I\xce\
\xe3\x1e\xf78\x98\xe4\xd8\xaa\xe3\xdf\xe0\x04\xd0\x17\x01\x0a\
\x11\x17\x03\xba\x9eXb\xdd\x10\x95\x86\x04\x89\xfa_\xc7\
\x05\xe5\xaf\xfd\x96\x97\xd3\x03\x802/TG\x16]\x87\
]\xa6\x95$\xb1\x1e\x87]f\xab\xeb8\xc0\xb1\xdbA\
\x95n\xda=\xd63\xb1\xf1\xfb\xa7\x02W\xc2\x8f@\x5c\
\x08\x82\xe4\xb9\x1b,\xa3\xad\xf09Z\xc7&\x195\x81\
\xc3,\x81p\x98\x07\xb7_\xc7\xf6\x8b/{\x11\xdd7\
\xdf\x98\xed6h$p\xa9%\x10\x1fs\x221&.\
g@\x8d\xc78\xbb\x82w\xe7\xb7\xdb\xe0pK\xc0\xaf\
:J\xa5\x02\xc9\x08\xe9\x8f\x90\xae\x86\xa8\x800\x89\x83\
w\x1eED\x7f}\x88y\x14\xb0\x22\xe1\x02\x89\x153\
)\x8a\xda\x1d\x84x\x13\xac@RJ\xab\xf3\xd8\x0d\xa0\
J\xac\xed\xba\xf9\xe5\xa8k\x09\x98l\xc3\xf9\xd7r5\
N#\x011\x81PIAs)zj7\x06v?\
\x90\x84\x89\x8b\x01m~]\xcc\xaf\x8d\xc5\xb9\xa94\x13\
\x0eE\x83d\x84\xc3u\x1e\xe7s\x9a\xbf\xa4\xf6\x94\xa7\
<\x05\x8f~\xf4\xa3aK\xce\xc2\xc2\x02\xfci\xe9\xba\
N\x97q\xbeI\x90\x9c\x0cn\xf2\x93\x8cm\x050\xc6\
\xd7\xf3\xfd\x5c\xddX\xb89\xec;\x094\x1d\xda\x9f\x12\
\x08\xfb\xb3[M\xaf\x1a\x094\x12h$\xd0H\xe0B\
%`ElWhe\xb5`\x90\xda%D7\x01\xd7\
H\x0eY)cu\x1fH\x82\xacP\xc7\xb9n\x88D\
o\x84\x01-Rk\xb5\x1c\xb02h\x90D$Ou\
&h\x15Yp\xb0\xa4tY\x957\xd9\xaeV\x96\x1d\
\xae\xe0t\xc3\x04\xccn\x83F\x02g+\x01\xcfK\x83\
\xd4\x04\xdb\xa6\x10I\x98\xa0\x9b\xd8\xd8\xf5\xabh$\xe1\
\x8f\x09\x98\xe4\xf8\xb767\xdcp\x03\xfc{\x9c\x1bo\
\xbc\x11\xb3\xb3\xb3\xf1u3\x92\xeb\xd7\x80\xeb7\xb0\xc3\
FR\xd7A\xb9\x0eg#7\xca\x93tT\x83F\x02\
\x8d\x04.\x83\x04\xc2eh\xa3ib[\x094\x91\x8d\
\x04\x1a\x094\x12\xb8r\x12(\xa0\xdb?+\x98tD\
R!\xf2CJ\x09\x93\xbb\xd13V\x96\x17\xad\xa8\x07\
$P\xea:\x92\x90\x88\x99\x00\xf98CY\x14\xb2\xe6\
\x94p\xf14E\xfc\x0d\x02DjH*\xae\x04T\xa7\
\xdbp[\x0a)%\x87IN\x1dg\x17\xda&\xdd\x5c\
\xd6\x1f+\x94;A\xd9\x9b\xfd*\x97\x00I\xcd/\xee\
(\x05[q\x0c\x13o\xbf\x92\xe9W3\x13Y\x22\x1d\
\xf6\xe7\x9f=\xb7\xfcJ\x9a_U3\xc9\xb9\xf6\xdak\
q\xcb-\xb7\xc0\x9f\x906\xe1q\x1e\x7fb\xfa\xf4\xe9\
\xd309r\xd8u\xb8\xce\x1d\x1b\xdd&\x81\xdc\xe8#\
\xc9]\xfb\xbcM\xf1&\xaa\x91@#\x81\x0b\x90\x80\x9e\
t\x17P\xba)\xdaH\xa0\x91@#\x81\x8b%\x81\xa6\
\x9e\xcb.\x81\x02\x015J\xf9\xdd\x01\x93\x91\xf5Wj\
\xac\x94\x95\x8a\xf5o\x11\xe4\xa4\x22G\x89\xdc\xedv+\
\x8fIB\x88\xd3\x80\x00\xacD\xc6\x80#\x14\x86ZZ\
\x87\xac9$\xe1\xb6l\xd11\xe9\xd9\xec\xc6\x02\xbb\x1c\
\xfc\xe82v\xc9\xd2$\x1dz\x09\x90\x9ei\xdb\x0f\xd3\
\xf3\x8f\xa4\x08x\x01\x13\x19\xe7\xf2\x1c%\x19I\x8b\xbf\
\x8cf\xd2b\x02c\xf8\x0bk\xfe\x84\xb4\xad9&<\
&F'O\x9e\x8c\xbf\xd91\xc11\x11\x22\x09[~\
\x9c\xdf\xf5\xb9\x8d\x1a\x0e\x1b$AVp\xd8 i'\
\x82\xdc\xf0\xc7\x88\xe6\xd0H\xa0\x91\xc0%\x97@\xf3\xb4\
\xb8\xe4\x22n\x1ah$\xd0H\xa0\x91\xc0\x95\x91@\xad\
\x88\xed\xe6\x16(a\xd2\xe1\x1eF\x7f\xa9\xb0 5\xb1\
\xb2\xe8\x88\xf9h\x8f6\x1d\x92\xf0C\xc3p\x1c\xbc)\
\xaf\x9dI\x8c\xf3RJ\xe2@Q\xaa\xb1\xcc\x81\xb5\xcc\
\x0ceT\x04c\xc5\xf2#\x12 \xac\xb7_\xf7\xc3\xae\
\x81\xab|k\x86\x7f\xee\x12\xa8\xe7\xbaK\x92\x1b\xc4\xc2\
\xf1&=&9&,\xf6\xf7\xfb}\x98\xe4\xd8\x8as\
\xeb\xad\xb7\xe2\x9ak\xae\x89\xaf\xab\xd9jS\xc3\xf5\x98\
$\xd5 \x19\xe70I'\xed\x0a\x921o\x9d\x89d\
\xedm\xdcF\x02\x8d\x04.\xa3\x04\xfc\xcc\xba\x8c\xcd5\
M5\x12h$\xd0H\xa0\x91\xc0~\x91\x80\xa8H\xec\
\x8a\x15\xc1\xe8\x97\x05\x07\x82\x89\x8e\xe3\x02X\xf1\x12 \
\xf2\x15\x87\xa1\xcd*\x9b9N\x9ee@Q\x80t\x8c\
\x12\xb4g\x0a\xdb\xc2333SYw\x14\xa7L:\
\x96\x02\x94\xb7\x5c\x87\xad9\x9b\x815\xe2S\x00\x22B\
u\x9a\x02\xcd\xdeH\xe0\x0c\x09\x90\xd4\x5c\xe2\x19\xf1u\
\x84\x09\x0bI\x98\xa8\x90\x8c\x16\x1e[e\xfc\x1a\x9bI\
\xce\xd1\xa3Gq\xfd\xf5\xd7\xc3\x1f!\xb0\xdfs~e\
e%~\xf6\x99$\xe6\xe6\xe6\xe2o{L\x8aVW\
W5\xd5\x8bH\x86\x5c\xdey\xb1\xc7F2\xf6\x8f\xac\
\x5cgw\xb9\x1a\x0e78'\x094\x99\x1b\x09\x9c\x97\
\x04\xc2y\x95j\x0a5\x12h$\xd0H\xa0\x91\xc0\xa1\
\x90\xc0\xba\xe2%\x92\xe3\x01\xd5D\x87\x22-\x01\xa5\xc8\
N!\xa2SD\x8b\x8e\x0d4~h\xd8(c\x7f\xe2\
\x1f\xe7$\x09BR\xbd\xdc\x96\xcb\xa2c\xc52\xa8\xa2\
\x1bo\xbaA\xa5e\xd5\x91e\xc7m\xb8\xde \x86D\
\xc5\x06P\xf5\x11{m.\xb7\x1b\xf6*\xdf\xa4_\xdd\
\x120\xb1\xf1\xfc19!\x19\xc9\x8a%\xd2\xedvq\
\xe4\xc8\x91M\x9f\x91^\x5c\x5c\x8cd\xc8\x1f+p~\
[\x80\xfc[\x1e\x13&\xbf\xeef\xb8.\xd7i\xd8o\
`\x87\x8d$\xc8\x0d\xec\x90\xad\x89n$\xd0H\xe02\
H \x5c\x866\xaeL\x13M\xabQ\x02\xbe\x19\xef\x86\
\x98\xa99\xec(\x81Zv[3\x90\xd5Clk\xfc\
\xd6p]\xfeR\xb9[\xdb;\xd7\xf0^\xfd:\xd7\xfa\
\xf6[\xfe\xc9\xf1\xd5}#\xabsG2Z\x1e\x9c\xa7\
N\xab]\xb2\xcaS\x87\xaf\x94\xeb\xbe\xd5\xd8\xda\x07r\
\xfb>\xd6\xf9\xed\xba\x0cY\x8d\xd3\xaf\xeeXq\xf3o\
\x11\xac\xb8\xf95\x1e\xffo\x90\x84!\x12\x0f\xff\xaf\x8f\
<\x1b!\x1b\x8e\x80q\x8e\xa9vG\xe8\xe2\xfe{\xee\
\x15\xd9)\xf1-\xdf\xf4\x8d\xf8\xae\x7f\xfaO!\xae\x82\
\x91\xb2\x84\xe0\xda\xd7\xc0B\x9eB\xab\xe0D\x02\xa8>\
\xe0+\xbe\xe4K\xf0\x1f\xfe\xfdO\xe0\xf7\x7f\xfd\xd7\xb8\
p\xfa$\xc6\x83!z\xdd6\xba\xed\x14\x89H\xcfh\
8@\xa7\xddB \xa0\x1e\x22M\x82\xda)0V\xfc\
x<\x84\xebW\x0c\x0cR\x99p\xe6\xe61\xd6\xa8S\
I\x82\xacP\xc7\x1dV\xb7\x1e\xfb\xa4{.c\xad\xcb\
m-C^|\xf9\x91U\x9d\xe4\x86\xbb\xb5\xdd\xb3\x09\
\xd7}\xae]\xcfi\xc3a\xb2\xaa\xdb~\x13\x12\x93\x16\
\xb2\xfa\x9d\x8d\xbf\xb4F\x12\xfe\x1f9\xfem\xce#\x1f\
\xf9H\xd8Z\xe3|$5\xdfB$C\xbeN\x1c\xe7\
:\x5c/\xb6l$c\xde\xe0\x09\x0a\xac\xdfC\x9c\x7f\
\x12.;\x19V\xd63v\x92\xebq$\xe3\xbc]\x8f\
\xd8\x07\x1e\xb2\xea\x13yi\xdc\x0b\x1d\x22\xb9\xd1\xaf\xf3\
\xa9k\xf2\xfcL\x9e\xaf\xf3\xa9\xab)\xb3\xbf%\x10\xf6\
w\xf7\x9a\xde5\x12h$p\xb1$\xb0]=\xe4\xc6\
\xc3\x82<\xd3\xbf]\x99\x83\x14Gn\x8c\xa9\xee\xf7\xe4\
\x03\xae\x8e\xdb\xef.\xc9M]$7\xc2\xe4\x86\xdf\x99\
\xc8\x8d\xb0\x1f\xe0\x8e\xb3\xd2gX\x91\xf3\xff\x09\xf1\xab\
:\x8e\x9f\x99\x9aB\x99\xe7\xf0?0\x8c$D\x9c\xa5\
\xd7\xed`\xba\xd3\xc1\xa9\x07\xee\xc7\xfd\xf7\xde\x8d\xaf\xfd\
G\xff\x10\xff\xe5\xa7\x7f\x0a_\xfdU_\x86\x99)\x11\
\x15\x15\xec\xb4u\xd8fw\xcba-\xde\xfe'=\xf6\
1x`4.\xbf\xf3[\xbf\x1d\xd3\xdd\x0e\xee\xba\xe3\
\x93\x18,\xad\x88D\xb5pdf\x1a\x83\xd5~Ef\
J`\xd8\x1f \x09\x01\xc7\x8f\x1d\xc3\xb4\xfa\xb5\xb8\xb0\
\xb0VS\xe5\x90\xae\xb1\xf2o=\x92;\xa7m\xcd\xdb\
\x84\x0f\x8f\x04jRb\xe2A2ZfL\xe2\x1d\xb6\
\xf5\xc6\xf3\xdf\xd6\x19\xc7\xf9\x9f\x82\xfa\x7f\xe5<\xeaQ\
\x8f\x82_\xb1\xb4%\xe7l$\xe1\xfb\xc5d\xbe\xad\xe1\
\xc9\xb4\xb3\xf1\x93\x9b\xe7*\xb9{\xf8l\xeal\xf24\
\x12h$\xb0\xbb\x04\xea\xe7\xd2\xee\xb9\x9a\xd4F\x02\x8d\
\x04\x1a\x094\x12\xb8\xec\x12 y\xc6j/\xc93\xfa\
An\x8e#\x19\xcbY\x19\xf4\x8a\xb6I\x8e\x95?\xff\
.\xc1\xf0\xef\x15z\x224\x0f\xdcw/:\xad\x14(\
rd\x83\x01\xbai\x8a\xe1\xf2\xb2\xfc+\xf8\xab\x17\xbf\
\x80?\xf3\xd3?\x89o\xfb\xe6o\xc2\x8d\xd7\x1d\x13)\
\x81,:\xa5\x0d;\xb1\xfd\xf1X\x0c%\xfa\xce<P\
Q~\xb8\xc8\x80\x83N\x92\xe0k\xbf\xea\xef\xe3W\x7f\
\xe9\x17\xf1\xb5_\xfd\x0f\x90\x8f\x868y\xff}\x18\xae\
,G\xd2S\xe6c\x11\xae1\xdaiP\xdaHi\xf7\
\xa3\xbf\xbc\x82\xa3s\xf3\xb1M\xd7\xa3\x0e\xaa\xc6\x22\x8e\
\x89\xe4\x19\xae\x12\xe3N2\xbagyh\xb2\xed3\x09\
\x90\xe7\x7f\xfeH\xae[\x5cLH<\xf7\xfd[\x1b\xcf\
{\xff\xaf\x9c\x9bo\xbe\x19\x9e\xfb\xa9\xe68\xb4\x99\x10\
\xc99\xab\xdd\xf5Mft\xd8\x98\x8c;\xee\xe0\x22\xd3\
\x00\x00\x10\x00IDAT\x17?\xc98\x87\xeb2$\
kotI\xc6trw7fn\x0e\x8d\x04\x1a\x09\
\xec)\x81\xea9\xb2g\xb6&C#\x81F\x02\x8d\x04\
\x0e\x9e\x04\xc8\x0de\xa1\xee\xbd\x95\x94\x1au\xdcAq\
I\xee\xd8U\xf2\xcc4\xff\xfe\xc0\xb0bg\xd2\xb3,\
\x22\xe3Ww\xac\x04\xda\xbd\xf1\xba\xeb\xb1\x22\x0b\x8a_\
+\x9b\xeeuqR\xe4\xc7\x16\x97\xef\xf8\xf6o\xc5\x92\
\x84\xf4\xa8[\x1f\x86^+\x89\xaf\xf7\xb8ay1\x18\
\x8c\xe1\xef\x12\xb4Zg\xb6\xe7<\x8e\xf5\x83\xc5\xae\xb3\
\xb4\x03\xb1\xd2\x1f\xa2\xc5\x80\xef\xfe\x8e\xef\xc0\xffx\xde\
\xf3\xf0\xb9\xcfx&\xcaQ\x86\xa5\x93\xa7\xe1W\xe6\xd2\
\x92\xc8\x07# \xcb1\xd5\xeb\xa1\xdb\xee\xc4\x1f\x89\xbb\
\xbe\xdd@r\x93R\xb8[\xde&m\xffI\x80\xac\xce\
\xdfd\xcfHN\x06w\xf5\xdbZ\xe9\x0c\xb6\xe0h\xba\
\xc2\xf3\x9c\xd4\x5c\x92\xb5\xd2\x16\x1d\x93\x1b\x13\x9d\x87<\
\xe4!\xf0otL\xfam\xd9\xf4\xefq|]\xb8\xec\
\xd9\xc2\xf5\x9fm\xde:\x9f\xcb\x18ux7\x97<\xfb\
q\xefV\xcf\x85\xa55\xa5\x1b\x09\x1cN\x09\xf8\x99t\
8G\xd6\x8c\xaa\x91@#\x81F\x02\x87D\x02$\xa3\
R_\x0f\x87\xac\xc2d\xe5n\x8d\xaf\xc3V\xb4\xac\xd4\
\x19^\xe9\xf6\xebkV\xf8\xfc\xbb\x1d\xff\xdf\x90\xc1\xca\
*f\xba=|\xea\x13\x9f\xc4\xa9\xfb\x1f\xc0\xbf\xfc\xae\
\xef\xc0\xf3\xff\xd7/\xe2\xcb\xbf\xf0\x0b\xd0V%\xcbK\
\x0b(\xb21Z!\xc4\xdf\xe2$\x09EFZ\x88\x8b\
\xe3\xb5a\x87\xca\xb8\xbe\x17\xf2\x15p\x94\x1f.\x89B\
\xc6|\xaf\x83i1\xa5\x95\xc5\x15\xdcv\xcb\xcd\xf8\xe1\
\x1f\xfa!\xfc\xe0\xf7|7n\xb9\xf1\x06\xa4\xca\x5c\x8c\
G\x98\x9d\xea\xa1\xd7ic\xb0\xb4\x84\xd1\xa0\x8f\xf9\xb9\
Y@\x16'\x1dT\xcb\xda.\xe2\x04\x83\xaa\xd5\xeeZ\
t\xe3\x1cl\x09\x90\x04\xc9\xf5A\x90\xdc\x14^O\xd8\
\xc6c\x82c\xd2\xe3W\xd5L\xe8=\xcf=\xdf\xeb\xd7\
\xd6N\x9c8\x11I\x90\xd3\x9d\xcf\xf3\xde\xd6\x1d\xe7\xdb\
\xa6\xbaMQ\xbe~\x8c:\xd2~\xa3\x0e\x9f\xad\xbb\xb5\
\x0cY\x8d\x8f\xac\xdc\xba\x1ers\xb8\x8eo\xdcF\x02\
\x8d\x04.L\x02\xe1|\x8b7\xe5\x1a\x094\x128\xf8\
\x12 \xab\x87+\xb9\xbd{\xd0Gh%\xa3F=\x16\
rc\xacu\xdc~u\xc9\xaa\xaf\x93\xfd#9\x19\x8c\
~rs\x1c\xc9\xa8,z\xec^\xe1\xaeW\xb2\xad\x00\
\xce\xcf\xcf\xc72\xcb\x8b\x0bX<}\x0aK\xa7N\xe2\
\xeb\xbf\xe6\x1f\xe2\xd7\x7f\xf5W\xf05_\xfd\xffa\xd4\
_\xc5`\xd4\x07\x91\xe3\xc8\xec,:i\x82\x80\x02\xa3\
\xf1\x00eQ\xc4\xb2>\x0c\x87\x03 ~\x98\x00\xdbn\
Tl6\xceU\x16(3\xc0_p;67\x1d\xdd\
b4\xc6\x17|\xd63\xf1\xbc\x9f\xfc\xcf\xf8\xaa/\xff\
\xfb\xb2\x1e\xb5qRd\xcb\xf13\xd3\xd3H\x18\xb0p\
\xf2T\xcc\xeb\xaf\xbe\x05\xd5U\xef$A\xd6H&\xfc\
\xac\xb34\xee\x01\x95\x00yn\xe7\xd0\x84\x85$Lx\
<\xd7kB\xe3\xff\x97\xf3\xf0\x87?\x1c~\x85\xcdi\
\xe3\xf18\xfe3P\x92\x22\xeai\xccok\x10\xcer\
s\xdd\x93Y\x1d6&\xe3\xb6\xf3O\xe6\xa9\xfd\xe4\x99\
c$7\xc7\x91\xdc4\xaf\xc9\xed\xc3\xdb\xb5\xd9\xc45\
\x12h$p\xa6\x04&\x9f!g\xa661\x8d\x04\x1a\
\x09\x9c\xad\x04\x9a|\x8d\x04.\xb9\x04H\xee\xd8\x06y\
f\x9a\x95=+\x80V\xf6\xbc\xaam\x05\xcf\xaf\xf1\xf8\
u\xb6T\xe6\x99W\xfd\xc1\x8b\xf8\xbc\x9f\xfai\xfc\xe0\
\xf7\xfe3\x1c\x95%%\xcf\x0a\x1c\x99\x9e\xc1L\xbb\x87\
l8\xc4P\x16\x96,\x1b\x82\x22;\x9dV*%\x11\
\x18\x0d\xfb\x91\xf4t\xba\xdd\xb5\xbel\x10\xa0\xb5\x08\xb1\
\x1b\xf9d\xf9i%\x89\xea\x18!\xd1\x93\xc6\xbd\x1b\xac\
\x8e\xa1\xaa0;\xdd\xc1P\xfe\xd9^\x17\xdf\xf6\x8d_\
\x8f\x9fy\xde\x7f\xc1\x17}\xe1\x17\xc6\x0f\x16\xac,.\
\xc9\xc2\xd3\xc5\x94,N\xaae}']C\x15,\xe5\
%\x09\xb2B\x15\x8b\x18F\xb3\x1d\x18\x09\x90\x9b\xcf\x9f\
;N\xd2\xceY\xc1s:\xcb2\x98\xcc{>\x9b\xcc\
\xfb\xb55\x93\x9dY\x11u\xbf\xae\xe9\xf9\xef|A\xd6\
I\xe7\x1dj^\xfb:p\xfe\xb3jd-SMV\
\xd6\x82g\xed\x9cm9\xf2\xec\xc7}\xd6\x8d7\x19\x1b\
\x094\x12\x88\x12\xd0#(\xba\xcd\xe12J\xe0\xfb\xbf\
\xf6\x9b\xa4\x06\x00^\xb1D\xb35\x12h$p\xc9$\
`E\xa3F\xdd\x08\xc9\xa8\x14\x93\xac\xa3\x0e\x9d\xeb\x1b\
{\x10\xab\xc8F\x03$e\x01\x93\x8an+`\xb0x\
\x1a\xe3\x95%<\xe9\xb1\x8f\xc6\xf7\xfe\xf3\xef\xc2RQ\
\x96\x8fy\xd4#\xe2\xbd\xc8\xe9\xce;\x1e\x8fDf\xc6\
HC\x12?\x15m\xa50\xcb\xadPf\xf1\xb7;\xed\
N\x0fL\x02\xc6\x99\x88K\xb4\xdbT\xada\xd2O\x89\
\x94@\xa9\x9b\x5c\xb7\xdb\x8e$\x89e\x89^\xaf\x05'\
\xe5\x22U\xd3S\xadX\xc2\xbf\x01\xba\xe9\xba\xe3\xf8\xe1\
\x1f\xfc>\xfc\xc4\x8f\xfd[\xfc\xe5K_\xc8S\xf7\xdf\
\x87U\x91\x9e\xa02\xb6\x08%\xb2(y<\x01\xbeu\
\x16\x08\xaaW-h\xaf\x88\x16\xe9Z\x15l\xf6\x03)\
\x01r\xf3\xf9#7\x87w\x1a\x94\xc9|&\xb2cR\
\xe3W3Mt\x1e\xfa\xd0\x87\xc6\xaf\xad\xf97i\xf5\
+ku\xf9D\xe4\xdb\xf9H\xc6\xb9\x5c\xc7\x9f\xbf\xbb\
\xcd\xdcG\x1d\xb7C\xad\xb2\x86\x06]\x9b\xd4\xc4\xf64\
^\x87\xe3\xca\xc92u=\x93n\x9d\xeey_\xa3\x8e\
k\xdc\x8b!\x01\x9d\x96\x8bQMS\xc7>\x93\x80\xaf\
\xa2}\xd6\xa5\xa6;\xe7\x22\x81Z\x91\xdb\xc9=\x97\xba\
\x9a\xbcgJ`'\xb9\xd6\xf1g\x96\xb8\xb81$A\
\xee\x8c\xbdZ#w.Kr\xaf\xe2\xbb\xb6M\xee]\
~\xaf\x06j9\x9e\xaf\xbbW\xfd\x93\xe9u\x1b^\xd5\
\xadQ\xc7\xed\xe4N\x96\xdf\xceO2\xcahkZ]\
\xdf\xd6\xf8s\x0d\xd7\xf5\xd8uY\xbb5\x1cf\x92b\
8\xce`\xb7\xd7\x9b\xc6\xd2\xd2\x12\xa6{=\x11\x15\x22\
\x1b\x0c0\x95&\xe8\xa5\x01\xf9\xca\x22\x1e\xb8\xe3v\xcc\
\xb7\x89\xef\xfe\xd6o\xc2\x7f\xfa\xd1\xe7\xe0+>\xef\xb3\
\xd0!\x94\x17\x91\xec\xa4\x00z\xb2\xdetT\xa7\x1f\xf8\
iB\x949\xe2\xcff\x02S$\xad6r\xb9\x99\xf2\
\x8d\xa4\x94\xe5\xa1\x05\xbbc)wc\xc59^\xd9\xb1\
<\x18beu\x10iI.\xa25\x1c\x0f0\xceG\
\xa8\xdeI\xcb\x90\x95\xb2\x0c\x05\x85\xa5\xdc\xb5\x82\x88X\
\xb7\x852\xcbe\x01\x1a\xe0\xe9O~<\x96\xb3\xb2\xfc\
\xbe\x7f\xf9/p\xcd\x91Y\x8cVWd\x01Z\x05\xf2\
\x1c\x89\x88OG$\x8b\x22^\xc3\xc12\xa6D\x9cj\
Y\xd8U\x17\x0e\xdc\xee~\xef\x86K= \x92 y\
F3u\x9f\xceH\xb8\x0c\x11\x93m\x07Yc\x92$\
\x89\xaf\x9e\x99t;l\xd8\xef\xdf\xe5,\x8b\x10\xb74\
_\x1fr\xd3\xcdx\xf4m\x8f\xc2\xf5\xd7^\x07\xff\xbf\
(\x7f\xc6\xdcn\xaek\xc3.\x8a2\xceq\xbbFM\
0\x10\x12\xd4(\x19\xb0\x17\x0aP\xb3v\x03\xa5\xe6\xfe\
vP\xa5\x92T@'\xed\x00\xba(\x82B\x9dV\x0b\
A\xa5#\x81'\xe2\xf5\x99\xa2\x84\x91\x0f\x07hk\x9c\
\xf1\xf3\xef\xce\xacz\xb3q\x81\xe1\xb0D\xab5\x8d,\
\x0b`h!\x84T\x97\xc2\x18\x9dv\x82\xf1\xa8\xaf0\
\x22\xa8\x01MB\xcd\xc5\x9d$H#\x91\xbb\x1d\x9c\xb6\
3b%\xbb\x1e\x82R/\x04*~\x05w\xdf\xe7B\
\x94\x0f%\xc7 \x19U\xb2@\xb3\x1d:\x09\x84C7\
\xa2\x030\xa0B}l\x04/!4{#\x81F\x02\
\xe7-\x01+\x85$\xe1\xd7\xc9\xbc\xbam\x5c\x7f\xed\xb5\
\xb8\xfb\xceO\xe1\xc8\xdc,N\x1c?&\x85j\x88\xd3\
\x0f\xdc\x0biF\xf8\xda\x7f\xf0U\xf8\xe5\x9f\xfb9|\
\xd3?\xfa\x1a\xccwZJ\xebK\xd1\x02\xc4\x85 ^\
\xa3,\x19\xc6\xe31\x02\x18\xe1\xfaBb\x05\x89\x80\x95\
B\x06\xa9f\xc0 +1\x06\xc0\x04\xd1\xfd\xc8'\xee\
\xc0\x87o\xff$\x96\xfa#\xebu\xe8v;\xe8Lu\
1\xca\x0bP\xe5R\x91$\x92X\xe9/c \xa5\xae\
\x95\x8a8\xa9\xde\xc1p\x15\x83\xc1*\x02 \xa50\xc1\
t\xa7-\x1f\xd0M\x80\xff\xef\xef\x7f\x09~\xee\xbf\xff\
7|\xed\xd7|\xb5\xfaXbv\xba\x87\xa5\x85\xd3R\
X\x0bd\xb2<\xf9\xb7D\xf7\xdcs7\xa0Ur4\
\xdb\xa1\x96\x00I)\xf8\xb9\x14\xff!<\xe7[\x22\x0d\
v\xfd\x7fr\xfc\xffrl\xcd1:\x9d\x8e\xe6\x93\x88\
\xb5\xe6\xb0\xc9\xd0\xd4\xd4\xd4%\x97K\xa9\xbe\x19\xd05\
\xb3\x01\xaco\xfe`B\xa2\xb9\xee\xfe\xd6\xd7\xd6x8\
\xc6x\x94\x89\xcc\x1fGZ&\x98\xeb\xcdb\xa67\x85\
\xd1p\xa8\xfe\xf7El2]\x13\xa5\xac\xa0=x\xac\
y^B\x86M\xcd\xfbB\xe9\x03\xb8\x9e8\xef\x9b\xb9\
\xbf.\xe7\x8b\xe5\x11g\xbcXU5\xf5\x9c\xa5\x04.\
W6?g.W[M;\x8d\x04\x1a\x094\x12h\
$p\x9e\x12\xb0\xc2\xb4\xb5\xa8\x95\xa9N\xbb\x8d\x96V\
\xb7\xfd;\x1c+Gsss8u\xea\x14\xee\xbc\xf3\
N\xf8\xf5\x9eW\xfd\xe1\x1f\xf0\xc7\x7f\xfc\xc7\xf1\xcf\xbf\
\xeb\x9fazz\x1a+\xb2\x96P\xcaY\xaf\xdb\x8bJ\
\x94\x1f\x02\x11ZE\x0f\x02\x02\x81$ h\x15\x19\x85\
\x15\xcd\x12\xcb\xb2\xd4\xacJ\x19+\x09\xb4Rbue\
\x88\x8f}\xf2N\xcc\x04\xf2?\xfc\xc7\x9f\xc4\xb3\x9e\xfd\
\x5c\x1c\x9b\xea\xf0\xfd\x1f\xfa\x08N.\xaf\xe0\x81\xd3\x8b\
\xa0\xea\x18KK\x1bH\xf9\x1cKa\xeb\xf4\xa6\xd1\xe9\
L\x890\x11\x85*\x0aIK\xd6\x19+\xa4\x05\xea-\
\x93\x228\x18\x8e@\xb5sdn\x1a\xdf\xf8\x8f\xbf\x1e\
\xff\xf77\xfe7^\xf8+\xbf\xc0\xf1h\xa0q\x06\xd5\
\xd1\x82j\xc0\x0dZ\xc5\xaf\xcb5\xee\xe1\x91\x00I\x90\
\x15\x82\xe6\xa3\xad\xb0\x9e\xfb&\x0d\x1e\xa5\x95}\x87\xfd\
\x8a\xda\xf5\xd7_\x8f\x1bn\xb8\x01\xfe\xad\x8e\xd3\x9d\xe6\
<\xf6\xbb,Y\xd5C\xd2\xd1\x17\x1fE\x09M\xe6H\
\xc2\xdc\xa7R\x96\xccR\x94\xbf\x94I\xd4Ht\xad\x14\
e\x86Vh#\x11m\xf7\x9b\x9f\xbd\xee,\xe6\xa6\x8f\
`\xe1t\x1fo~\xf3\xdbq\xf7\xdd\xf7\x22\xd1\xb5\x00\
]\x13\xbe~[\xadTUf\xc8d\x0d\xf5\xeb\x9a\x9e\
\xf7I\x80\xae\xbb\x00+\xe3m\x91\xbdN\xdaA\x9aT\
\x8b\x03\x17\x7fPM\x8d\x8d\x04\x0e\x9f\x04\xc2\xe1\x1bR\
3\xa2\xc3)\x81fT\x8d\x04\xae>\x09\x94\xa5\x94\xa9\
\x89ao\x0d[\x11\x1c\xac\xcaB\x93\xa6h\xcbDs\
\xfa\xe4\x838:7\x8f\xbb\xef\xbc\x0b7J\x09\xfc\xae\
\xef\xfc\x0e,\xe6e\xf9\xc4\xc7=\x06\x83~\x1f=\x11\
\xa3\xd9\xa9\xe9\xe8\xa7\xea\xf5\xd7\xd5b\x13\x0a\xa4*\x1f\
\xa4\x5c\xfa\x07\xdd\xb6\xea\x94\x08\x18\xca\x8a\x12\xa4\x5cM\
M\xf5D2:po\xee\xbc\xf7A\xbc\xe8%/\xc5\
\xb3\x9f\xfb\xc3\xf8\xc2\x7f\xf8\xf5\xe5\xe9\xe5%\xcc\xce\x1f\
\xc5\x97|\xed7\x94\xff\xf6\xdf\xff\x04^\xf6{\xbf\x0f\
5\x89\xa1,;%\x03:\xad\x0eZ\xb2\xee\x94R\xe6\
\xfa#\xadj\xcb2\x14\x98\xa2%\x85M]\x90R\x97\
\xc1\xbf\xff\x09\xce\xdbiaJ\x16\x9el,eo\x5c\
\xa0\x93\x10D\x81\x15\x0d\xfcy\xff\xf9\xa7\xf0\xe0\x03\xf7\
a\xa8\xf1RJ\xe6\xc2\xe9\xd3\xf1\xcd84\xdb\xa1\x90\
\x00\xa9s-L\x0e\xc6\xf3\xd1s\xdcnG\x96\x1b\x92\
\xd1\xb2a\xab\xcd#\x1f\xf9H\x98\xect\xbb\xdd\xf8\x81\
\x02\xcf\xdb\x96\xe6j\xaakA\xd3%ZA&\xeb\x22\
\xcf\xac\x7f2\xfd\x9c\xfd\xe5V\xf5IWG\xb4\xb6\x14\
\xaa\xca\x80\xac\x9c\xdd\xb8\xe0\xa0\x08\xb4t\x1d\x14\x051\
3}\x14E\xd6\xc2\xeb\xff\xe6-\x11\xb7\x7f\xfcS(\
\x8b\x04A\x8b\x0b\xddv\x17\xed$E)\xd2\x94e\x03\
\x84\xc4V\x9d\xb1\xca&h\xeb\xda\x8d$N\xd7\x8e_\
q+t}\x10\xcd\xd6H\xa0\x91\xc0\xd9H \x9cM\
\xa6&O#\x81F\x02\x8d\x04\x1a\x09\x5c\x19\x09\x94e\
)\xe5G\x8a\xd4Z\xf3\xeba\x85\xa7{S\xf0\x0f\xb1\
\xc7\xc3>\xe6g\xe7\x90\x8bL\xdc\x7f\xdf}x\xcc#\
o\xc3s\x7f\xf0Y\xf8\xff\xbe\xf4\x8b\xa1\xc5e\xf8F\
?\xd3\xeb\xa1,r\xe4Y\x86\x9e\xac,*\x0e\x13\x1c\
E\xc2u:\x5c\x14ET\x12\xc7\xe3\x1c\x89\x94\xc6\xd0\
\xee\x88\xb8@t\x038\xb9\xd4\xc7\xef\xfd\xf1\xcb\xf1c\
?\xf1\x9f\xf0\x82\x17\xbf$\x92\x99\xb9c\xc7\xd1\x99\x9e\
\xc1\x92\xac>-\xf5%g\xc0\xaf\xfe\xfao\xe0\xfb\x9f\
\xf5l\xfc\xf1\x9f\xff\xb9\xd6\xb8\x81S+\xab8\xbd\xbc\
*\xa2\x14\xa4\xb0\x8901\xc1@d\xa6P\x83\xe3L\
\xed$\x89\x88Z\x12I\x8d:\xa2|%\xba\xadT$\
)\xc0\xbf\xc9\x98\x9f\xeeiU\x1cx\xea\xa7=\x0e?\
\xfb\xdf\xfe+\x8e\x1f\x99\xc7\xd2\xe2iPcA\xb3\x1d\
:\x09\x90\x04Y\xc1\xf31\xd1\xfc\xf0 \xc7\xb2\x10\x92\
\x8cV\x9c\x9bn\xba\x09\xd7^{m$\x13\x8e\xb7\x85\
\x93\xa4HAKS\xa8\x8c\x84\xc8s\x9a\xac\xea!\xe9\
*.9(\x92br\x1et\xc5\x18\xb9\x16\x0b\xd2\x90\
 \x1bf\x22\xe6\x09\xe6\xa6\x8e\xe1\xf4\x03+x\xfb[\
\xde\x8b\xf7\xbf\xe7#\x91\xf4\x0c\x07\xa5\xfa\xddE\x91\x87\
\xd8\xefh\xd1\xd1\x05\xdb\xd65\xa0K\x10*\x8e\xa0\xee\
\xe72\x0bQd\xc9\x18\xf6\xc7\x1a\x8b\x22\xcf \x5c\x8a\
n\xf6F\x02\x8d\x04\xce\x90\x80.\xa93\xe2\x9a\x88F\
\x02\x8d\x04\x1a\x094\x12\xd8g\x12\xb0\xf26\xd9%\x87\
\x8d9\x91\x8d\xd1`\x88\xb10;3\x83T\xd6\x99o\
\xfd\x96o\xc6c\x1fy\x0b\xa4\x0e\xa1\xa5\xc3\xe9\xd3\x0b\
XYZQZ\x22\x82\x93b\xe1\xd4i\x88U\xacW\
\xe7Uq\xd7\x95H\xb1\xec\xca\x8a\xd3\x151\xaa\xc8H\
\x11?B\xf0\xc6\xb7\xbd\x0b?\xfe\x13\xff\x11\xff\xe3\xe7\
\xff'\xee\xb9\xef~\xdc\xf2\xb0\x87\xe3\xc4u\xd7\xc9*\
S`i0@{j\x0am\x91\x9d\x96V\xa6\x1f\xf5\
\xb8\xc7#\x88$\xfd\xf7\x9f\xfd9\xfc\xb3\x7f\xf9=x\
\xe7\xbb\xde\x8b\xd9\x99)\xc8\xb0\x83\x93\x8b+`\x12\xa4\
\xdc\xa5\x18\x8er@}e\xec%`k\x92\x95\xd6\xf1\
p\x14\x09Y)2\xe3\xcfa'\x00laZ^^\
\xc1#o\xb9\x05\xcf\xfe\xa1\x1f\x80_\xe79z\xf4\xa8\
R\x9a\xfd\xb0I\x80\xd4\x8cX\x83\xe7\xa5-5\x1e\xe3\
P\x84zzz\x1a\xb7\xdez+l\xd1\xf1|1\xd1\
\xf1\xbcu\x1e[u\x9c\xaf\x8e\xeb\xca\xe2Cn\xd4\xe5\
\xb4\x8b\x0d\xb7\xbd\x0eQ\xfb\xca_\x88pUp\x9f\xe7\
\xe7\x8e\x82\x0c\x10WA\x12\xbax\xff{?\x8c\xd7\xbd\
\xf6-\x220=t;\xb3X^\x1a\x82\xe8\xa0\x9dT\
D\xcd\xe3J<\xc1\x99\x89\x00e\xea\xb2\xdc\x22\x8b\xd7\
\xb7\xc7\xd9m\xf7T\xb6\x8d\xa3GN(\xad\xd9\x1b\x09\
4\x128\x1b\x09\x84\xb3\xc9\xd4\xe4i$\xd0H\xa0\x91\
@#\x81+/\x01+S\x93\xbd\x18\xf5\x07\xf0+=\
$\xa3\x85'\x93e\xe7\xcf_\xf0\x7f\xf8\xb9\xcf|*\
\x06\xc3\x02\xbe\xc1S\x05l\x0d\x99\x9b\x9d\x8eyrY\
U\xe6\x8f\x1cQ\xacw\xe5Q&\x13\x90L\xe4\xa2t\
\x94\x14\xb3\x5c\xeeI\x91\xa3\xc5\xfe*~\xf9\xf9\xbf\x86\
\xff\xf4\xd3\xcf\xc3\x1dw\xdd\x8dG=\xeeq\x98;z\
\x0c\xf7>\xf0 \x1e\x10\x81\x12k\xc1\xfc\xf1\xe3\xc8\x8a\
\x12\xa7\x97\x97!&\x85\x95\xd1\x08+\x22^\x0f}\xc4\
#\xe3\x97\xd9\xfe\xeb\xcf\xfe\x0ftI\xbe\xe3=\x1f\xc0\
\xfc\xdc\xb4\xd6\xbc\x81\xd3R\xf0r\x12d\x82\xb1\xca\xe6\
Z\x11\xb7\x22\xd7\xebu\xd0\xe9\xb4TM@B\xe0\xd4\
\xc9\x07\xe2\x18\xba\xad6\x8e\xccL\xab\x9d\x027\xddp\
\x03\xfe\xe2\x05\xbf\xcd\xc5\x85S\xeae\xb3\x1fd\x09l\
\x9d\xcf\xa4N\xfa\xda\x80\xc8\xca_\x13\x1e\xff\xef\x1c\x7f\
\x88\xc0\xff\x147\x88$\x8f4\xcf\x221\x10Ao\xb5\
Z(d\x95t\xd8i\x9eK\xae\x86\xac\xea\xd8\xeaw\
xk\xdb\x8e\xbb`\xd0K\x04U-n\xd9_\xfbR\
\xc7d\xb9\xeca\xb0:\xc2\x07Dt\xfe\xf6\xfd\x1fG\
\x7f9\x17\xb9\x99\x11\x01\x0a\xb8\xe7\xee\x07\xd1WZ\x9a\
t\x91\xac\x11\x1e\x7fY-\xcf\xc7\xb2\xf4\x0c\x91j|\
\xa9\xaeI\xf7\xb7\xd7\xe9!A\x8a\xe5\x85\x15\xe4c_\
\xad\xa1j\xac96\x12\xd8^\x02M\xec\x9a\x04\x9a+\
eM\x10\x8d\xd3H\xa0\x91@#\x81\xfd&\x01+8\
\xbb\xf7)\xc0\x1f!HB\x0bS\x22\x0a\xf7\xddw/\
~\xee\xd7\x7f\xcbZ\x10\xa6:\x01\x04PdEt\xe5\
E\xaf#\x85\xca\xef\xc6(\xe0\xd7\xd9\xac :s\xa0\
V\x9e\x0b\xe5U\xbc\xc3w\xde{?\xde\xfc\xb6\xb7\xe1\
\x9f}\xf7\xf7\xe0u\x7f\xf3\x06t\xa7f\x10T\xee\xc1\
\x93\xa7\xb1:\x1c\xa07=\x5c\xdc\xaa\xcb\x00\x00\x10\x00\
IDAT\x8b\xe9\x999\x0c\xf3\x0c\xa7N/b,\
\xb22\xa5p\xa6\x15i\xbf\x9a\x86\x90\xc8\x1a\x93!I\
\xdb\xb1\xec\x17|\xf57\x94\xff\xf1\xa7~\x1a\xff\xf3W\
\xfe/\xee\xba\x7f\x013\xb3\x1d0\x04P\x1d$)\xab\
O\x02\xb7\xeb\xf1\x8e\xb4\x82\x9fM\xbc\xb2t\xf2\xc1\xfb\
\xa5\xe0\xa9c\xda;*s|v\x16\xff\xf5W~\xb5\
4\xb1Ss\x8am\xf6\xc3&\x01R\x13C\x83J\xa4\
\xe8\x9b\xd4\xb4\xdbm<\xf4\xa1\x0f\x85-:\xb6\xdc\xf8\
\x13\xeb\x8e\xab\x89\x8d\xe7\xb1\xad(v\xfd\xdb\x1e\x93\x1d\
\x87U\x85\xe6XU\x97\xfd\x97\x0e\x9e\xbdU\xed&8\
\xb1E\x992CH\xf1\xc0\xfd\xa7\x10\x98beq\x80\
\xd7\xbd\xe6\x0d\x227\xf7\xe3\xc6ko\x89\x1f(\xb0e\
gey\x88\xfe\xeaX\x96\xcdB\xe4\xa7\x10\x89\xd1u\
#\xd2\xd3NRY0K\x98\xe8\x9b\xcc\x05\x04]\x07\
\x09\x96d\x1d\xfd\xe4'\xee\xc4'n\xff\x94\x1a\x0cB\
\xb37\x12h$\xb0\x97\x04\x9a+e/\x09\xed\xf3t\
\x92 w\xc6Yw\xff\x12e$w\xee\x1b\xb9\x91\xb6\
\xb5y+=\xc6\xd6\xf8\x83\x16&7\xc6H^|\xff\
A\x93\xc7\xd6\xfe\x92\x17&\x93\xad\xf5m\x0d\x93\x97\xb6\
~\xcfQc\xa7v\xb7\xc6o\x0d\xbb\xecn \xb9\xb5\
\x086\xe5\x0f\x84W\xbe\xad\xe4eY\x06+y\xe4\xe6\
2i\xbav\x9b\x97>F\x91\x85\xba\xc2\xa4\x95b \
KP\x81\x80\xac\x04\x98\xc8\x05\xf0\x86\xb7\xbd\x03?\xfd\
_\xff\x1b~\xfe\x17\xfe\x17\xd2V\x07:\x00R:\xed\
2M\xc4cZ\xb2\xce\x94\x18\x89\xe8@\xed\xb7\xbb\x1d\
\xb8\xae\xb1\xc2\x85\x14<JQ\xa3\x14\xb5\x92Ad(\
W\xdd%f\x8e\x1cAK\xab\xd2\x7f\xf5\xd7\xaf\xc4\xbf\
\xfb\xf7?\x81\x97\xfe\xe1+\xa0\xacX\x1de\xba\x7f\x85\
\xf8\x03\xf3\xa1\xfaB2\x8e/U_ \x02\x05Y\x9b\
\x8e\xcbr\xa4X\x04\xf5\xad\xde\xfd\x0a\x9b\x95\xe0Z\x16\
\x1e\x7f\x0d\xc7\xd5\xf9\xec\xdf\x8a:m?\xb8$5\xfe\
\x9d\xb1\xb5\xef[\xc3{\x8d\x81\xe4z\x96\xbal\x1dA\
J\xaa[~\x0f6\x99Fn\x94\xad\xe3/\xc4%\xb9\
i\xacAs\xb1\xee\x13I8LR\x86\x90b}N\
/\xcbZh\x82s\xdbm\xb7E\x0b\xe6\xca\xcaJL\
\xebv\xbb\xf0\x5cwy\xcf{h3\xf9q\x5c}=\
\xb4\xd6\xac=\x9e\x17\xceg(\xdb\xfaNr\xdd_{\
\x9cg\x12u\xfcNn\x9d\x17\x92\xa3\x7f3W\xc8j\
\xfaS?\xf0=\x9c\xd6\xe2\x80\x0cM\x18\x8fJ\x5c{\
\xcd\x0d8\xf5\xe0\x12^\xfe\x17\xaf\xc4\xa9\xfb\x17ql\
\xeeZ\x11\x9f!\x8e\xce\x1e\xc3X\xd6\xd7L\x8b\x11\x0b\
\x0b\x8b\x1a\x7f\x1a\x09\xcf\xfc\xfcQ\x0c\x87c]r-\
\xe4\xba0\xa7\xba\xd3\xf0ot\x92\xb2\x85\xe1 \xc7\xdb\
\xde\xf2N\xfc\xf1\x1f\xfe)F\xfd,\xca$I\x92\xf5\
\xee\x91\x1bc\xb2<\xeb\xfe\xed\xe4\xae\x17\xdc\xa7\x9e\x9d\
\xfa]\xc7\xbb\xdb\xb5\x7f;\xd7\xe9\xbb\x81\xac\xe4U\x97\
\xdd-o\x93v\xb0%0\xf9\xfc8\xd8#iz\xdf\
H\xa0\x91@#\x81\x8b(\x81\xfd_Uu\xfb.X\
\xb9\xeb\xfd]{\x95\xc6\xb1F|\x9c\x8b\xcc\xac\xa7O\
x:\xdd\x1eN/-\x01\xcat\xb7\xac9~\xdd\xec\
\xa7\x9f\xf7_q\xff\x83\xa7p\xed\x8d7\xa1\x08R\xa4\
T\xbf\xdb(\x95\x07L@\x12\xa5HN\x0c\x03\x22>\
:h\xaf\xc3v\x8b\x18\x0e\xb0\xc2\x89$\xa0\x902\x18\
d\x19b;\xc5\x9d\xf7\xde\x8b\x97\xfe\xc1\xef\xe3G\x7f\
\xec?\xe0\xf6;\xee\xc0P\x84\x86\x22G\xad\xb6\x88\x95\
(MG\x8a\xac\x1a\xc1pu\x15v\xdd\x02KyQ\
m\xeeF\x5c=W?\xaa\x98\xe6x\x10%`\x05\xd3\
\xfd\x0e\x22=&$&\xafvm\x99I\x92\x04\xb6\xcc\
\xdcr\xcb-\xf1\x83\x04&2$\xe1\xbc$aB\xe3\
\xfc\xd8c#\xa9)\xb43\xb6\x16'\xb95j\xe70\
\xe3,G\x92\x04\x81x\xf0\xc1\x07E\xc0\xda\xf8\x89_\
\xfd\xbf\xe5\xf2\xd2\x00\xc8\x12\x1c\x99\xbb\x06\xa7\x1f\x5c\xc6\
\xeb^\xfbF\x11\x9c>\xba\xedi,\x9e^FG\xc4\
\x7fu\xb9\x8fN\xbb\x8b\xa2(\xe1\x0fq\xe4\x22=\x89\
\xe6\x7f6.e\xdd)d\xe5\x81\xca\x1f\x93%\xe8\x01\
\x1c\x999\x86\xb9\x99\xa3x\xd5_\xbd\x0e\xef~\xc7\xfb\
1\xaf\xf0\xea\xf2*B\xc18\xbe\xad\x9d$\xb95\xaa\
\x097\x12\xb8\xaa%\x10\xae\xea\xd17\x83o$\xb0\x87\
\x04H\xc6\x87\x09\xb9\xbd\xbbG\xf1&\xb9\x91\xc0%\x95\
\x808@\x9c\x9fn\xc4~D\x05\xac\x00\x15\x11\xc3r\
a:\xe2\xf8\x08E8Qp\xfa`<\x86\xbf\xa0\xf6\
\xc2\x97\xbe\x0c\xdf\xfd}\xdf\x87/\xff\x86o*Mr\
FR\xc0\xee?y\x12\x85\x15Q)\x9e\xb6\xfa\x94L\
P\x9a\xe4\x08$AR\x95A\xeaYt\xce8\x14\x8a\
)@)s\x80\x7f\x97\xc3\x90bN\xab\xd6G\x8f]\
\x83\xb1\x14\xbb\xdb?y\x07\xbe\xff\x87\x9e\x85_\xff\x8d\
\xdf\xc4\x07?\xf4\x11\xb8?\xab\x83>\x16N\x9f\x86W\
\xca;SS\xaa\xa1\xdaI\xc6v\x12T\x1bIy\xaa\
\xc7W\xad4\xdb5\x94\xa0\xe2\xae\xcd\xbe\x83\x0d\x92 \
w\xc6e\x1e\xdd\x055W\x9f\x9b\xc9J\x82\xe6\x97\xe3\
I\x22\x15\x19vZ&\x0be\xa29wD\xd6\xc0\x9b\
o\xbe\x19\xb6\xe29\xad\xb0\xa9D\x19H\xcf)\x91\x01\
\xe5S\xf0\x82v\xb2\x92\xedd%$'\x83\xbb\xfa\x19\
Yw\x01\xf7\xd7\xe4,M\xdah\xa5=,.\xf41\
=uT\x84\x85\xf8\xdb\x0f~\x1c\x1f\x112Yq\xda\
\xad\xae.\xd12\xa2\xa51z\x06\xbb\xdc\xe9\xd3\x8b\x1a\
\x7f\x1b\x1d\x91 \xa2\x85\xc0\x16Z\xa1\x87\xc1\xf2\x18\xd7\
\x1e\xbbAd\xa8\x8f\xd7\xbe\xe6\xf5\xf8\xe0\xfb?\x8cB\
d(A\x0a\x14\x04\xc9\xf5\xfe\x91\xdc\x14v\x02Y\xc5\
\x91\xdb\xbb\xce\xd3\xa0\x91\xc0\xd5 \x01_kW\xc38\
\x9b16\x12h$\xd0H\xe0\xd0I\x80d$\x09\xb6\
\xa6Xi\x5cG\x1ci\xa9c!l\xbf;\xc5\x96\x97\
g?\xe7\xb9\xf8\xad\xdf\xfe\x1d\xdc\xf8\x90[\xd0\x96\xb2\
u\xdf\xc9S\x98?v\x0c\xdd\xe9\x19 \x88\xe00A\
\x81\x10\x15)\x92\xd1u\x8dA-\xb3\xb4\x0f\xb0k`\
\xcbF\x12\xedn\x07i\xbb\x85~6\xc2r\x7f\x15\xb9\
\xca\xb5\xa6\xba\xe8L\xf5p\xdd\xf57\xe2\x95\xafz\x0d\
\xfe\xcb\xcf\xfc\x0c\xfe\xeeSw\xc3\xff\xe8t\xfe\xc81\
\xb8\xddh\xd9\x89\xf5\x85x\xdc|\xa8\xe2<^\xc7\xd7\
\xee\xa4\x7f2\xce\xf1\x0d.\xbf\x04\xb6\x9e\x83\xada\xf7\
\xc8$&\x91\xe2\xefW\xd3\x1c\xf6\x17\xf9\xfc\x0fC\x1f\
\xf1\x88G\xc4OK\x9b\x109O\x8d\xba\x0e\x92\xce~\
Q@n\xae\x8b\xe4\xfa<\xdf\xbd\x81\x02\x99\xe6uY\
\xe6\x98\x99\xd1\xf5\xa2\xebdyaUD\xa5\x83nk\
\x06\xef\x7f\xcf\x87\xf1\xee\xb7\xbf/Zt\xd2\xb4\x8dR\
$\x7fzz\x16\xab++\xf0\x18\x0bY5\xcb<\x87\
\x7f\x83\x94\x86\x04\x14\xd1\xc9\x869P\xb6\x10\xd8\x11\xba\
HB\x17o}\xcb\xbb\xf0\x9aW\xbd\x1e\xed\xd0\xc1\x89\
kn\xc0`e\x8cRdg\xbb\xbe\x91\xdc.z\xdb\
8\x92 w\xc6\xb6\x85\x9a\xc8\x09\x094\xde\x83\x22\x81\
\xea\x89qPz\xdb\xf4\xb3\x91@#\x81F\x02\x8d\x04\
\xa2\x04\x22\xc1\xa1\xf4\x22\xc1z\x8f\x11\x13t(D(\
JA^\x1dMk\x0c\x87\x94_\x8e9\x8a\xf1\xe1\xdb\
?\x89\xb4\xdb\xc3\xdc\xb1\xe3X\xea\x0f\xe0\xff\x99\x93\xa4\
-\x9cZ\x5c\x92U\xa7\x229\xca\xbe\xae\x10A\xb4\xc7\
H\xc4l\xbc\xaa\x1d\xe4\x9a\xf4D\xd7\xfe5\x90\x8ce\
\x86\xb2\x1cA\xab\xf7\xad\x8e\x14\xb74\x85\xbf\xba\xe6\xdf\
\xf6\x0c\xc7#\xf4GC\xcc\x89\xd8\xd8\xb2tzA\xed\
\xa9\x8c-@^\xd9\xf7G\x0a:S\x95\xf2\xe8\xf6\x8d\
B\x07\xc3\xfd.\xa0GW)(\xae\xd9\xf7\xb7\x04L\
N\x8c\xba\x97\xf6\x1b\x0e\x9b\xc0\x98\xcc\xd8_\xbf\x96f\
\x8b\x8e\xff\x87\x8e-:\xfe\x18\x81_Y\xab\xf3\xdbu\
\x19\xe7OD\x90\xec^,\x90\xd5\x9c=\xfb\xfa\x0a\x98\
\xe4$)Dx2\xf8U\xbb\xe1 C\x9e\x13\xc7\x8f\
]\x8f\xbb\xee\xbc?\x92\x94\xd3\xa7\x96\xd1iO!\x11\
\x91\x19\x8fF\x9a\xb9%RYG3\xcd\x7f\x86\x1c\xad\
v\x22\xb2\xb3\x80\xd1(C\xbf?\xc4p\x90\xcbn\xd3\
E(\xdbH\x93\x1e\xfe\xf2\x15\xaf\xc1\xbb\xde\xf9~\xcc\
L\x1f\x13\xf1\xe9a\xd8\xcf\xd0I;\x18\xf5G\xeaj\
\x88\xd7\x19I\xf97\xef\xe4\x99q\x9bs4\xa1F\x02\
W\x8f\x04\xc2\xd53\xd4+;\xd2\xa6\xf5\x83)\x01\x92\
\xeb\x0f\x13\xf2L\xff\xc1\x1cU\xd3\xeb\xc3,\x01+\x84\
\x15rQ\x13\xd3\x83j\xb4\xa5B\xa5\xbc\x8e\xa9q\xec\
\xc4\xb5\x18\xe5E|\xcdL\x0e\x18\x12Pd\xa7LR\
\x98\x90\x94\x88TF\xa5 \xc5\xce\xa5\xe5e\xa1C\x01\
\x16\xa5\x142\x80\xd8ys?\xac\xac\x9a\xc0\x90D\xa7\
\xd7Cov\x06\xbd\xe9i\xb4E\xb2\xee\xbe\xef>\x8c\
\xf3\x12Z\xf0\xc6P\xca^\x12\x88$M\xd1J;\x90\
\xd6\xe8F\xe1\xadT\xd3\xdaE\xdc\x1cr45\x1a\xfb\
\xd5?'\xca\xeb\xb6\x0cy7\xfa\xea\xc0\x01\x06I\x90\
;\xe3 \x0d\xad>7u\x9f\x1d6qIu\xbe=\
G\xfc\xcfq;\x22\xc5\xfe\xea\xda\x89\x13'\xa4\xf8\xf7\
\xe3yt>\x92HDnHn\x8a\xc3\x1e\x1b\xb9\xb3\
\xec\xc8\x8d\xb4\xc9jHN\x06w\xf5\xfb\x9aj\xb7S\
d\xf9H\xfd\x1d\xa2\xc8JLO\xcd\x01E\x82\xb7\xbd\
\xed]8y\xdf\x02\x8e\x1d\xbd\x0ec\x11\x18\xeaZj\
\xa5\x1d\x91\x9a\x11\x8e\x1c\x9dC\x7f\xb0\x02e\xd4\xb8\x88\
\xd3\xa7O\xab|\x1fe\x01L\xf5fEl\xe61\x1e\
\x15x\xddk\xdf\x84\xb7\xbf\xf5\xdd\x18\xae\x1682\x7f\
\x1c\x99\xae\x91\xb1\xd0\xeb\xcd\xa0\xd0\xf5Gn\xf4\x95d\
\x9c+\xaat\x93KV\xf1\xe4\x99\xae\xf36h$p\
5H \x5c\x0d\x83l\xc6\xd8H\xa0\x91\xc0\xbe\x93@\
\xd3\xa1\x8b \x01[s\x8c\xda\xcaS\xf8%1\x8a\x16\
\xb0\x80\x95\xc4\xaa\x89r\x9d$T\xe1\x8d#I,/\
\xad\x22$-\xe5!\x96V\xfb\x18\x8d\xf3\xf8\x8aM\xa7\
\xdd\x8bu\xa8&\x11\x0b\xd5\xa9b\xae\x93R\xb2 H\
\xed\x84\x9b\x0aJ\xda\x0a\xa8}cjZ+\xd4\x090\
\xca\xc6\x18h%\xbb?\x1c`\xa5\xbf\x8a\xd5A_\xe1\
\x11\xa6f\xe7p\xcd\xb5\xd7\x22mwp\xf2\xf4\x82\xe2\
\xd4Z\x09P\xd6 \xa8O\xea\x00\x0c\xf3\x99\x08(h\
(\xe0\xbe\x18\x0a*\x8b\x0a\xd9#l\x17\xa7\xe8f\xdf\
\x07\x12\xa8\xcfM\xdd\x95D\x04\xc6D\xd8\xf1\xb3\xb3\xb3\
\xb0Egnn\x0eA\xe7\xdfV\x1d\xa7;\xaf\xd3\xed\
:\xde\xaeQ\xc7\xd9\x7f\xa1 \xb9\xa9\x0a\x92\xeb\x84a\
S\xc2\x96@B\xa0\xc8\xf2\x18\xeb\xfev\xbbS\x9a\x8b\
\xc4\x07?\xf0a|\xec\xa3\x9f\x14i\xef\xa1\xd3\xe9\x01\
\xbe@\x11\xd0\x11\x99\x0b\xaa\xbb\x90e\xb3\xd3I\xe1\xd7\
\xd8Hbqq\x11#Y}Z\xad\x0e\x5c\xc7\xf2\xf2\
\x00\xef|\xc7{\xf1\xd67\xbf\x03D\x1b\xbd\xee\x8c\xae\
\xd3\x01\xc8\x16\xa6d\xf1\x8cc\xdf\xc1\xb2I\x12g\xbb\
\x91T\x9d;\xe3l\xebi\xf25\x12\xd8\xef\x12\x08\xfb\
\xbd\x83\x87\xb2\x7fR\x04\xb4\x80s(\x87\xd6\x0c\xaa\x91\
@#\x81+!\x01\xdfQ*\x85\xffLE\x88\xb1C\
\x85\x94\xad:W\xa9\x18\xa3?\x18\xc0\xaf\xdf\x14E\x01\
\xffVbZ\x16\x17+\x98V\xbe\xac\xbc)\x9bv\x97\
\x82\x08\x8f\x94:\xdd\xbb\x14!\xdd\xadD!\xc2a\xff\
n\xb0\x02\xe7\xba\xfd\xdb +z\xae\xdb\xfd\xb3\xd2\xda\
\xe9u\xe1\xdf*,\xaf\xac\xa0?\xd4\xaa\xb8*j\xb5\
\x03L\xde\xc6&GZ\xf9\xb6\x8e\xe8\xfc\x85H\x9c\x92\
\xa5H\x02\xee\xb7\xe3\x0c\xc7\x1d\x1e\x1c\xbe\x91\xecu\x8e\
<\xf7\xfc\x03}\xcf\x87\x9bn\xba)\x92\x1d\xcf;\x7f\
b\xda\xbf\xe1q\xbc\xeb0!\xb2\xf5\xc7\x12r\x9c]\
\xc7\xdb\xbd\x10P\xa6\x94u\x88\xb9\xdb\x7f.\xf5\x91\x89\
\xae\x9b\x11\x92\xd0B'i\xcb\xaa3\x8b\x95\xd3\xabx\
\xf7;\xdf\x87\xac\x9f\xa1\x95t\xb0pjI\x04e\x0e\
\xfe\xc4\xb4.3\xd8ry\xd7\xfd\xf7\xc6\xdf\xf8\x04]\
\x93\x09\x12\x8cd\xf9\xc9G\xbaN\xf3TV\x9c\x1c\x1f\
\xfb\xf0'\xf1W/\x7f-\x8e\xcc^\x83\x94-\xad\x1b\
\x10\xed$E\x22r\x08\x99`}]\x0du\xedR\x84\
G\xdd\xc6\x19@\x01\xbfZJ\xb9\xd8\x15\xe72\xda\xc3\
\x9f\xd7\xf7\x9b\xc3?\xca\xabs\x84\xe1\xea\x1c\xf6\x95\x1f\
u\x19\xb4\x82\xa9;T\xb1\xa6<\x5c\xf9\x1e\x9d_\x0f\
H\x82\xdc\x19g[+\xb9\xb9\x0e?\xd0\x8c\xb3-\x7f\
\xa9\xf2\xf9\x81\xba\x1b.\xb4]\xb2\x1a\xf7\xd6zvk\
s2mk\xb9\xada\xb2\xaa\x9f\xbcx\xeed\x1bd\
U\xefd\x9c\xfdu\x1f\xedo\xb0\xb3\x04\xc8J~\xe4\
\xden]K-\xdb\xb2\xcc\xa5&\x95ZY\x1e M\
\x88R\x9a\x94I\xc5x\x9c)\xabo\xed\xa9\xf4\x22b\
,R\xe2\x18\x19cP\xae\xff)\x8b\xf64M1\x1a\
\x0f\xe4+\x90\xb6\x12\x8cF\x03\xf8\xb78-\xf9C\x02\
\xe5\xceA\xa5z'\xe53\x12\xd5-\xa5\x8b*[R\
\xe4\x04\x01%\x93M\x08LQ\x83\xea\xa5nuQ!\
\x0bPHeJ)l\xfe\xa7\xa0I+\xa0\x90Y\xa8\
d\x01\xfbsT\x1b\xd5F\xb7\xd7C\xe9\xa0\xda$\xdd\
\xb6\x02r\x82\x9c\x90\x14\x08A\x81\xa8\xc8\x01$#B\
\x08\x8a\x0f\xd1O\x12\x1b\xb2\xd2\xc8%\x07\x87M\xbej\
`\x9fo\xee\xefn \xabq\x93\xdb\xbb.[\x0f\x91\
\xac\xf2\xd4\xe1\xc9\xb4:n\xabKn.S\xa7\xbb\xac\
\xa1\xa7\x98\xce@\xb9#\xac<\xfawZ\x9a\x0c\xf0G\
*|^m\xe5\x1b\xe7\x19\xec\xb7\x85\xcf\xf1G\x8f\x1f\
\xc3\x91cG\xd1\x9d\xd29'\xe02\xae;\xf3\x0f\xf8\
\x15v^\xd7\xe18\xc3\xf5:\x5c\xf7\xe7\xbc\x5c\xcd9\
\xcd>\x04\x11i\xbb\xd0\xf5d\x97\x22@P\xbb\x11\x1a\
\x19\x22\xaa\x16J9\x11*\xeb>\xac\xac\x0e13}\
\x14I\xd9F+\x99B>(\xf1\xb7\xef\xf90\xee\xb9\
\xe3>\xccv\xe6\xd1f\x07\xbdt\x0a\xfe\x12[*\xe2\
\xa3i\xaf\xeb\x11\x989r\x14K\xfd\xa1\xe6j[d\
\xa6\x8b$\xef`\xb0X\xe0\xa6\xe3\xb7\xe2\x9do\xfc\x00\
^\xff\xd7o\xc1\xf1\x99kQ\x0e\x03B\x9e \xd5\xf5\
\xa6\xc9\x8cVHt\x8d\x8eD\x9e\xa6\xe09LU\x98\
\x14\xceC\xc0\x16&\xdd\x03<\x86\xa0\xb9^\x8c\xc7q\
lD\x8e\x0d\x94\xf2\xd7\x80\xfc\xbb#\x09\xaa\x9bD\x98\
\x80Z\xda(W\x02\xf0\x8dE\xf05}\xa1\xa8\xebZ\
wU\xefn~\xcfA\xf5 \xee$AnFL\xd8\
\xe5P\x06B\x85\xb43\x02\xdaH\xea\xd8\xec\x87M\x02\
\xe1\xb0\x0d\xe8`\x8c\xc7w\x08\xdd#\x9ak\xea`\x9c\
\xae\xa6\x97\x8d\x04\xf6\x91\x04\xc8\x8d\x1b\x07\xa5\x88Y9\
#\x1dW\x80HPo\xf1A\x0e\xdd\xe2\xcb\x80\xb2p\
:`\xe5\xa0Du\xff\xf1\xb1\x94\x22d\xd2\x14\xe3\xa5\
\xecQ\xca\x85\xc3\x94\xb2\x04+|\xaa\xcciP;\xf2\
\xc6\xbdpZ\xf4M\xc6\xaeElq\xaa\xb2\xa8\xda\xad\
\xcb\xa9\x0dgs\xdb\xd1U\xbbV\x1cs\xf5\xa5P\x84\
\x91+\xaf\xfb\x07)\x95\x85\xe2]O\xb9\xd6\x87\x18\xaf\
|X\x0bG\xef\x0e\x07\x92 w\xc6\x0e\xc5\x9a\xe8\x8b\
$\x01\x93\xefD\x8a\xba-3\xfd~\x1fc)\xe0\x0e\
\x1b\xf6\xdbZs\xec\xd81\xdcp\xc3\x0d\xf0\xd7\xc9l\
\xb1p\x9cI\xab\xcf\xf9E\xea\xc6.\xd5\x94`L-\
a\x82`o\x98\x98W$A\xee\x8cN\xa7\x07\xf16\
\xe5i\x89\xf0\xa48}r\x11\x1fx\xdf\x07qd\xf6\
\x88\xac5cP\xd7\x1e\xe3\xb5\xa7\xeb\xd0\x95\x0b\x9e\xeb\
j\x0dv\x07\xfd\x91,6m\x91\x98\x0en\xff\xe8'\
\xf1\xdaW\xbe\x1e\x1fz\xffG1\xee\x17h\xb1\xad>\
q\x0d\x01\xd4uS\xeaZ\x816\xcb\xc6d\x07\xaa\x1f\
\xba\xc6\x13_\xf7\xf2\xb3\x04\x22\xa0\x8d\x85\x0eN\x8d\xce\
\x96\x03\xb7\x84\xb7\x0f\xba\x9d\xedS.O,I\xc9v\
g\x5c\x8a^\xc4\xd3u)*n\xea\xbc\xa2\x12\x08W\
\xb4\xf5\x8b\xd7xSS#\x81F\x02\x8d\x04\x0e\xb5\x04\
H\xae\x8f\x8fdT\x02\x1cA\xd2N\x0c\xdb\x17\x95\x1d\
{\x14[++\xbe\xd1\xdb\xbf\x0e\xa7\x19&\x15\xdb\xc0\
\x8a\x94\xf3*K\xdc'\xfd\x8ep\xd8\xb0\x7f/8\xdf\
^\xf0\xeam$Xk\x959\xbf\xbdv\x8d\xda\x0f)\
s\xb5\xbf\x8ew\xb8\xc1\xfe\x94@}\x8e\xec\x9a\xc4\xb8\
\x97&:vM\x80\xfc\xe5\xb5\xeb\xae\xbb\x0ev=\xe7\
\xeaW\xdalqt\xd8\xf9\xb6\x03\xc98\xdf\xb7K;\
\xeb8\x91\x03\x80\x9aR\x04\xe4V\xf0\x95\x12@\xb2\x82\
\xe6\x9b\xaf\xa7\x8aX\x8b<\x98@\x18\xd0\xa6\xf2i\xd2\
\x86\x8c)\xc8\xd2w\xcdt\x00\x00\x10\x00IDAT\
\xc6\x05\xfcJ\xde\x1b\xde\xf0\x86\xf8Z\xdb`0\x88a\
\xe5Z\xdbUv\xcd7\xe9x\x8cd\xd5\xd6\xed\xb7\xdf\
\x8e7\xbe\xf1\x8d\xb8\xeb\xae\xbb\x90\xf8\xf7j\x221u\
^\xcb\xcf\x98\x0c\x8fD\x1c\xf3\xb2\x80IST\xd0e\
\xa5\xb0\x1frA\x8da\x8d\x00\x15\x08*V\x83\xf2\x0b\
\xea;\x04\xd7\xb9\x1b\x94y\xd3\xee\xbc\x9b\x22\x9a@#\
\x81\x03\x22\x01_\x01\x07\xa4\xabM7\x1b\x094\x128\
{\x0949\x0f\xa3\x04HVJ\x98\xdc\x80\x0d\x7f\x22\
\xbf\xc7KVq\xf6\xd7qVP\x8c\x9aL\xb0De\
iq&\xad\x16[\xe1r\xbaa\xbfa\xbf\xe1,5\
\xb6\x86\xeb\xf8\xdd\x5c\x971\xb6\xe6\xa9\xe3\xcep'2\
\x96\xd0\x9f\x88\x98\xa36\xf2\xa9\xef\x8ap\xd8\x90\xb7\xd9\
\xf7\xb1\x04l\xbd1\xa9\xb1\xa5\xc6\xbf\xd9\xb2\xeb8\xcf\
1\x87o\xb9\xe5\x96\xf8\xdb\x15[t\xfc;\x1d\x13\xa2\
\xda\x1ad\xbf\xcf\xf1v\xb8xC\x0e\xd5\xb5P\xb1\x84\
=\xab\xf5\xb5Sg\xa2<AD\x22\x1bf\x98\x9d\x9e\
\xc3\xc7?\xfe\x09|\xf0\x03\x1f\x82?\xb0\xb0\xb2\xd2\x8f\
\x96*e9c\x9f\xac\xc3\xbfK\xaa\xc7i\xcb\x97\xbf\
H755\x05\xffv\xcer\x9a,\x5cN\xf41\xcf\
JY\xc9\xf2\xf8\x15\xc3\x5c\xd73Dn\xca\x90\xe8.\
\x90\xc8.\x15TL\xe3\x0a\x01\x05\xdd\xcb5\x94\x89.\
\x1e\xa5\x95iL\x87\xfa\x0e\x11\x1e\x05\xcej\xf7y\x98\
\xcc\xb85<\x99\xd6\xf8\x1b\x09\xec7\x09h\xe6\xef\xb7\
.5\xfdi$\xd0H\xa0\x91@#\x81\xb3\x91\x00\xc9\
\x98\x8d\xa4\xd6q7\xfc\x95\x0f \x89D \x19\xfdV\
P6 \xdd\xa7\xb4\xa6T\xb9\x8e\xc7\xdaf\xff$\xd6\
\xa2\xd7\x14\xc3\xaaL\x1dw\xa1n\x98\xa8\x8e\xf2_\xb2\
\x87\xd2\x85v\xb4)\x7f\xce\x12\xf0\x1c2\xb1!\x89$\
\x91\x22.3\x88\x89\x8d\xad \xd7_\x7f}$\x06\xce\
cE\xdf\xf9\x9c\xc7\xca\x7f\x96e\xf0\xe6\xb4\x1a\x0e_\
l\xb8n\xec\xa0\xf4\x93\x5co\x8e\xb0e\xc6@\xf5\x9a\
\x98\xe6)\xb4i8\x08L\xd1\xe9t\xf1\xba\xd7\xbc!\
~Im8\x18EK\xd5p8\x06\xc9]a9\x8c\
\xc7\xb9\xeaH\xd0nu\xd0\xe9\xf4D\x92\xa6aRh\
y\x00!\x96w?\x1d\xb6\x0bm\xf6\xdb\x0af\xd7\xd6\
\x9d\x82\xba\x86\x15\x9fk\x81@\xb6\x9e\xd8[\xa2&7\
A\x89\x82\xea\xc2\x19\xc0\x9e\x9b\xdb4\xea\x8c\xf6\x1bu\
\xb8q\x1b\x09\x1c\x04\x09\xf8\x0a8\x08\xfdl\xfa\xd8H\
\xa0\x91@#\x81\xab^\x02$\xa3\xf2CV\xae\x05\x12\
\xe4\xb7k\x90\xb4\x03\x1f#\x14&\xed\x8b\xd1 \xb9\x8e\
*\xe6\xec\x8e[\x95\x1b\x87\x8d\xbdJ\x93U{[\xf3\
\x91\x8cQ\x01\x95K\xd6n\x8c\x8e\x07*\x8d\xf4\x11 \
\x09ov\xec#\x89\xc9qc\x87\x8dd,Kn\xef\
\xeeP\xac\x89\xbeH\x12\xf0\xebh&0\x9e+\xb6T\
\x98\xc4\xd8rs\xf4\xe8\xd1\xf8;\x1d+\xec&?V\
\xee\xfd\x9b\x1d\xe7u\x9c\xe18\x973\xdc\x9d\xda\xb5\xff\
\xa2\xc1\x96\x0d\xc3\x15\xda\x15\xc8j\xae8\x8a\xac\xfc$\
\xe3|#'\xc2\x22\x13\xa5,,G\xe7\x8f\xe3\xfd\xef\
\xf9 N\x9d<\x1d\xff\xd9\xa7\xc9\xcb\xcc\xf4l\xfc\xbf\
9\xd8ms[\xe2O\x1eW-'\x93\x17\x8f\xdd\x16\
\x1e\x8f\xbf*\x1eP\xae\xe5\x03\x82\xa2\x02\x9c\xcfr\xf3\
\x87\x1e\xec7\xc1q=\x93\xae\xfd\xca\xbc\xeb\xee2{\
a\xb2\x02\xe7\x9d\x0c_j?\xc9\xe6\xfa\xbd\xd4B\xbe\
J\xea\xf7\x95s\x95\x0c\xb5\x19f#\x81F\x02\x8d\x04\
\x0e\xae\x04H\xaew\x9e\xe4\xba\x12\xe0Hr#L\xca\
\xafH\x1a:\x90\x5c\xcfKR\xb1\xd5>\xe1\xad\x22&\
\x8e\xe4F\xbe:\xfa|\x15\x1d\x92\x9b\xda'w\x0e\xd7\
mEk\x94\x02\x01U^y\xa5\xe6\xd9o\x1f@\xda\
O4\xdb\xfe\x96\x80\x15q+\xed\x9e;V\xe2Mf\
\xfc\xbft\xfcOCm\xd5\xb0\x15\xc7#p\x1er\xe3\
|\x92\x1b~\xa7\xbb\xbc\xdd\x8b\x8b\x80\xb2d\x044\xbb\
\xd6\xeb\x16\x09\x09\x0aT(\x94\x22\xa6\xa1\xb0w[\x1e\
k8\xdcNzX^X\xc5\xdb\xde\xfc\x0e\xcc\xcd\x1c\
\xc5h\x98\xa1\xdd\xeeb0\x18\xc0\xa4N\xd5\xc3p\xde\
\xed`\xf2G\xb5\x90$-\xe4\xb9_\xdb\xac\xfa3\x1a\
eH\x147\xd9/\xcb\xc0\x806\xcb\xd5e\x8b\x22C\
^\xe6\xb2\xe4\x88\xda\xb0@Q\x96\x0a\x17\x1aS\xe9\x5c\
j[~\xc5\xc3P.l\x81\xfbV\xaa\xfd\xb3A\xa1\
\xcc[\xf3\xa9\x91fo$p $\xe0\xeb\xf9,:\
\xdadi$\xd0H\xa0\x91@#\x81\xfd \x01\x92\x9b\
\xbaA\x12V\xc06E\xae\x05\x925\x97T\x1e\xc17\
|R~\xe9B.Cr-\x07\x22\x81\xc0\xc4Fn\
\xa4MD\x9f\x93\x97\xac\xea \xb9^?\xc9XG\x82\
\xca%\x19}d\xe5:\x91\xa4\x9d\x08\x92R\xc7\x08\x92\
\xf0\xe61L\xbe\xfa\xe6\xb8\x06\xfbS\x02&8du\
\xde\xac\xa0\xdbzc\xa23;;\x0b\xa7\x99\xf0$I\
\x02[}\xfc*\x9b\xc9\x8f\xe3\x0c+\xf6\xc6%\x1f\x99\
\x94\xf8\xaa\x0d\xcf\xac\xcaw6\xc7P\x10s\xd3\xf3\xd1\
\xaa\xd3_\x19a\xdc\xcf135\x07\x7f\xc4\xd0d\xa5\
\xd7\x9b\x86\xd8\xc6\xa6\xaaTD\xe1\xaa\x1dK%\xbe\x06\
\x17\xaa\xb0\xc7n\x82\xe4\xdf\xecX&\x1bcw\xba\x88\
Y\xa1\xa2\xea+\x99\x88\xccP\xe4H$G\x158_\
)\xc2c\x17\x225\x95?Gib\x13/r]\xec\
\x0a\x819\x9c\x0ef\x80\xd3\x22\xe4=\xcf=\xb6w\x9e\
e\x9bb\x8d\x04.\xb7\x04|\x15]\xee6\x9b\xf6\x1a\
\x09\x9c\xb5\x04\xbc\xe2\xb7\x1b\xce\xba\xa2\x1d2\x92\x04y\
\x1eX+\xb3C\xb5g\x1dm\x05\xa0~h\x90U?\
\x5c\x98\xa4\x9d\x0b\xea\x1bY\xd5\x11+:\x87\x83\xfbS\
c\xbbb$\xd7\xfb\xb5S>\xb2\xca\xb3]\xf9&\xee\
\xec%09\xf7\xc93ej]\xa6\xae-a\x80\xff\
\x0f\x87All\x04+\xb2`WyH\x85\x83@h\
\x15\xba\x1dW\xa1I\xc2\xaf\xd2\xf8G\xe2\xfe\xd1\xb4\xcf\
\xab\x15/\xec\xb1\xd5\xf3\xb7vw\xca\xee\xfa\x9cF\x12\
$Q\x8f\xcbm\xb9\xac\xdb\x1e\x0d\x86\x88:\x19\x80$\
$:\x02\x0c\x01\xd4\x9f\xf3\xdb\xadb\x81D\x0a\xb2\xfb\
g\xb8\xac\xe18\xe7\x9b\x04I\x90;\x03Wx#w\
\xee\x1b\xb9w\xda\xa5\xee\xbe\xcf\x9b\xe1v\xec\xd6\xa8\xc3\
vk8\xcd\xe7\xd2\xb0\xe2n\x98\xdc\x98\xd4\xf8\x95+\
\xffp\xdf_^\xb32_\xe7q\x19\x92q\xee\xf9\x1c\
\x92\xc4\xd6\xb4\xdd\xea\xaf\xd3\xce\xd7\x0dL\xe2\x5c$7\
d\xbdQW\x11\xfb\xe5\xfe\xf8u\xb5\xb9\xe99\xe4\xa3\
<\xbe\xaa\xd6I;HC\x07\xab\xcbC\xbc\xef=\x1f\
D6\x06:\x9d.VW\x07\xe8\xf5\xa6t]\xc9\xba\
3\xd4|^\xabL\x1ce\xcdW9\xf5u\xeb\xb9J\
\xf5\xa1T\x06\xbb\xfe\xaa\xdbXm\xf8+o\xa5\x98\x91\
\x89\x93\xf3XN\x9e\xdf.m\xbf\xc9\xa0\xdb2A\x0c\
 \xfc\x7fx\xe8\xc4B\x14'\xab\x88N\xaf\xd7A6\
\x1a\xa2\xcc3P\x0d\x1ae)K\x8f`\xd2\x93\xa4\x14\
i2\x11r\xc1\x0d\x90T\xfe\x0aeY\xc6<v7\
rT>rsy\xb2*C\x9e\xbf[\xd5\xbc\xfd\xd1\
}\xd8\x8a\xeds\xee\x1eKn\xf4o\xf7\x9cM\xeaa\
\x92@8L\x83i\xc6r\xf8$\xb0\xf5\xe6\xb65|\
\xf8F\xdc\x8c\xa8\x91\xc0\xb9I`'+\x07\xb7TS\
\x87'o\xfaV\x96\xe6\xe7\xe7\xa3r\xe3\xecVD\xed\
ZQ\xb5\x92j\xffn \xebZ\x81\xdd\xf29\xcd\xd7\
\xae\xddI\x98\x5cuZmt:\x1d)\x89=$\xaa\
n4\x1e\xc5,\xdb\xe5\x8f\x09\xcda_H\x80<S\
\xd9\xb5bNr\x9d@\x98(\x18\xedv\x1b\x9eg\xb6\
\xe8\x90\x84_\xc1\x22\x89\xfd\xb5\x15Uwd\x1d\xc1\x9a\
\xd5\xc3s\xd00\xd1X]\x19\xc4W\xd3(r2\xec\
\x8f1\xd3\x9b\x89\xff\x1bg\xb82F(\x13\x94E\x02\
\xc8\xcd\xb2\x02&-\x96EU\xe1\x0e\xc7r\xf2J\xdc\
!\x8f\xa3c>\xe75\x14!b\x04\x04\x90D>V\
\x9f\xb5\xdb\xcdFc\xa4\xa1\x85\xe9\xa9)P\x1cf\xe1\
\xd4ix1\xa1\xddIabC\xdd(*\xc2#2\
$\xc2\x93\x8b\x04A\x9b\xc7'g}\xdf\x1a^Oh\
<\x8d\x04\x0e\xb0\x04\xc2\x01\xee{\xd3\xf5\xab@\x02\xbe\
\xf1\xee\x86\xab@\x04\xcd\x10\x1b\x09\x5c\x90\x04\xb8Ki\
\x13\x1a[G\xac|\xfaU\xa2D\x16\x93:;yf\
I_\x8bu\xfavn\x9dnw\x12u\xde:\xae\x0e\
[\x09\xee\x88\xe8\x98\xf4\x98x9\xde\xca\xb1[.\x0b\
iqR\xda\x1cgl}XIwst\x83\xcb$\
\x01\xd2g\xe5\xcc\xc6|N\x1dK2*\xe0$\x1d\x8c\
\xf0\xbc\xf2\x9c2\xc9\xa9__#\xa5\xa4\xe7y$D\
1\xd3\x15<\x14\x9aD2\xa0l\xf4`\x82\xe8\xc0f\
FYJ \xa4!\xc1\xb0?@;\xed\x02y\x00s\
\x11\x9b\x22\xe0o\xdf\xffad\xa3\x02);\x80\xc2)\
S\xa5k\xd7\xf8\xd2\xb4\x05\xc8\x82j\x90\x8c\xb2I@\
\x11\xfa\x12d\x15\xa6\x88S\x85:\x5c\xbbj\x83\x15\xb0\
\xb6\x91\x8c>\x92 \x05$\xe8/\x0fd\xcd\xed`n\
j\x1emY\x9a\xb2A\x8e|X*\xae\x8d\xa9\xce\xb4\
\xd2\xfb\x15V\x87\xb0\xc5(^[*\xab\xce\xa2>o\
%\x82\x86H\x8d6\xac\xa3\x10\xa12\x9c\xb6\x13\xa0r\
h\xb6F\x02\x07D\x02\xe1\x80\xf4\xb3\xe9f#\x81F\
\x02\x8d\x04\x1a\x09\x5c\xa0\x04\xb8V^:^\xf4\xf9\xd5\
\xa2\x9a\xf0\xf85\x22\x13\x1e'X\x112\x09\xb2k8\
\xae\xc6\xd6\xf0\xd6x\xa7\x1bu\xbc]\x87kl\x0d\xbb\
]\xc7\x91u\xef\x1c\x026\xad\x8c\x97U\x9c\x8f\xd4!\
\x80 )_\xb3_J\x09\x90\x9beLn\x0e\xbbm\
r#\xae>\xc7V\xaa\x0d\x93\x1d[\x0b\xaf\xb9\xe6\x1a\
\x98\xf0\xf8\x9c:\x9e\xe4E9\x7fu{;\xb9\xee\xdf\
\x9e\xb0\x19\xc4\x96\x1c\x16\xcajx\xb2\x19\x88\x84 \x04\
\x11\x18YW(b\x02\xb9\xb6\xdc\xcc\xcc\xcc\xe1\x8eO\
\xde\x85\xbb\xef\xba\x0f\x89HF'm\x8bz$\xf1\xf5\
\xb5D\xd6\x152\xc0c\xc5\xa6\xad\xaasS\xd4Y\x04\
\x5c\x97\xdb\x05\x82r\x1b\x00\xe5\x0fH\xb1xj\x15+\
\xa7DdVJ$EWh#\x1f1\x82h\xc9Z\
:\x83\xaeHO\xa73\x85V\xab\x83d\xed\xa3\x07\xfe\
\x18\xc2P\x96 q\x1a\xd4\x9beX\xfb\xcf\xc6=\xbf\
\xd1\x9cM\xcdM\x9e\xc3+\x81+7\xb2\xea\xca\xb9r\
\xed7-7\x12h$\xd0H\xa0\x91\xc0E\x92\x00\xa5\
\x81Pu\x9dqcW\xbc\xa27\xed\xce377\x8b\
\xe5\xe5e\xf8u\x17+\xa5\xb9V\xa4\x13Yw\xac\x90\
Nf\xb6\x22d\xd4q\xf6\x1bu\xb8v'\xe3\xec\x9f\
\xc4d\x9e:\xde\xd6\x1c\x13\xac\xb9\xe9\x19\x18u\x9e\xe8\
J!\x96\xb6\x19\xbd\xb5\xeb\xb1U\x11\xcd\xf1rI\x80\
$H\xae7Gr=l\x85\x9edL\xf39\xf5\xbc\
\x99\x84\x89\xac?3}\xec\xd8\xb1\xa8\xfc\x9bX;\xdd\
s\x8c\xac\xca\xc5\xc2\xfb\xec\xe0\x9e\x19\xee\x96\xc7P\xea\
\xba\x98\xea\xf4P\x8c\x0b\xf8\xf7;=\x11\x88\xf7\xbe\xfb\
\xfd\xb2\xea\x94\xe8\xb6z\xa2\x1e\x89\xa6(\x91\x84\x96d\
\x13`\xb9x\x9c\xd8a\xf3\xb5g\xac'\x8bD\xc1\x80\
[5\x9c\x1a@\xda\xbf\x9e+zH\xc6\xfa\x83H\xd8\
k\xfe\xf2\x0d\xf8\xf3?z%^\xff\xea\xb7\xe1\xc1{\
\x96t\x0d]\x83\xa33'\x90\x94\x1d\x0cWK\xf57\
 \x1b\x07\x8c\x86\x05\x86\x03a$\xcb\x8fLY!i\
\xeb\x9a\x9fB)\xbf\xcf\x1b\xd66\xfb\x8d\xb5`\xe34\
\x1284\x12\x08\x87f$\xcd@\x0e\x95\x04\x9a\xc14\
\x12h$p\xe1\x12\xd8\xa4*\xad\x11\x1e\xae\xb9\xae}\
yy%\xfe~b8\x1c\xc2\xca\x99\x954+;V\
F\x9d\xbe\x15N\xdb\x1a\xb75\xec<[\xe1<\x93q\
\x0e\x1b\xfe\x1d\xc7\xe2\xe2b\xfcH\xc2\xb2HWV@\
+\xd1]'II\x1bGw\xa7\x03\xb9it;e\
k\xe2/\x92\x04\xc8\xcd\xf2&\x19\x95q\x92\xb1\x05\x9f\
_{\xec\x92\x8ciG\x8e\x1c\xc1\x11\xc1d\xdaD\xda\
\x1f*\xa8\xd3\x9d\xf7\xcaB\x93\xcd\x16\x1dc\x93U\xc7\
\xbd\xaa\xd2\xea\xbe\xda\x8d\xa4\xa7,E4R\x9c|\xf0\
4n\xff\xf8'\xd1\x16i\xf0\xefdl\xed\x81\x88C\
Q\x94p^_G\x1e+Y\xc9\x81\x5cseR%\
\xd7\xfc\xe7\xe8\xbaWd\x02F\x10)\xd3Hn\x16\xee\
_\xc1\x9b^\xfb6\xfc\xde\x8b\xfe\x04/{\xe1\x1f\xe2\
\xf5\xaf}+\x16N\xf6q\xed\xb1\x1b\x90\xa2\x8b\x94]\
\xb4\x04\x22E\x91'\xc83\xa2,\x12\x10-\xd4\x9b\xfb\
\x5c\xfb\xed:l\xd8\xdf\xa0\x91\xc0a\x90@Cv\x0e\
\xc3Y<\xc4c w\x7f0\x1c\xe2\xa17Ck$\
0)\x81m\xfd\x17z\x03\xf7kF\x8fy\xccc`\
\xc5\xcc\xa4\xc3\xaf\xae\x99\xf8\xd8\xb5\xb2Sc\xb2q\xc7\
M\x86\xb7\xf3;\x8fQ\xa7\xd9ol\x0dw[m\x0c\
\xfa\xfd\xf8\x8a\x93\x15b[y\xea<\xd1\x95r\x19\xdd\
-\x07\x92[b\x9a\xe0\xe5\x90\x00\xb9Y\xee\xe4\x99a\
\x13e\x13\x83v\xbb\x8d\xeb\xaf\xbf\x1e\xfe\x22[Q\xc8\
\x22\xa2si\x12@J\xd9\x96\x7fr>\x5c\x8e\xbeo\
\xdfF\xa1\xe8\x02\xf1X\x0f%\x12\x1fEkw\x1f\x8d\
D\x16\x1b\x13\x9a\x96\xc8M\xa7\xd5\xc1\xfb\xde\xf7\x01\x11\
\xf4\x11<\xd62\x87\x16\x0c\x0a\x91\x87\x00\xe75\xa9K\
\xd3\xb6\x16\x0f\x00\xf1\x9f\x08`b\x85A\xf5\xae\xef\xb6\
\xe6\x18*\x8d\x08_\xd1\x06\xd6\xb6I\xffZ\x94\x1c\x92\
\xca\x1d\xc0\x22\xc5\xb1\xb9\xebp\xd3u\x0fC\xaf3\x8b\
\xfb\xee>\x89w\xbc\xe5=\xf8\xb3?~\x05~\xf7\x05\
/\xc3\xa9\x93\xcb\xd1\xa2\xd3J{\x98\x9e\x9eG\xaf;\
\xabrm\x0ce\xe1Y\xd1u\x07\x04\xd5V\xed\xee{\
\xe5k\x8e\x8d\x04\x0e\x9f\x046f\xfa\xe1\x1b\xdb\xbe\x1e\
\xd1\x0e\xb7\xbe}\xdd\xe7+\xd19\x92 w\xc6\x95\xe8\
S\xd3f#\x81\xfd%\x81\x00-\x18\xabKR\xb6\xb8\
Y\xad\xda\xeb>s\xed\x91y|\xc1\xe7}\x0ef\xba\
\x1d\x8c\x07CYU\xda\xe8\xaf\xac\xea\x9a+a\xa5M\
\x95\xc6}C\x11\xaa\x1e\x19\x85\x94\xd5\x98\xb0\xcd\xa1\xd8\
A\xb1sI\xaa\x9c\xddD\x1dK\x0a\xe0\xeeO}*\
\xf6\xfd3\x9e\xf6T<\xe9\xf1\x8f\xc5t\xa7\x85\xa2,\
\xa4<\x8e\x90\xb6Z\x88\xbf)P\x99rM\x01U\xb1\
\xaa\xc5\xb5p\x15h\x8e\x97J\x02\xa4&\xd4.\x95\x93\
\x9b\xd3IF\x02`\xb2\xd3\xd2\xf9;~\xfcx\x0c\x9b\
\xc4\x92\x84\x09\x10I\x98\xfc\xe0\x827\xcdu\xcf\x8d]\
\xb0w\x13AY\x0c9\xdaMN\xe4\xc4y\xe7\xb9W\
@\x7f\x22j\xa1\x95\xc6\x05\x81\xb4\xddA+\xed\xe0\xc3\
\x1f\xfe(:\x9d\x1e(\xb2\x90\x1594e\x91\xa6)\
|\x9d\x18i\x1a\xc0I\x13*\xcev\xd3E\xa16\xab\
\xdc\x85\xea\x98\x90o$EX\x8bs\xfd-\x11\x99\x0c\
y\x16d\xb1I\x81,A\x12\xa6\xd0Ig1Z-\
q\xe7\x1d\xf7\xe37\x7f\xe3E\xf8\xd3?|\x05\xde\xfb\
\xf6\x0f\xe1\xe4\xdd\xcb\xc0(\x8d\xe9\xbdt\x0e\xdd\xd6<\
X&\x00\x8c \xd7\x90\xe3]\xd7W!`+\x94\xc6\
\x09\xc8{\xe8\xf6\xea^z\xe8\x86u\xd5\x0fhbv\
_\xf5\xb2\xb8l\x02\xf0\xcd\xd0(\xb0\xfe\xe8\xbelm\
\x1f\xb4\x86,\xa7\xdd@2\xde\xfc\xc9\xf3s\xf7\x83<\
<>\xf7\xc3\xaea?Ix\x15\x14\x97xs{[\
1\xd9\xe4\xd6\xb4\xad\xe1\xc9\xbc\x8d\xff\xe2K`\xab\xbc\
\xb7\x86\xfd\xff8\xfc\xbb\x17+\x8f\x9d\xb5\xaf\x9a%\xed\
\x16\xc6\xba\xb5\x14k\xdd\x19\x8c\x86\x18\x0cW\x11\x15\x17\
 ^/\xd0\xe6\x9b\xbfT$|\xddW|\x05~\xe2\
\xdf\xfe\x1b\xbc\xfa\xf7^\xcc;?\xf9q\xe4\xc3>\x12\
\x06\xd0K\xd6R\xe4\x92\x84\xbaS\x05\x8c\xf3LjX\
)PP\x03\x9a\xa3C\x7f&:$\x08i\x0b\xb9\xa2\
ri}I+\x85a?I\x984\x95\xf9\x18\xd2\xc8\
\x10\xf2\x1c\x89\x90\xad\xae\xe2\xe4\xbd\xf7\xe2Q\x0f{\x08\
\x9e\xfb\xfd\xdf\x8b\xe7\xfc\xc0\xf7\xc0*\xd7`\xd0W\xbe\
,*\x8e\xf2\xc4vJ\xd5\xd1\x1f\x0e\xe4\x87\xfa\x01,\
\xae\xf6137\x83\x95\x95\xa58\x16_'F\x92\xa8\
\x1f!\xc48\x0d\x0f\x96\x95\xddK\x09\x92\xeb\xd5\xbb=\
\xa3\x8e \x19\xfbB\xee\xec\xd6ywr]\xdfn\xa8\
\xcbm\xcd\xe3\xf9`\xd4\xe9;\xb9u\xb9\xad\xe9d\xd5\
g\xa7O\xa6\x91\x84e]#\xcfF\xb2\x16\xb4a\xb7\
\xdd\xd2\x19\xd4\x9c)\x8b\x0cA\x8a\xfe\xa7=\xe1q\xb0\
?\x09\x90\x12\x0ex\xd6@\xe9\x0e\xa7\x9aS\xce\x13\xd6\
\xce\x17I\x9c\xcfV2`7\x14\xb1U\xb7|&\xca\
\x92\x22\xda!\xc2\xfe\xb2\xa8\xfa\x90\xcb\x89_i\x0bJ\
a\x8ds\xfb\x00\x00\x10\x00IDAT\xd7\x5cf;\
`ie\x19sG\x8ea<\xcap\xd7=\xf7\xcab\
r\x1a\xbe\xf6r\x94\xfa\x03\xa01\x8e$\x8b\xb2,\x14\
(E\x8c\x86H\x92\x10\xe7t\xa2\x18\x92 \x05\xc5p\
\x12\x8e\x8b\x80\xd2'Q\xc6p)y)\x19Ar2\
\xa8\xb2Pcd\x02\xfb\xdb\xed.FY\x81\xac,\x11\
\xd2\x9e.\x906\x8a\xac\x85$L\xa1\x13\xe6pt\xf6\
\x06\xdcs\xc7\x02^\xfe'\xaf\xc1K~\xe7\x8f\xf1\xda\
W\xbc\x19w}\xec\x01p\xd0\xc3\x14\x8f\xa0\x10\xf9I\
\xd0U\xad\x1d\xa8\x0a\xa1\x84I\x8eQ\x86\x1c9F\x11\
e\x99)-W\xfdBQB\x99\x22J\xc9\xb0,K\
\xa5m\x0f\x5c\xe06Y\xf7\x05V\xb5^|\xb2NK\
\x91J!}\x94G\xbb\xd3\xe5\x1c\xcc\xbd\xe9\xf5\x8e\x12\
\xd0%\xbacZ\x93p\xa9$\x10\x08\xb2\xc2\xa5j\xa2\
\xa9\xb7\x91@#\x81\xc3/\x81\x91\x08\x88W\xcf\x91\xa4\
X\x15Q\x98?vTV\x91L\xfeAT\xc2\x0a\x89\
\xa0\xa3\xd5\xe8n\xb7+_\xb5{\x95=\xf3?\x1e\x14\
\x91\xa1\x94\xb3\xd5\x95\x05<\xfa\xd6\x87c\xa0\xa7\xfc\x8f\
\x89\xf4\x5cs\xfc(\xee\xf8\xf8\xc7\xa54\x89\x98\x88@\
\xf8\xb3\xd0VLg\xa7g\x10\xa0\xfb\x96\xca\xb4En\
\xb2,\x8b+\xf5&3\x85V\xbfS\xadf\xdb\xef\xd7\
\xe1L\xb0ffLHV\xa0h\xb4\xd4?\xa9\xa5\xe8\
/\xaf\xe0A\x91\x9c\x1b\xaf\xbd\x16\xdf\xf7\xcf\xff9\x9e\
\xf7\x9f\x7f\x12_\xf4y\x9f-e\x0b\xaa\x19\xe8uZ\
H\x95\x17(\xd0\xd7xBH\xb0\xda_E\xa7\xdb\xc3\
\xd2\xea\xb2\xb0\x82\x99\xa9\x1e\xdcN\xaf\xd7\x8b\x16\x02\xb7\
\xad\xaeG\xbf\xddI\xa0\xd9.\xa9\x04\x12\xcd\x0f\xff\xd6\
\xca_\xf5\xf3\xbcr\xd8\xe7\xe3\xa6\x9bn\x8a\xed\x92\x8c\
\xee\xe4\x81<3n2\xfd\xf2\xf9\x03 e=b\xad\
\xd1\x02e\xf4\xd5\xd1&\xec\x90E\xa5%+\xd5\xbd\x9a\
\xb7'N\x5c\x87\xb7\xbc\xf1m\x98\x9a\x9a\xc3p8\x02\
)uY\xe3!\x09\xf2L\xc4\xca\xce\xebP\xf5C\x1d\
<\xb3\xb4\xfa\xe3>\x01&p\xd0\xe6q\xacAq\xd0\
\xd5\xc4\xa2\xad\xa2-\xf4\x97F\x98\xee\xce\xe1\xdac7\
i\x91\xa1\x83\xbf}\xff\xc7\xf1W\x7f\xfe*\xbc\xe2O\
_\x85\xd7\xbf\xfaM\xc8\x07\xc0\x91\xd9c\xe8\xb6\xa7u\
m\x8a\xd8h\xc5\x22M\xd3x-\xe5^\xa0P\xedq\
\xb7\x85G\xb2\xf1}\xc0\x16+\x8d\xda\xad\x80\xe4\xae\x88\
e\xf7\xf1\xc1\xf7\x0aw\xafvY:\xd4\xe00J@\
W\xc8a\x1cV3\xa6=$\xd0$7\x12h$p\
\x08$`\x05\xb3\x5cS8F#+_\xc4X+\xbd\
\xdd^7\x8en\x9c\x8daB4\x1cg\xe8K9\x1b\
\x8fsXqkk\x15>\x09\x09\x02\x03f\xa7g\xa5\
\xc6\x00\x8bK+\xf8\x9c\xcf\xfc,\xfc\xea/\xff/<\
\xe7Y\xcfF)\x22u\xff\xddwa\xd6u\xa9\x9e\x07\
\xee\xbfW\xf9K\x91\x91\x80\xfe\xaaH\x8c\x14\xdd\x5c\xf5\
\xa6Z\xbcq\xde\xc1`\x10\xeb>q\xfc\x18\xdai\x82\
\xbb\xef\xfa\x14\x8e\x1f\x9d\x07]\xbb\x88Q\x7fy\x09=\
)\x8d\xdf\xf8u_\x8b\xff\xf0\xef~\x0c_\xf75_\
\xa1\xba\xdb\xb1\x9f\x99V\xcc\x0b\xb5\x17\x94[\xcb\xc41\
\xae'\x82\x03\x04\x11*\x8f%H\xc1\x14\xd9R\x9bN\
\xf4\x0a;E\xb8\xac\xa4\x18V\xb0\xedn\x85\xf36\xb8\
t\x12 \x19\xc9u\xa2\xf3\x12B\x88$\xd4\x1f\x9d\xb8\
\xee\xba\xeb\xd6\xacsU\xdb$\xa3\x87\xac\xdc\x18\xb8\xe2\
\x07-\x05H\xbb-E\xaccW\xa2B\x1f}\xb2j\
j&\x96\xd05\xa0Tek\xa5]\x9c\xb8\xe6\x06|\
\xe0\xfd\x1f\xc6\xfd\xf7?\x08\xff\x13\xcfv\xd2\x06\xc9]\
Q\xd5v\xe9\x8eAU\x07\xf5\xdf.ea\x99|\x05\
KCCW\xd6^/4\x90TN\x8d'+\xb1t\
z\x09\xb7\x7f\xf4v\xbc\xeb\x1d\xef\xc2\xef\xbd\xe4\xf7\xf1\
7\xafz\xbd\x16 N\xeaZ\xbd\x16\xd7k\x8cY?\
\x8fy\xba\xed\xa9h\xf5\x0ak\xe4\x8a\xac\xea \xa91\
\x97\x11P\xdb\xb1\xe2\xe6\xd0H`\x9fK\xc0\xd7\xc8>\
\xef\xe2\xe1\xeb\x9eoB\x87oT\xcd\x88\x1a\x09\x1cd\
\x09\xec\xcf\xbeoU\xde\xb7\x86\x93V\x8a\x07O\x9d\x04\
D8Z\xdd\x0e\x96W\xfaX\x91E$\xd1p\x96\x07\
C)\x9c-\xd8R\x92\xb6\xdaR|\xba\x22#NQ\
\xa2\xf7R\xaaJ\x9e#\x17\x911Y92;\x8d$\
\x00\x89,7_\xfc\x85\x9f\x8f\xe7\xff\xaf_\xc6\x97\xff\
\xbd\xbf\x87L$f\xdc\xef\xc3\xd6\x18*\x7f\x7fi\x11\
]\x11\x8d k\xce\xccT7*\xbb\x85\xc8L\xa7\xad\
\x15a\xad\x06?\xf8\xc0\x03(E\x82\x1e\xf6\x90\x87`\
uq\x11+\xa7O\xe3\xd4\xc9\x07\xf0\xaa\x97\xbd\x88?\
\xfb\xdf\x9e\x87\x7f\xf9]\xdf\x8ak\x8e\xcfA\x86%\xf4\
\xfb\x03d\xa3!\xda*\xeb~\x92\x84\xad6\xb9\x12K\
\x04\xd1$\x1d\x93\xb6\xc6\xb4\xea\x1e\xc71\x0c\x8a\x12\xf7\
\x9f<\x15W\x9fc\xe4\x0e\x07\x92;\xa44\xd1\x17K\
\x02>W\xd3\xd3\xd3X^^F\xbb\xdd\x8e\xd5\xde|\
\xf3\xcd0\xf91\x1cAn\x7f\x1e\xc8\xed\xe3]\xe6r\
\xa0T\xf3\x9a\xfd\xf0+[@\xb1\xa9\xc9R\x89,\x13\
\x04\xa6\x18,\x0f\xb5 p\x04\xddV\x0f/\xff\xf3\xbf\
D+\xe9b\xb4:F\xcaN$\x03\x9b\x0a^\xd6@\
\xa9\xd6\xd6\xfa\xadkB\x81\xb8\x9b\xf0Pa\x8f\xa1\xd3\
\xb6\x15\xb4\xc4`u\x08ja\xe3\xf8\xd1\xe3\xb8\xee\xba\
\x1b133\x8bb\x04]\x9bC\x91\x9d7\xe0\x0f^\
\xf2Gx\xd3\xeb\xde\x84\xbb\xff\xee~YWgq\xe2\
\xc8\xf5H\x8aT\xa4OB\x02%\x07\xea\x08\x90\xd4\xa1\
\x00\xd5\x88\x81C\xb4\xf9\xdez\x88\x86\xd3\x0ce\x8b\x04\
\xc2\x96p\x13\xbc\x8c\x12hH\xcfe\x14v\xd3T#\
\x81C(\x01+\x98~\x9d,/K\xb4\xb5\x8a+\x1d\
\x0d\x9f\xba\xebN<\xb8\xb4\x8c)\x91\x9f\xbe,9c\
\x91\x12\x0f\xbd\xd0\xc1\xea\xd1\xca\xea\x00})k\x0aF\
\xa2\xd2\x16qi')2\x11\x94\x90\x033\x9d\x16\xae\
\x99\xed\xe2\xf8\xfc4~\xf4\xb9?\x80\x1fy\xees\xf0\
\xb0\x87\xdc\x8c;>\xfaQ\xb4U\xe8\x86\xe3\xc7\xc1\xf1\
\x18A\xc4g(\xb2\x92\xea)\xd2\x12K\x92\xfe\x83\x8e\
\xea\x9a\x97\xf2kRt\x9f\xfa\xb1\xbat\x1a\x8f{\xf4\
#\xf0\xbc\x9f\xfc\x0f\xf15\xb9\x1b\xae\xbd\x06K\x0b\xcb\
h\x110\xa9\x9a\xe9u\xd1m\xb7@)\x9b\x86\xaa\x17\
AK\x11B\x0be\xfcKd\x99\xca\x91j\x95y\xa9\
/\x85M\x19\xda\x22v\x1f\xfa\xf0G\x91\xb6:\xf0x\
\x15\x05\x92\x9b\x10de \xe9\xa4\x06\xe7+\x81\xb3(\
g\x05\xd1\xaf\x13\xda\xc2h\x9c8q\x02G\x8e\x1c\x89\
\xf3\xca\xc5\xc9\x8ds@V~\x92\xf1\x5c9\xfdR\xc3\
\xfd\xdb\x15,4\x872\xcd\xbe\x5c\xf0\x15\x02\x19\x16\xd5\
?M\xac\xb2\xa0,\x913\xeb\xe4\xe6\xaf\xff\xf2\xd5X\
>\xb5\x82\x95S}Lu\xe61\xea\x8f/u\xf7\xf7\
\xae_\xa4\x06Z\x18`Y\x88\x98\x14@\x0c\x97\xa0J\
\xfaz\x1c\xf5G@\x0eD+\x94,4\xe3\xc1\x18C\
\xc5\x05$\x98\xee\xcd\xe2\xe8\xec5\xe8\x86i-J\x8c\
\xf0\xce7\xbf\x17/\xff\xe3\xbf\xc6\x9d\xb7\xdf\x8d\xd9\xee\
\x11\x14\x83\x02\x01-$\x22|A>\x83\xaa\xd80A\
4p\xc0\xb7\xc9\xb9\xe1\xa1\xd4a\xfb\x1b\x1c.\x09\xe8\
1u\xb8\x06t\x10F\xf3\xcb/}1\x83\xee\x18\xa4\
\xee\x1c\x07\xa1\xc3M\x1f\x1b\x094\x12\xd8w\x12\x90>\
\x86L\x84\xa3#\xc2\xd0\x1f\xae\xa2?\x1a\xa13\xd5\xc3\
\xc7>\xfe\x09\xbc\xf4\x0f\xfe\x10\xc3\x12h\xb7\x12)s\
\x01+Rp\x06\xc3\x91\x88\x03\xd0\xed\x8a`t[\xf0\
\xed\xa7\xd3\xee\x88\xe4\x8cQ\x8a\x10u[\xa9\x14;`\
4\xcc\xd0W\xfe\xc4\xe55\xea\xcf}\xda\x93\xf0?~\
\xe6\xbf\xe2\xd9?\xf0\xbdPf|\xea\x13\xb7\xc3\x84\xc3\
\xfeT\xe9-)B\xad\x90 \x95\xbf\x14\x09\xca\x86\x03\
\xadx\x17\x98\xea\xb4\xf1}\xff\xf2_\xe0\xdf\xfc\xf0\x0f\
\xe33\x9e\xfc$\xf8\xabUS\xed\x14G\xe7gT\xa2\
@+\x0d\xc8\xb3\x11L\xd6\xfc\x0a\xdc\xca\xca\x0a\x86\xc3\
!\xd4\xacj\x82\xdcD\x00\x92$A\x12 \xe5\xacc\
\xbd\x0d\xaf}\xe3;\xf0\xf1O\xdc\x81noJ\xf9\x94\
\xa0\xe3\xe4N2\x06\xc9\xca\x8d\x81\xe6pI$\xe0s\
\xe3\xd7'=\xa7l\xe5y\x88\xacy~\xa5\xd0\x8d\xf9\
\xbc\xda5\xc8\xea\x5c\x90\x95\xeb\xb8+\x0f\x91\x03Q\x1c\
+\xb8b\x0a\xb1;\xf6\xd3\x17\x96\x88A(5\xa3\x8b\
D\xa4\xffZ\xbc\xe5M\xef\xc4\x9b^\xff6\xcc\xcf\x1c\
G\x99Q\xa4\xbe\x8br-_,x\x05\x0e\x96$u\
\xb1\x18\xb1y\x11\x9du\xbf\x22\x9cn=#\x88\xac\x90\
\x0a\x89\xf4\xf85\xd6|\x94\xeb\xba+A\x11\x99\xe5S\
\xb2\xc8%3x\xc8u\x0f\xc5\xd1\xe9k\xf0w\xb7\xdf\
\x857\xbc\xe6\xcd\xf8\xf8\x87?\x89^gN\xd7t\x07\
i\xd9R\xde\x04\xa4\xeaP\xbd\xd5^\xca)A1*\
\x921\x8d<\xd3U\xa6C\xb57\x839\xb8\x12\x08\x07\
\xb7\xeb\x07\xbf\xe7\xbaO\x1c\xfcA4#h$\xd0H\
\xe0\x92I\xc0\xca\xd7n\x18gC\x04Y1\xacw\x0d\
Ev\x8a\xb2\x14!(\xf1\xd7\xaf|5^\xf6\x87\x7f\
\x84U)8\xd2AD\x0c\xda\x08\x89\x95\x16u\xd5w\
}a8\x1c+\x00\x10I$\x19\xc3\xd1\x10\xd2\xfd\xa4\
\xe4\xa4\x98\xeb\xb5\xa5\x0aA\xf1c\x8cF\x19z\x09\xf0\
u_\xf5\x95\xf8\xdf\xbf\xf2\xbf\xf0m\xdf\xfc\xcd\x91\xec\
d\x83>\x8e\xcc\xcf\x8a\xf3\x88\xb0\x8cG*\xd7F!\
w\xd4_\xc53?\xfd)\xf8\x99\x9f\xfe\xcf\xf8G_\
\xf9\x15\xe8\xc9r\x93g\x99V\x90\x13\xb5T`<X\
\x85_\x9b3\xd1IB@\x9a\xa6\xb0\xb2\xec\xd7\xa1\xd2\
\xb4\x8d\x91,L\xc3,\xd78\x00[\xa6J\x00\xa7\x97\
\x07X\xd1\x22\xf5\xab^\xf7\x16\xfc\xdf\xff\xf7[\x22N\
\x05\xc4\xcf\x84BJg\xb9\xeen\x95\x95\x8a6\xfb%\
\x94\x80\xcf\xdd\xea\xeaj<\x87\xd7^{-z\xbd^\
l\xcd$\xc8\xe4\xc7\x01\x92v\xce\x00\xc9\xc81\xac\xa0\
\x9f/\xce\xa8\xf4\x1c#4{P\xbaq_@\x02\x05\
\x88\xe8P$\xc78\xf5\xc0\x02\xfe\xf6\x03\x1f\xc1\xbb\xde\
\xf2\x1e\xb4\xca\x0e\xb2a!\x12?\x87\xb1\xdcvb\xc2\
S\xc6\xf9\xb7u\xde\xd5\xe1s\xec\xceye\x0f*E\
]\xf7r\xe2N_0\xba\xeee\xec\x81-\xbf&<\
\xa5\xc2\x89HO\xa7\xddC\xaf;\x8dv\xd2\x06e\xb9\
:v\xe4:`\x1cp\xcf\x1d\x0f`\xb4R\x88\xf0\x9c\
\xc0\xe9\xfb\x96\xf1\xa1\xf7\x7f\x14\xe3\x95\x5c\xf7\x80\xb6\xae\
\xd9\xd6\x1at\x13\xd0\xdd\xc2\x8d\x14\xba:\x0d\xfb\x1b4\
\x128\x08\x12\xf0ur\x10\xfay\xc0\xfa\xb8ww\xe3\
\x0di\xeflM\x8eF\x02\x8d\x04\x1a\x09\xec(\x81D\
V\x8f\xb1\xac;SSSh\xb5Z\x18fc\x5c\x7f\
\xc3Mx\xf0\xd4i\xfc\xf6\xef\xbc\x10\xc7R\xf2\x8do\
\x7f\x17J\xd5\x90\xa4\x8c\x1f)\x10wA\x11\xc3-\x0c\
d\xedId\xd1\xb1\x92\xda\x95\x95G\xd1(\xf3R\x96\
\x17 !0\xd3ia\xba\x9d\x82R\x96l}96\
3\x85\xef\xfc'\xdf\x82\x7f\xfd\x9c\xe7\xe2\x15\xbf\xff2\
~\xf2\xe3\x1fCG\xe9\xa9Zx\xe0\x9e\xbb\xf1\xf2\x17\
\xfe\x16\xff\xd3\xbf\xffq\xfc\xebg?\x0b\x8f\xd4*\xbf\
\xad9\xc7f\xe7\xb4\x12\x9eb<\xea\x8b<\xf9\xcbj\
-\xa4\xaa\x9c\xba\x092\x04\x91\xa5\xb1\xd2FR\x1a)\
B&\x85*\xa86\x06\xd5\x08\x844\xc1\xf2 \xd3x\
\x16\xf0+\xcf\xff5\xfc\xdc\xff\xfc\x05,,-bv\
\xee\x08\xfc\xdb$+\x95\xb6$\xd8\xdd\x0eh\xb6K*\
\x01\x92\xf0\xebk\xb6\xe2\xd8\xaa\xe3\xcf\xa0w:\x9d=\
\xdb$\xb9g\x9e\xcb\x97\xa1\xea\x0bEr k\x0e\xd7\
\x88N(\xdb\xb8\xff\x9eS\xf8\xbd\x97\xfc\x11F\x83\x1c\
G\xe7\x8ece\xb1\x0f\x93\xff|T\xea:Q\x0f\x0b\
h\xde\xca/\xb2q\xa5\xe6\x9f\xdbUOP+su\
\x98\xba\xe8mu#\x89v\xbb\x8dT\x8b\x0aN\xf3\xf9\
2\x115\x09Z:\xbd\x84c\xf3\xd7`fj^\xd6\
\xd86\xe6g\x8ej\xc1\x22\xe0\x93\x1f\xbb\x13\x9f\xba\xe3\
\x9e\x18\x97\x88\xf2\x04\xd7n\xf9\xa8\xa1\xd2\xcc\x09\xa2\x89\
\x1a\xb3\x82\x87f\xb7l\x0e\xcd`\x9a\x81\x9c!\x81p\
FL\x13qY$@\x99\x9cu\x97\xd4\xcd\xe4\xb24\
w\xc9\x1a\xf1\x0db7\x5c\xb2\x86'*\xae\xdb\xb7\xd2\
c\xd4ag\xa9\xfd;\xb9\xces%A\x12$c\x17\
HF?\xc9\x18>T\x87}:\x18\x92Q\xe6[\xbb\
W\xcf\x97\xad\xf1\x97;LV\xfd#\xb9m\xd3Y6\
\x82\x96h1\x18\x0c`\x05\xa6-\xc2\xb2\xb0\xb0\x88\xb9\
#G\xd1\x9b\x9e\xc1\xe7|\xf5\xd7\x97\xff\xfd\xe7\xff'\
\xfe\xdb\xff\xfc\x15|\xe4\x13\x9fBw\xaa\x8d$\x05V\
\xfac\xf8\xff\x89\xb4\xdam\xdf\x86\xa4\xb1\x01\xb6\x94\x04\
5\x93\x9a\x88@\x9b\x96\x86\xfd\x800\xda\x090\xdb\xed\
B\x0e\x94\x05Oy\xd2\x130\x96\x90\xfe\xe3\x8f\xff;\
\xfc\xe1\xff\xf95^{\xe28~\xf4_=7\xfe.\
\xe7\xe9O\xfc4\xf5g\x14\xf3vC\x02\xaa\x9e\xb2\xc8\
\xd1U\xdf\xac\x08g\xa3\xb1\xda\xca\x11\x92Dn\x01\xbf\
\x8aWZ\x99\xd2\x18\x0b7+\x7f\xa94\xe9j8\xb9\
\xb0\x8a\xdfz\xe1\x8b\xf1\x9c\x1f\xf9\xd7\xf8\xabW\xbf\x1a\
\xb3\xf3sh\xb5\xbb\xf0+o-\x91;\x92 \xa9R\
\xd08\xca\x08\x07H\xc6xu1\xc6\xed\xe4:\xefn\
\xd8\xa9\x5c\x1d\xef\xb2d\xd5\x96-l\x06Y\x85\x9dv\
>\xa8\xeb\xb6\xbbWy\xe71\xb6\xe6#\xcf\xae\x0f\xe4\
\xf6\xf9\x5c\xa7Q+\xc8\xb5\xdfa\xb7Uh\xb2\x90\x14\
y\x1dFE\xdaV\x1d\x9f\x8f\xae\xe6\x88\xe7\xa2\xf38\
\xaf\xcb\x19\x0e\x93U[$\x1d\x5c\x07\xc9x\xae\xc83\
\xdd\xf5L\xe7\xe9q\xdb\xbba\xba7\x85\xd5\xe5\x15\xcd\
\xd1\xa0qt\xe3\xc7\x08Rve\x8d\x9c\xc5\x1d\xb7\x7f\
\x0a\xafz\xc5\xabD\xf6g\xd0b\x1b\xfd\x95\xa1,\x90\
\xd5\x17\xca\x12\xcd\xee\x10R\x90\xdc\x04\x9f\xffI\x9cg\
\xb7w,\xb6u,\xc1\xd7*\xa1\xeb(\x8f(EB\
\x18\x80\x18/\xb7>\x07&\xa3>g\xee[\xa2k\xcb\
.d\xc5\x9a\x96\x95g \x93i(|\x9d\x06\xf4\x97\
\x0682\xad{G\xda\xc3\x9b^\xfbf\xb4\x92.\xf2\
\xb1j\xcd\x03\x92\xa4\x15\xc7\xeaz\xdc\x8f\xa0\xfaI\xc6\
\xb8\xad\x1dv\xba\xb15\xfeb\x87\xc9\xaa}\x92\xe7U\
u\xddG\x92\xeb\xe3\xa8\xe3\xce\xab\xc2\xa6\xd0\xbe\x95\x80\
\xa6\xeb\xbe\xed\xdb\xa1\xee\x98W]\x0e\xf5\x00\x9b\xc15\
\x12h$pY$\x10\xcc\x0a\xea\x96\xf4\xd0.\x08\xeb\
1V{p\xfc\x9a\x13\xc8\xc5 \xfe\xfa5\xaf\xc5O\
>\xef\xbf\x888\xbc\x0c\xf7\x9e\x5cD\xa7'\xc5Ew\
\x7f\xe91\xb2\x90d\x18\x8c\x0aPa\xa8\xacW\xaeG\
\xa3\x11\x82\x02\x0a\xea\x88M\x08\x80\xd2\x10\xe3\x9e\xf9\x8c\
O\xc7B\x9e\x97?\xf3\xd3?\x85\xcfx\xc6\xd3c\x5c\
\x02\x13\xa3\xb6\x94\xafR\xe1\x12A\x15\x9b\xf0\x0c\x87C\
\xc5\x15h\xb5\xdb\x08!\xc1\xca\xaa\x94LiL\x9d\xee\
\x14\x12\xc5\x8d\xb4R\xbc<\x1c\x83\xaa`aq\x15\xbf\
\xffg\x7f\x89\x7f%\x92\xf3\xe7/\x7f\x85\xfa7B[\
\x16\x83\xa1\xccR\xab\xc3\x01\x90\x04\x8d\xa1\xab1\xaa\xb1\
\x03\xba\x1f\x84n[Iv?I\xc2d\xdaV\x01+\
\xbb$A\xd2I\xf0\xa7\xa6\x0d+\xd6\x8e\xb0\xb2\xe8\xbc\
\xce\xe7\xf0\xfeE\xc0}\xf7=\x80k\x8e]\xa7\xb1\xb4\
\xb0xr\x09'\x8e_\x8fnk\x0ao{\xf3;\xf0\
W\xafx5\xfc\xffjB\x99\x80\xb2\xf8@\x96\x0d\x0a\
\x80\xaf\x80\xedG\xe5\xb1o\x9frib\xeb\xf3c\xa2\
\x99v\xda\xd1\xba\x1btM\x91\x04\x93\xb0F\xf4\xf3\xe8\
\x16E\xa6{\xc1\x18%r\xe8\xf2C\xdaJ\xd4\xa9\xa0\
\xb1A\xe3'\x12\x8fK\xe3+\xb2\x02\xe3A\xa1\x05\x8b\
\x0c\xb7\x7f\xe4\x13\xb2\xfa\xcc*-\x11\xe9\xc9\xa1\xa2\xf0\
\xab\xa6\xa4\xea\xa7\xcb\xe3Pl\x97\xfb\xbc\x1d\x0a\xa1\x1d\
\xb0A\x84\x03\xd6\xdfC\xd5\xddMJ\xca\xa1\x1aY3\
\x98F\x02\x8d\x04.\xb5\x04XB\xea\x09#\xecG\xdc\
\x02(\xd5\xa4Pl\xc9\x80\x93KK`\xab\x85\xb9c\
Gp\xdf\xc9\x07\xf1;/\xfa]\xfc\xc4O\xfe'\xfc\
\xf1+\xfe\x1a\xa7\xb5Rm}\xa5\xdbK\xd1\xea\x04\x8c\
\xa5\xcbd%\xd0j\xa7h\x8b|\x98\x9cH3BD\
\xa4\x15\x05\xbcQ\x07#\xc8\xb5\xba\xd3\x91r5\xddi\
a\xba\x95\x02\xb2X\xd7i\xad \x9f\xc2E\x9e#I\
\x12t:\x1d$\xa1\x85\xe5\xd5>LZ\xa6\xa6f\xb1\
:\x1cau<\xc6i\x11\x1f\x13\xaf\x8e\xeay\xfb\xfb\
>\x88\x1b\xe7\xa7\xf9\xb3\xff\xf3\x17p\xef\xd5\xa6R\x84\
\x00\x00\x10\x00IDAT\x83\x0f\x82i\x0b\xb3G\x8f\
\xa1\xadUx\xa6\x09Z\x9d6\xb4(\x1d?w\x8cK\
\xbc\x91\x04\xb93.q\xf3W\xbcz\x13\x96\xa0\xf3k\
X!t\xd8\x9dr\xd8\xaeI\xcd\xb1c\xc7\x22\xe1q\
\xba\xe1\xf8Z\x09\xb7\x7f7x\x0e\x9d/v\xab\xf7l\
\xd3z\x9d\x19\x94c \x1b\xe4\xe8u\xe6\xe4\x0fx\xdf\
\xbb\xff\x16\xefz\xeb{\xb0|\xb2\xaf+)E\xf0\x0f\
\xf4\x19D\x0a\xc2z\xb5\x05\xed-\x22\x89\xa8\xc7\xec\x18\
ck\xd8q\x17\x03;\xd5[\x06\xc2p\x1b\x99,\xbd\
\xe3|\x84Q6D\xf4\x8f\x87\xc8\xcb\x0c%\x0b]\xc1\
\xb9\x08\xab,\xba\xf9\x18\xe3BP>\xbb\xb9,\xaf.\
KzP\x012\xda)_\x89|X\xe0=\xefz?\
Fr\xdbiW\xb2!\x8ah\xe1\xd1u\xae\xfb\x8b\xcb\
\x5cd\x5c\x91\xea\xb6\xca\x95\xb4\x1c\xaeHW\x9aF/\
\xa1\x046\xae\xdeK\xd8HS\xf5\x99\x12h\x04\x7f\xa6\
L\x9a\x98F\x02\x8d\x04\xceM\x02~,GL<\xa0\
M\x04`\x05Hq\xd7\xdfx#\xfc\x0fEO-,\
bfn^\xa4\xe78>\xf1\xa9;\xf1\x82\x17\xbf\x04\
\xd7\xcdt\xf9\xe1\x8f\x7f\x0a\x0f,\x0c\x90\xa9Y-`\
#\x13\xe1\x19\x8b\xd3\x88\xf3\xa0\xdb\xed*v\xf7=Q\
\xf2x4\x80?A\xed~\x98\xe0\x94Y\x16\x7f\x87\xe3\
\xb0\x95b\x13\x1d \xc8:3\x14\xa1*\xd0\x13\xc9I\
;=\xac\xc8z\xd4\xeat1P\xa3\xd3S\xd38\xbd\
\xbc\x8c\x1e\xc9\x1f\xfaW?\x8c\xcf\xfb\x9a\x7f\x5c\xdet\
\xf3Cb\x7f\xd3^'\x96]ZYV\xf9\x0c-\x91\
7c\xab\x92\xa2\xae4\xfbE\x96\x80N\x07|\x0e\xed\
\xbaj\xfb\xd3\xd4\xca.\xe2ou|\x1efff\xe2\
9\x19\xcarg\x92\xe3<u~\x97\xb9\x94\xa0'\xea\
.\x0d\xb8\x1f;!\x88\xcat\xd3\x1e\x96\x17\x87\xb2\xe6\
\xccb\xaa=\x1d\x95\xfb\xbfy\xed\x1b\xb0\xbc0\xc4\x0d\
\xd7\xde\x08\xfa\x7f\xcd0\x05\xcb \xd2\x9b\xac\xb5T\x88\
\xe4\xe4\xf0uf8r\xeb\x5ct\xd8p\xda\xc5\xc0\xd6\
\xba\x1c.d\x09\x0d\x22\xff&+\xb6\xb8\x0d\xc7#\xf8\
7rn/\x9e\x03wW+\xaa-Yp:\x9d\x04\
\xadnK\xe7)AhQc)Dj2\xe5\x1f#\
\x13\x19\xcaDx2\xb3\x1c\x15\xa6\xe4\x12\x82\xf2\x85\x14\
\x9f\xfa\xd4]\xf8\xf8\x87o\x17\x11\x9cR\x99Dr \
l\xddA\x11\x90\xc9\x02\x84C\xb2Y\x9e\x1e\x8a\xe7\x8a\
\xdd\x06\x87O\x02\xe1@\x0e\xe9\x90tz\xaf\x1b\xf5!\
\x19f3\x8cF\x02\x8d\x04.\x91\x04\xa4\xcbh\xe5\xb9\
\x84T\x10\x04\x12$\xd5\x92o\xebA\xcaX\xc0=\xf7\
\xdd\x8f\xb4\xdb\xc1\x91kN\x00i\x8a\x81Vu\x99\x04\
,\x89X|\xd97}k\xf9\xec\x1f\xfe\x11\xfc\xc1\x9f\
\xfc)N.\x8cT\xcezL\x89\x5c\xd6\x18\x07\xa2\xe3\
\xea\x0c\x04E\x19r\xb4\x97\x82w\xa2DOV \xff\
\xbf\x9cDk\xc7\x85\xeaO\xd3\x80V\xda\x82\x92\x00U\
R+\x12\x9dv\x0f%\x13\x8cd\xe9\xc9\x01\xb4\xdb\xdd\
H\xb2\x8a\x10\xf0\x82\x97\xfd\x01\xbe\xf3_|\x0f>\xfb\
\x1f|]\xf9\xd0G\xdc\x86k\xae\xbf\x1e\x8b\xfd\xbe\x08\
\xd0\x12V\x07\xea\x9b\xf2\xb4d\x19\xf2\xff\xf6X\x1d\xae\
\xc6\x95\xe9v\xaf\xadZ\x9a\xfdRJ\x80$l\xcd\xc9\
u\xce\xdcN\xd0y\xb0\xeb\xb0\x15l[u\xa6\xa6\xa6\
\xa4\xfc\x97R~\xb3\xe8:\x0f\x19'\x8d\xb3^\x10H\
\xc69Mn\xef^P\xe5*\xbc\xba<\xc4\xd1\xd9c\
h\x856\xde\xff\xde\x0f\xe3\x9do~7VN\x0d4\
\xa7\xa70\xea\xe7j;\x91\x82\x1f@$\x88[ J\
]t\xb6\x94\x18@}%\xc8'\xf2Q\xcf\xf5\x98\xf7\
\x22\x1c\x5c\x9fQWe\xbfQ\x87s\x11\x14#+\xf2\
\xd8\x93\xb4-B#\xcbg\xd2\xd2\xf5\xaf\xbe\xdar3\
\xd259\x90\x85\xa7?\x5c\xc1 \xeb#\x93U\xa7\x10\
c\xc9d\xd2\x0a\xbaL\x91\x14\x1aS\x0e_[\xf2\xc1\
\x04\x8e\x1ao\x22k\xac8\x10\xde\xf5\xae\xf7D\x8bN\
+\xed\xa2\x95v\xe4\x87\x06\x1b\x80b\xcd\x95sPw\
\x92\x07\xb5\xebM\xbf\xcfQ\x02\x9a\xb1\xe7X\xa2\xc9\xde\
H\xa0\x91\xc0\xbe\x93@\xd3\xa1\xabO\x02A\xdaF\x90\
\x1a\x16\xf4\xc0\x96\xfe\xb5&\x00\xc5(l\x15\xccHD\
p \x82\xd1\x1f\x0e\xb0\xb0\xbc\x04q\x0f\xcc\xcc\x1f\xc1\
\xd4\xfc\xac\x14\x9c$~\xc8\xe0\xff\xfc\xdf\xdf\xc4w\x7f\
\xff\xf7\xe3\x8f_\xfe*)3D\x92\x12~\x9d\x8d\xd2\
\x03\x5c\x07\xb6l\x93q\xc3a\x7f\x8dl\x15\x18\xc9R\
SJ\xf9\x9a\xccn\xa5\xd8\xca\x99\xcbX7\x0a\x81H\
\xa4D\x8d\xb4*|z\xa5\x8f\xbfx\xe5+\xf1\x83\xcf\
y.~\xfd7\xff\x1fz3\xb3\x98=z\x14\x0f\x9e\
:\x89\xa5\xfe@\x8b\xc7\xc4\x94\xe2\xda\x22k-)p\
\x9d\x9e\x94-YuJi`Y6F\x9eg\x00]\
+.\xd9F\x12\xe4\xce\xb8d\x0d\xef\xa3\x8aMj\x8c\
rM\x99\xb7\xf5\xa6\xd0y\xb6U\xe7FY\x0e\xed:\
\x5c\x93\x1c\xe7\xb3\xdf\xee>\x1a\xc6\x99]\x91V?;\
3\x8f\xae,:\x1f|\xff\x87\xf17\xafy\x03\x16O\
\xaf`nz\x1ee\x164\xbfJQ\xfc\x14\x94\xe2\x0f\
\xf9H\xc2\x9b\xe7r\xc9R\xc4N\xd4`M&\x8e\xaf\
q\xa9\xc6\xbdS\xbd\x96uH\x92h\x81s\x9e\xc1x\
\x00\x7f\xa9peeIq\xea\xb3\xae\x91L\x04'\xcb\
G\xbac\xe4\xf0:\x84\x91\x88\x101\xd5\x18u\xbdS\
\x5c\x8e\x14\x91[\x1b\x8f\xeb\xd1)F\xa7\xd3\xc3\xdf\xfd\
\xdd\x9d\xb8\xe3\x8e\xbf\xd3\xf0B\x5c\xa0(%\xb7\xd8f\
\x08\x8a;\xf8\xbb\xc7Z\x83$H\x1e\xfcA5#8\
C\x02\x87c\xb6\x9e1\xac&\xa2\x91@#\x81F\x02\
W\x8f\x04\x02(\xd2\x01H\x07\x837J{1Z\xdd\
\x1e\x0ak-\x22\x19=\xad\xc0\xb3\x95\x8aH\xac\xc6\xd7\
\xc2\xba\xd3S\x18\x8c3\xdc\xf6\xd8\xc7!\xd1\x8a\xf0\xcf\
\xff\xc2/\x8a\xf4<\x07\x7f\xfd\x9a\xd7!\xcbK)F\
\xae\x09(+'\x1e'\xfd\x8e\xe8u\xba\xa0r\x8eG\
\x03)B)RkQbT\xc5x,\x851C\x92\
\xa4R\xb8\x82\xfa\x00<xr\x01\xa3\xa2\xaa\xef\x03\x1f\
\xfa\x10\xae\x9b\x99\xe2\xaf<\xff\x7fcu8\xc2\xdc\xf1\
\xa3\xd1\x8a3V]\xd3\x22cI\xbb\x83\x96,?\xb9\
\xfa>\x18\x0e\xb1(\xa2\xe6ON\x8f\xb3\x0c&?\xfe\
M\x91\xdb\xdf\x05M\xd2E\x90\x00I)\xf5e\xac\x89\
\xa4\x08@\x1eIm*\x12}\xe4\xc8\x91\xf8[\x9d\xb1\
\xce\xb5\xd1\x91\xe5\x8d\xac\xf2\x90\x04\xc9X\xeeJ\x1eH\
\xc6~\x90;\xb8E\xc0\xdb\xde\xfaN\xbc\xf9\x0do\xc5\
\xf2\xc22\xba\xdd)P\xe4\x86LD\x82\xa6\x90\x94\x89\
B\x09H\xa2\xda4\x81E\x1e \xd8\x12R\xc5a]\
F\x93a+\xd0u\xf8B\xdd\xadu9l\x14\xeeV\
\x12\xe0\xdf\xb2\xe5\xbaR\x87:\x17\xb9\xacp>?\xd3\
\xb33\xf1\xb5\xcf\xa2,\x91\x88\xd0\xf8\xf7p\x9d\xa9\x8e\
\xae\xf5T\xd6\xd5\xb1\xac\xbb\xa7t>3-ld\xf0\
X4dT\x08\x10\x9f\x81\xd6\x14PFO\xc0[\xdf\
\xfaV\x0cV\xbd\xb0\x11d\xd9)\xe3\xf5\x9c\x84\xd6\x85\
\x0e\xab)\xdfH\xe0\xb2I \x5c\xb6\x96\x9a\x866I\
\xc0J\x89\xef#\x9b\x22\x9b@#\x81F\x02\x8d\x04\xce\
Z\x02k\xb7\xef\xb5\x1b\x09\xad\xa9\xa0\x88\xa5\x19\xdd\x02\
\x85\xc8\x8c#\xa2b\xa4\xa4$\x91\x12\xd7\xed\x22\xa4m\
\x8c\x94\xd6\x96\xb5\xe4\xfeS\xa7\xa5\xf0\x007\xder\x0b\
\x1e8}\x0a\xbf\xf4\xab\xcf\xc7\xcf\xff\xf2/\xe1\x03\x1f\
\xf9\x18r\x15.\x04\xab\xbb\x86\xbck5\xdb\x07)K\
\xcaA\x8a\x98\xb4cDi\x0dI\x0aX\x90\x05\x86\x22\
V\xa5\xba\xb8\xb02\x80?s=\x7fl\x1e\xf7\x9f<\
\x89\xff\xfeK\xbf\x82\xff\xf8S?\x8d/\xfc\xbao,\
m\xcdY\x96\x15'$-\x1c;q\x02D\x82\xa5\xa5\
%\xd8z\x10\x82\x14+\x91\x1d\xff\x0f\xa0\xb9\xb99\x98\
XA[Y\x96 )E\xacT\xa8\xd9/\xa5\x04|\
\x0eH\xc2\xf3\xc6\x806\x93g[s\x8e\xca\x0aG\x12\
\xfe\xdf:&;V\xb0\x95\x5c\xcd\x09y\x5cV\xce%\
\xdb5\xb5b\xdd~\x96V\xf0L\xdd\x0e1\x9b\x18I\
\x005!\xe9\xcf,\x0b\xa1h\xe3\x03\xef\xfd0^\xf5\
\x8a\xd7\xe2\xbe\xbbN\xe2\xda\xe37\x22\x14R\xe0\x956\
#\xeb\xce\xf2\xd2*\x0aj\x0ej>\xbb\x86r\xcd\xb5\
\xdf\x08>L\xc0\xf3r\x22x\xd1\xbc[\xeb\x9d\x0c\xe7\
\xa3\xb1\x16\x15rP\x0b\x0ce\x99\xa3D\x8e^\xaf\x83\
\x1bn\xba\x0e\x8f~\xf4#\xf1\x15\xff\xe0K\xf1\xd5_\
\xfbU\xf8\x86o\xfeZ|\xf3w|#\xfe\xc9\xb7\x7f\
\x03\xbe\xf6\x1b\xbe\x0a_\xf6\x15_\x80\xcf\xfa\x82gh\
\xb1cI\x84\xa8/\xf2\xa2zB\xae\xf3L\xf8\xbc\x91\
\x09(\x8c\x07c\xccL\xcd\xe1\xfd\xef\xfe \xfa+#\
\xc4\xcfPg\x04\xc6@\x90,\xa1\xadd\x813\x81\x18\
\xa7d\xb9>\xee?\xc49\xa3n\xd9\xcdu2M\x1c\
}\x8e\xa9\xb8f?|\x12\xd0)>|\x83:\x18#\
\x92\xe8}e\xc9<\xbe[\x7f}c\xdb\x0d$A\xf2\
\x8c*\xea2$wM?\xa3\xe0\x01\x8b\xf08\xeb.\
\x93\x9b\xc7:\x99V\xe7\xd9\xea:\xcf\x85`k}\xe7\
\x1a&\xab>\x93<\xd7\xa2\x17%?\xc98?\xc8\x0d\
w\xb2b\xb2\x8a\x9f\x8c\xb3\xbf\x96\x19\xb9{\xba\xf3\xee\
g\xd4\xe3\xd8\xdaGr\xfbqm\xcd\xb7W\x98\xdc\xbe\
\x9e\x9d\xda\xddZ_\x9d\xcf\xee\xd6\xb4J\xad#\x0aT\
\xc8E\x02\x9c\x87\x22\x1c\x11JIt\x9b\x09z\x9a'\
\x0c\xba\xd3\x10\xd0\x13\xbd\x90bD\x85)\x821\x92?\
\xe9\xb6Q\x84\x04\xabR\x9c\x12\xadl\xb7\xa6f\xf1\x96\
\xf7\xbc\x0f\xff\xe1y\xff\x05\xbf\xf7\xa7\x7f\x8e\xdb\xef\xba\
\xdb\xba\x8d\xd4(`Xd\x18\xfb\x15\xb2\x22GQf\
H\x92\x04\xf9Pq\xa3LM\x070\xa4Rn\x14\xa7\
\xa6\x1c\xb3(B\xd5\x9a\xeeb\x05%^\xf2g\x7f\x81\
\x7f\xf7S\xff\x19\xafz\xd3\x1b\x91\xcb\x92\xd4\x99\x9bF\
\xa6^ud}\xca\xd4\xf7U\x91\xa2 \x82\xe3\xff\xc7\
\xe3\x11\x95j+\x09@\x9e\x8d\xe0\xff\xcd\xa3a \xa1\
\xea\x97\xd5)\xcf5j\x8d\x01\xa52\xa8\xe5\xf3\xddI\
\x82\xdc\x19\xe7[\xef\xe5*WJn\xbb\xa1\xee\xc7\xd6\
<;\xc5o\xcd7\x1a\x8d\x10tN\xe2y\x96\xc5`\
0\x18`zz:~\x9c\xe0\xba\xeb\xae\x93u`\x15\
\xb6\xc0%\x22\xcf\x83\xe1XgY\xf3,i!S^\
[\xe5\x0a\xf5/\x02\x05J\x96\x9b@n\xc8\xbd\xeeO\
\xed\x92UZ\x1d\xde\xc9\x0d\x9a\x0bI\x01\xcd\x8b\x12\xa9\
\xa6B\x12J\x84\xa4\x04C\xa6\xb6r\xcc\xcc\xf6\xb0\xb0\
p\x0a\xe2\x01\x22\xcb=\x0c\x96\xc7\xe8$\xb3\x98i\x1f\
\xc3\xed\x1f\xba\x0b\xaf\x7f\xd5\xdb\xd1\xe5<\xae\x99\xbb\x01\
\xe3\xbe\xfa^\xb6A\xb41\xd4X\xda\x9a\x97~D\xd7\
\xa8\xfa\x10@\xcd\xb9u(\x92\x13\x10\x03\xc7\xc5\xc6d\
\xfd\xf6\x07\x125:\xed6\x92\xa0>I\xbe\xf4 \xe5\
\x1e=6\x87\xcf\xfc\xac\xa7\xe1\x9f\xfc\xd3\x7f\x8cG>\
\xfa\x16\x5cw\xf3\x11L\xcd'`g\x88,\xac\x80\xbd\
1\xae\x7f\xf8\x11<\xf5\x99\x8f\xc7\x93?\xe3\xb1`{\
$K\xcf2:\xdd\xa0k{\x80\x91\xac\xb4\xadD\xf7\
\x04\x91\x9a\x99\xde\x11\x04\x11\xc06\xa6\xf0\x86W\xbf\x05\
\xc3\xa5\x0c3\x9d\xb9\xe8\xb6\xd3.F\xd9P\x18!\xd3\
\xb5Z\xa0\x00\x02\xc0\x84\x02`\x7f\xab\x93*6\x87\xbf\
\x10W\xf8\x0e\xa2\xf3S\xb2\x80\x11\xd2D.\x04\x15r\
\xe6]\xa1\xfa\xb4o\xcd\xa9\xb5\x10\xd4(u\xa2\xce\x05\
\xd4\xbd\xb0\xads\x992H.\xc0\x80\x052\xe6HQ\
\xaa\xa5f?l\x12\xf0\xdc9cLM\xc4\xe5\x92@\
#\xfe\xcb%\xe9\xa6\x9dF\x02\x87Q\x02R/\xa4L\
 b\xeb\xf8\xa8g6#\xf1\x81\x144llz\xc0\
\xc3P\x8c\xf4\x03\x18z\xee\xc3\xd6\x97\xca%\x0a)\x00\
\xb9\xf0\xf3\xbf\xf4\xcb\xf8\xf9_\xfa%\xbc\xfe\xcdo\xc1\
\xeax\x14\xe3\xd3\xb4\x85\x10\x12\x80\xa9\x14\xa3\x0cI\xa7\
\x8dV\xab+\x058G\x7f8@\x0eD\xf4EHZ\
\xb2\xee\xbc\xee\xado\xc5\xb1\x10\xf8;/y\x11lE\
\xeaMO\xc52l\xb5U\x9f\xfb\x1e\xa4`\xaa>\x95\
\xabw\xc6\xbe#\xf6\xbb\xf6\xa3\xde\xdc\xf7\x1au\x5c\xe3\
^2\x09$I\x22\x85\xb2\x80_\x8f\xeat::\xe7\
#\xf8\x9f\x88:|!\x8d\x16\xf0\xec\xbd\x90\x1a\xa4O\
k\xdaP\x0at@\x09\x12B)\x95\xd9~\xc2\xf1\xf7\
\xdf\x7f\x7f\xeck+mc\xe9\xf4\x0a\x8e\xcd_\x8bT\
\x84\xe6\xedo~7^\xfdW\x7f\x83$oi\x8e\x89\
\xe0(\x8e\xfe_:Ru\xa1\x1a*`\xdfo^\x04\
\xb0\x15\xb4>\x17\x85\x16!\x1ex\xe0>\xbc\xf3\x9d\xef\
\xc4\xcb_\xfe\xe7H\xc5\x00-\x87\xac\x1c!/\xc7(\
E\x02\x91J\xf2\xcc\x90\x95}<\xe3\x99O\xc3c\x1e\
\xfbH\xc9*\xc7\xe9\xc5S\xca\x9f\xc2\xe7\xdb\x96\xba\x9e\
\x16>N\x9e<-\xcb\xce\xbc\x08\xee<\xee\xf8\xe4\x9d\
\xf8\xe8\x87?\x8e\x99\xf6<n\xbe\xf1\x16\x8cV3t\
:\xd3\xb1\x0c@dY\xae\xb91\x8ep\xf9\xb1\x16:\
VWW\xe3\xbc1\xb1i\xe9>\x91\xa6)\xbc\x15b\
(\x99\x161\xec\xc7\xfa<(\xaa\xe0e<\xb2,c\
k\xb1\xe5\x00\x90%\x12\xf5\x0d\xcdv\xe8$\xa0\xd3{\
\xe8\xc6t \x06D)!\x1b\x17\xf9\x81\xe8\xf2\xd5\xdc\
\xc9f\xec\x8d\x04\xaeJ\x09\xdc\xf2\xf0[\xf1\xb1\x8f\x7f\
\x02?\xf9\xbc\xe7a\xbe\xdd\xe1\x1d\x7fwgTM\xfa\
\xb2\xee\x14\x92H\xab\xdd\xc6J\x7f\x10\x11Z-\xb4:\
]d\x8a\xf7\x07\x06\x06\xc3\x11~\xee\x97\x7f\x19/|\
\xe1\x8b\xf0\xe5\xdf\xf2\xede*\x85\xb3\xd7\x9b\xc6\xa0?\
\xc2\xcaJ_J\xa62j'\xa9\xe3\x99;\xb9}\xfc\
\x999\x9b\x98K%\x01\x92\x08ATBJa\x96e\
k\x8a-p\xfd\xf5\xd7G%\xb6T<\xd6\xb6\xda_\
\xbbk\xd1\xeb\xceN\xf1\xeb\x19\xce\xc3C2*\xa8\xa4\
\xdd\x0d\xb8\xcf\x89\xc8\xf8TgF\x8fY\xc2\xec{\xaa\
7#\x85\xbc\xc0\xbb\xdf\xf5^\xbc\xed-\xef\xc0\xca\x82\
\xac\x1cLT\x9e\xeb8\x8f.\x5c\xd1\x22\x89\x16\x1eH\
\xc6sd\x22\x91*\xdc\xef\x0f\xf1\xd1\x8f~\x1cox\
\xfd[\xf0\xb7\x1f\xf8\x08N\xde\x7f\x1a\xed\xa4\x8b\xa9\xee\
\x0c\x8a15\xee>\x06+#\xc9%\xc1\xb1#\xc7\xf1\
\xb9\x9f\xf3\xf9x\xcaS\x9e\x16\xeb\xb0%\xaf\xd7\xeb\xa1\
\xa5k\xd9\xe7\xbb\xd3\xee\xc2\xe7\xad\xa5kw$\xeb\xed\
\xbb\xdf\xf5~\xbcY\x0b\x1f\xf7\xdfw\x0aSSs\xc8\
Dx\x8a, A\x17\x9d\xd6\x94\xacg3\xf0\x07\x1f\
\xdai\x07F\xaf3\xa5p\x0fih\xa1\xc8J\x11\xa1\
Q\x9c7$\xd7\xe6R\x01u\x04\xb6\xf4l\x07\xa7U\
P6\xedU\xee*\xc6~E]\xd0\xbe\xb5\x0eq\x1d\
|\xefs\x9f\xc3\x0b\xaa\xb4)\xbc/%\xd0\x90\x9d+\
tZ\x12=$\x82P\x91\x9e+\xd4\x89\xa6\xd9F\x02\
\x8d\x04\x1a\x09D\x09T\x8f\xfd\xb2~\xcc\xcbS2`\
4\xce1=7\x8f\x1bn\xbc\x19_\xf1\x8d\xdfR\xfe\
\xeb\x1f\xfd7\xf8?\xbf\xfd\x02,.\xf7\xd1\xcf\x0a\xf8\
\x83\x03\x9d\xde\x14:S],\x0dF\x90\x0a%\xeb\xce\
\x18\xafz\xf5k\xf0C\xcfy.^\xf3\xba\xd7\xe3\xee\
{\xee\x03\x93\x80$iAZ%zR\xa6\x0c\xdd\xfe\
\x00[hPmd\xdd8\x94m\xc3\x8ff\xbbb\x12\
 )\x8b\xddx\xbd}+\xc0\xfe0A\xb7\xdb]\x8f\
\xb3\xc7\x0a\xf1\xa4[\xfb\xebx\x87\x8d\xada\xc7]\x08\
*\x05\xb9\x94\xb2,\xc4\x09\xe5\xda\xac\xd6\x04\x04Yj\
\xfc\xc1\x81\xd5\xc5>\xdaR\xc4\xbb\xed\x19\xbc\xef]\x1f\
\xc0\x1b\xfe\xe6M\xf1\xf7'\xd7_\x7fS\x9cg$\xa3\
\xeb\x92\xe4\x86\xdf\xe1\xfd\x0e\x93\x92$\xa4(e\x8d\x22\
\x13xA!M:@A\x0cW\x07x\xf1\x0b^\x8a\
\xd7\xbe\xfa\xf5\xb8\xf7\xae\xfb1\xdd\x9e\xc3\x8d\xd7\xdd\x84\
\x9b\xae\xbd\x09\xc7f\xae\xc1tk\x16w}\xean\xf8\
|>\xf3\x99\xcf\xc4\xa7=\xfe\x09\xe8\xc8r\xe7s\x9c\
\xca\x02C\x12\xf3\xf3\xf30y\x82\xea?:w\x14\xa7\
N.\xc2$\xea-o|+>\xf6\xe1Ob\xa6w\
\x5c\x96\x9e#\xe8&S2\x18u\x81Q@1(`\
\x97\x22A\xc8\x83H\x0e\x85RD3\x13q\x22H#\
\xd9\x22Z\x95\x891vk\xc4\x88Kz\xf0|,\xcd\
\x84\xd5JP\xbf<s\xe4m\xf6C(\x81\xe6\xdc^\
\xa1\x93\x9a\xc8\xb2c\x5c\xa1\xe6\x9bf\x1b\x094\x12h\
$ \xebJ\x11\xb1!\x8a\x00\xf1\x1c\xebJ\xb0'$\
)\x86Z\xd1\xbd\xef\xe4\x02f\x8f\x1e\xc3\x89\x1bn\xc6\
\x1f\xfe\xe9_\xe0G\x7f\xec\x0a \x1b\x0a\x00\x00\x10\x00\
IDAT\xdf\xe3O\xfe\xe2\xe58\xb5\xb2\x02[r\
\xfc\xea\xda\xca`\x80\xdf}\xe9\xcb\xf0\xfd\xcfz6~\
\xf9\xf9\xbf\x86\x93\x8bK\x98?r\x0c\xf3*\xd7\xe9\xf4\
\xb0*k\xce\xf2\xf2\x8a\x14\x1eH)k\xa1\x94BF\
26Mn\xb8d\xe5w\x02\xc95\xe5h{\xd7y\
\x1a\x5cZ\x09\x8cF#X)\x0c\xb2\xf0X\x11\xb6U\
g8\x1c\x22I*\x85\xd5i[{0\x19g\xbfQ\
\xe7\xb1\xdf\xa8\xc3\xe7\xef\x16\xeaW!U5GVf\
\xd1\xf5\x1bH\xae\x9b\x85\xfb\x160\x94\x05c~\xf6\x18\
\x12\x85?\xf0\xee\x0f\xe2]o{/\xc6+\x05f\xba\
\xf3\xf0\xff\xd1\x09!\xdd4\xbf\xea\xbe\x90\xac\xbdg\xef\
^\x81\x9c\xe3<CV\xe4\xb2\x96\x14\xc8\xc6\x05$\x04\
xL\xad\xb4\x8bv\xda\xc3\xb5\xd7\x5c\x8f\xfb\xef~\x10\
/\xff\x93\xbf\xc2o\xff\xe6\xef\xca}%>\xf4\xfe\x8f\
\xe3\xf4\x03+X]\x1e\xa1\xab<\xa7\x1f<\x8d\x99\xa9\
\xd9h\xdd\xb9\xee\xda\xeb\xb1*\x92\xb4*km^B\
u\x97\xc8\x8br\xbd\xce\xae\xacCi\xd2\xc3\xdf\xddq\
/\xfe\xfcO\xfe\x12\x7f\xfa\x07/\xc7\xfb\xde\xf1a\x0c\
\x97rt8\x0d\x8e[\xc8\xfa\x92]\xd1\xc2L\xef\x08\
\xfa\xcbCd\x03\xdd\x1d2\x22a\x1b\xfe-\x90->\
\xd4\x22\xc7x\xe8;\x07\xa0\x1b\xd0\xf6@\x81\x8a\xcc\xee\
\xe4\xe2\x827\xcf\x15WB2v\xc3\xbf\xffr\xb8\xc1\
\xe1\x93@8|C:\x18#JuWNt3\x09\
\xc2\xc1\xe8q\xd3\xcbF\x02\x8d\x04\xae\x0e\x09l\x10\x9e\
\xc1x\x84 \xc2s\xc3\x8d7!\xa4\x1d|\xe2Sw\
\xa1\x08)\x96e\xc5y\xfe\xaf\xff&~\xec'\xfe\x13\
z$\x9f\xfbo\x7f\x1c\xdf\xfd\xfd?\x80\xdf\xfe\xdd\x17\
a\x98\x17x\xc8\xc3o\xc5\x91\xa3\xc7e\xe5\x19a8\
\xce\x90\xb6;q\x95\xb8\xa3\x95c\xaf\x14\xaf,\xf7\xe3\
\xef@\xa0M\xc5u<s\xdf)\xfe\xcc\x9cM\xcc\xa5\
\x92\x80\x95\xc1\x1a&7\xb6\xe8\xcck\xb5\xdf\xbf\xc9\xa8\
\xe3\xeb\xb6\x1d\xb6\xbfv\xed\x9f\xc4\xd6x\x87\x8b\xc9\x0c\
\xe7\xe8\x17W\x86Q\x17+\xcd\xd2\x1d(\x13\x1d\x03\x12\
YvLtz\xad\x19|\xf0\xfd\x1f\xc5\xdf\xbcF\x16\
\x9d\xa5\x11\xe6g\x8f\x03y\x22\x10\x01RrIx#\
\x09\x92\xf6F\x90\x1b\xfe\x18\xb1\x0f\x0f\xf5ouLD\
I]\xb7\x12H\x10\x91\xb0,\xca\x22h\xc1\x22E\xa9\
\xb1\x0eV2\x9c\xbc\xe74>\xfa\xc1\xdb\xf1\xc6\xd7\xbc\
\x0d\x7f\xf8\x92?\xc1o\xff\xc6\x0b\xf1[\xbf\xf5B\xfc\
\xc2/\xfc\x12\xfe\xf7\xaf\xfd:^\xf9\xcaW\xe3\xae\xbb\
\xee\x82\xaf\xd1#G\x8eD2kr\x0bI\x09\xb1\xce\
\x04\x81-$\x22-\xe2X\x221\xc0\xdf}\xe2^\xbc\
\xf2\xe5\xaf\xc3o\xfe\xef\x17\xe0/D~\x16\x1e\x5c\xc5\
5G\xaf\xc7lg\x1e\x0b\x0f.\xe3\xc8\xec5\x98\x9d\
\x96\xe5\xa7=\x0d\xe6\x12\xf9P\xa4,\x03\x12\xfd\xd9\x0a\
\xc5\xddd\xca\xbd\x94\xa3\x0b\x99=\x88s\xc7S\xc6\xb5\
\x04\x14H\xd4\x9e\xdf\xb6\xd9\xadKM\xda\xb9I`?\
\xe5\x0e\xfb\xa93WS_\xd2B\x17WY`\xd7\x8b\
\xfdj\x12H3\xd6F\x02\x8d\x04\xae\xb8\x04\x0a\xf5\xa0\
B\xd0\xaaj@\xd2j\x83i\x0bw\xdcy\x17>u\
\xf7=\x98;v\x1cGO\x5c\x0b(\xee\xc4\xf5\xd7c\
ae\x15_\xf9m\xdfY~\xe2Sw\xa2;7\x87\
ko\xb8\x11#\x91\x9d\xfb\x1f<\x89\xfe`\x08\xff\x86\
\xc7_\xb6z\xf0\xc1SX\x94U'\x84\x14\xfe\xedD\
\xb7\xd5\x05\xa5\x98\xa9\xb9mw\x92\xdb\xc67\x91\x97W\
\x02\xfe!y\xbb\xdd\x8e\xc4\x94$N\x9c8\x11\xfd~\
}\xaaV\xb4\xdd#\x13\x97I\xd7\xfe\xedP\xe7\x9bL\
\xab\xe6\x9b\x94OE\x9e\x8b_\xd9A)\xa8\x08\xd5\x5c\
!\x89\x04\xa9\xe0c\x07\x09\xbb(\xc7\x01\xef|\xfb\xfb\
\xf0\xb67\xbf\x0b\xfe\x12\x9b\x7fO\x12d\xe5\x09\x22D\
\xddv\x0f@P\x1d\x8cP \xee$\xa3{\x10\x0e&\
9I\x22\x02\x22+[\xe5\xd7\xf8\x83\xc2eK\xccB\
\xd7\xb0\x88E'\xe9b\xb6'\xc2!\xd27Z-\xb1\
|\xba\x8fq\x1f\x92T\x07\xb6\xb4\xccN\xcf\xc5W\xd5\
\xee\xbe\xeb^dY\x81ng\x0a\xb6\xe6-,, \
0\x05I\x9ds\xa2\xd4\xf5Z\xe4\x01\xab+C o\
\xe1\xfakoF7L\xe1\xe8\xf4\x09\xb41\x85\x0f\xbf\
\xefv\xbc\xf0\xff\xbd\x0c\xbf\xf5\xeb/\xc4;\xdf\xfc^\
\x14#\xe5\x15\xb9,\xc7@+t\x10\xd0B!\x0bO\
1*\xe3\xc9n\xa9\x9f\x10\x89\xa2\x19\xc7N@\xb5m\
\x97\x5c\xa5\x5c\xd81\x87\xfa\xb2V\x05\xe5M\x84\xb5`\
\xe3\x1c2\x09\x84C6\x9e\x033\x9c_~\xd9\x0b\x99\
\x94\xbe\xb57W\x17p`N[\xd3\xd1F\x02W\x8d\
\x04|w\x1a\x8fr\x0cG\x19\xe6\xe6\x8f\xe2\x9a\x13\xd7\
a,e\xe8\xd4\xd2rtWF\xb2\xda\xe49\x92n\
\x17i\xaf\x87A\x96cyu\x18_kKZm\x94\
i\x88J\x94\xbf\xbev\xe4\xd8Q$I\x22Ei\x10\
\x7f\x03R)f\xc9&Y\x92\x07G\xc9\xdc\xd4\xf1C\
\x1c0\xd9\xf1J\xbf\x89\x8d\x89\xca\xf1\xe3\xc7\xe1\xcfO\
\xdb\xc2c\xeb\xcenCw~c\xb7<\x17\x9c&\xa2\
CR\x0ay\x82D\xea;u\x0cr\x03Z\xb2\xec\xb4\
\xf1~\xff\x1f\x9d\xbfz\x1dN\xdd\xbf\x88\x1b\xae\xbb\x19\
\xa1hi\xfe\x95\x98\x99\x9a\xc7\xca\xf2@\xe5\x08o$\
\xa3\x9f\xa4\x83\x07\x06\xbe\x8e\xdcY\x9f\x1f\xc3\xf2\x0e!\
A\x08\x01\xc1DE\xd6\xad|\x0c\x8c\x069\xf2\x11\xd1\
N\xba\x98\xea\xcc\xa1\xdb\x9aA\x1a\xba\x22$%\x12-\
@\xd8\x12\xe4sz\xe4\xc8\x11]\xb3},..\xc2\
_\xdc\x1b\xe9\x1aOLJ\xd4\xc8X\x16\xdav\xbb\x8b\
\xb9\xd9c(ERN\xde\xb7\x10\xc9\xa4e:\xdd\x9e\
\xc7\x91\x99\x13\xf0g\xa9O=\xb0\x847\xbd\xe1\xedx\
\xe9\xef\xfe>\xde\xfe\xd6w\xe2\x93\xb7\xdf\x85Q?\xc3\
\xb4\xda\x9d\xe9\xcd\xa9\xdd\x8e\xda\x0d\xf0G\x12\x82\xfa\x07\
\xd5E\x01\x08\xa8]\xfb7\xa0\xc6\xb7\xd9M\x80\xb6\x89\
>\xe7\xa8\x02\xa5\xda\x85\xe6K\xa1\x99S\x9es\xf9\xa6\
\xc0\xc1\x90@8\x18\xdd<\x9c\xbdL\x0b]X\x82o\
P;\xa1\x1e9I\x90\x1b\x8873\xdd\xd0\xearu\
\xbe\xda%\xab\xbc{\xa5\xd7\xf9\xafV\xf7R\xcb\x87\xac\
\xce\x03\xb9\xbd{\xa5\xe5^\x8f\x7f\xd2\x9d\xecS\x1d?\
\x19g?Y\x8dg\xaft\xe7\xbd\x9aq\xde\xf2Y\x13\
\x1aY\xc9\x99\xbc0w\xad\xbaug\xbd_,\x00\x03\
\xd5V\xc7[\xf91\xa4\x09\x81i\x82L\xb7\xaa\xa1\xc8\
LA)QZI.C\x02\xca\xcd\x15\xd6-,\xbe\
\xd7_\x90\x80\xe2a\xe5\x89\x01\xe2E\xf2&q\x95x\
8\x18\x83RD\xdb\xb2\x12\x90\xd4J\xb1\xda\x05\xa44\
\x95\x11\xf2\xc6\x9d$HF\xbf\x0f$c\x98\xdc\xde\xad\
\xef\x83\x93.\xb9}^\xf2\xccx\xb7\xb1\xdf@n\xf4\
\xf3b\xf5\x8d\xe4\xa6\xaaLb\x8cM\x91\x0al\x9c\xff\
\xea\xbc\x90\x149\x18\xc3\x8a\xb4?*\xe1W\xd8HF\
\xc2\xe3\x1f\xb1[\xee$\xe39R\xf1M;\xb9}\xfc\
d\x1b\x93\x05\xc8*?\xc9\xc9\xe8u?\xc9\xd8\x8e\xdb\
\xac\xe1\xdf\x9a\x0c\xfb#\xcd\xac\x14\x1dYj\xb2Q\x81\
N\xd2\x13\xd5i\xe1c\x1f\xba\x1d\xafy\xe5\xeb\xd1\x0e\
=Dr\xb30@\xd0\xdcL\xd9\x16\xe9\x1e\xc2\x8a;\
\x11b\x9d\x98\xd8H*_\x88 \xab6\xc9\x0d\x17\x13\
\x1b\xb9\x11O\x9e\xe9\x9f\x1c\xeb^\xfe\x89j\xd7\xbd\xe4\
\x99u\x92\x1bq\xae\xb3\xd0\xf5ky$I\x12\xc7\x12\
\xcf\xab./\x96\xd4\xe5\x9b\x22\xd1u\x9a\x8a\xb0$L\
A\x91\x8bR\xd6\x19[X\xf2L\xf5(\x0c\x85\x13I\
\xb0\x18\xe7\xf1\xf7:\xae\xcb\x04w0\x18\xc0u\xfa\xdc\
\xbb\x9d \xd9\xe5Z\xf8\xf0?\x1aMd9\xeaJ\xde\
\x09\xbbp}\xd9P\xf3E\xf5\xb5\x92\x0ez\xedY\x9d\
\x83)\x84\xb2\x8d\xf7\xbc\xe3\x03x\xf9\x9f\xfd5\xfe\xe0\
\xf7\xfe\x04o{\xcb\xbb\xb1xj\x19\xbd\xd6\x14\xa6\xba\
3\xca7\x8d\x22W\x1f\x95/\xd1\x193)\x1b\x9b\x94\
\x8d\x01\x14T\xbd\x88\x96& \xa0\xea{\x88s\xd1\x04\
\xcc\xfd\xf1\xfcS\xceM\xbb\xe3'\xb1)q\x9b@\xd2\
J\xe3\xdc\x8e\x96J\x91\xb9\xe7>\xf7\xd9\xdc&[\x13\
u\x08$\x10\x0e\xc1\x18\x0e\xec\x10l\xd9iN\xc0\x81\
=}M\xc7\x1b\x09\x5cu\x12\x10\xe7\x89c\xb6+]\
*\xfa\xa5\x97\xa0\x90B\x02\xad\xceJ\xc7\xaa\xe2\xe2\x11\
\x8a\xaf\xb0\x16l\x9c}\x22\x01\x92Q1\xde\xab;V\
|\xad<[\xe9\x9d\x99\x99\x89$\xd5~\xf2\xec\xca\xef\
U\x7f\xad\x98\xee\x95\x8f$\xea<.\x13\xfd\x9aoK\
\xb22v[=t\xe3'\xa6\x83\x94\xec\x9efb\x1b\
\x1f\xfb\xf0\x1dx\x85\x94\xec K\x8e\x15|\xbf\xba\x06\
\xa5Peb\xd9\xab\xe9\xe0\x0bu\x1bT\xb2\xa0\x08P\
\x10(\x89\x04a\xcb.\x22\x05cS4A\x87\xcbD\
I\x14\x12\xc0~\x13'\x81\x85\xc2\x92u\x90\xdfV\xa4\
rL\xdc\xf9\xc9{\xf1\xdaW\xbd\x01\xbf\xff\xb2?\xc6\
_\xbe\xfc\xd5\xf8\xe4\xc7\xefR\xb9\x96\xacL\xf3\xc8d\
q\x1a\xf5\x8b\xf8u\xb8\xd9\xa9\xa3\xf0\xb9\xca\x87@`\
\x0b\x01I$<c\x111h\x9b\xeaN\xc3\xa4\xdbs\
rE\xe7^Q\x9b\xf6\xc9y\xb2)a\x9b\x80ER\
\x94\x22i\x04\xb4\xcb\xb2\x83f;\xc4\x12\xd8fv\x1f\
\xe2\xd1\xee\xb3\xa1\xa5E\x01\xc6W\xd9\xf6Y\xc7\x9a\xee\
4\x12h$pUH\xa0\x94:\x11\xa1\xa7\xbd\x1f\xfe\
5\x80B\xe3/\xa2\xd5\xc5\xcaeY\xe6\xf2\xe7\x80\xdc\
u\xc8\xa4\x13\xf3\xbb\x0e\x95Wn\xc4\xb0\xfc*\xbci\
\xf7\xea\xf3$`\x05\xca\xd8\x94\xab\x09\x5cl\x09T\xe7\
N\x0a\x9d\x94\xba\xban+\x845\xea\xb8\x9d\x5c\xe7\xf3\
\x8f\xd4m\x91;v\xec\x98\x14\xcf,\xae\xf6;\xbf\xd3\
\xec^\x08\xea\xf9\xb2\x93\x8b\xa0\xc9$lM\x8fsM\
c\xcaeQ8q\xec\xfa\xf8\x9a\xd4h\xb5\xc0\xd1\xf9\
\x13\xf8\xe0\xfb>Z\x11\x1dY\x0c\x82,\x06V\x9e\x81\
\x14\x10+\x9f|\xdc^\x8c\xfe\xe3\x8ao%\x82\xe4\x00\
\x94\xea\x89!G{-/y\xe3^\x877\xdc\xa0\x12\
\xd4e(\xb9\x88\xa8@$\x90\x82]\x17\x90\xa8$\xae\
b\x1d@\xa1\xe8\x02T\x13\x11\xca`\x17\x08\x8a_\x83\
+\xaf\xc3\xb1\xce\x04\xd9\x18\xe8\xb6\xa7pt\xee8f\
\xbasX9=\xc6\x07\xde\xfbQ\x9d\x9fW\xe1w\x7f\
\xe7\xf7\xf0\xae\xb7\xbe\x0f\xd9\xa0\xc4\xb1\xb9\xeb\x90\x0f\x03\
N?\xb0\x84|\x14\xd0N{(m)\x92\x15.\x15\
\xa0\xf6\xfc\xf5\xb6\xd5\xe5\x15\x8cd%n%)\xe6\xe6\
\xe6\xe0sh\xa8\x13\xeb\xfb\xd6\xf0z\xc26\x1e\xdd\xd5\
b\x1d@)Z\xa5\xc1m\x93g\x1fG5];\x07\
\x09\x84s\xc8\xdbd\xbd\xc8\x12h,;\x17Y\xa0M\
u\x8d\x04\x1a\x09\x5cd\x09\x14\xaa\xcf\x90\x83\x0d7D\
\xbd\xa0\x88\xca\x8fS\xacT\xdb\xad\xe1\xb0Q\x87\x1b\xf7\
\xcaH\xc0\xe7\xc0\xb8\x90\xd6\xfd\x1a\x93W\xd3\xfd\x0a\x9b\
\x7f\xa7ck\x8f\xeb\xbb\xd0z\xeb:\x5cO\x0d\xc7M\
\xc2\x8a\xeb\xceHp\xec\xc85\xb2\x1a\xdc#\x0b\xc1\x5c\
\xfc\x0a\xd8\xeb_\xfb\x16\xbcN\x16\x84V\xe8\xe1\xc8\xec\
1\x845\xcb\x0e\xa3\x22\xcf\x89\xaa\x0b\xf9\x85Jc\x97\
\xff\xb0\xec\xf1\xc2\x5c\x1f\x8c\xf9\x87\xe1\x88\xcd\xae\xc6\xee\
H\x91\x13[\xbe\x0c\xc8\x1f\xa3\xce8l\xaesk\xf2\
\xa6zc\xc0je\x052\xa0\xb4\xa5G\xc4\xb3\x9dN\
av\xfa(\xa6\xda\xb3\x18\xae\xe6\xb8\xff\xeeSx\xc3\
\xeb\xde\x82\xdf\xf9\x7f/\xc1\x1f\xbe\xf4\xcfp\xfa\xc1e\
\x5c\x7f\xedC0?s\x0c\xccSt[\xd3\x18\xf63\
\x14\xe3\x02-\xa6\xe8td\xc1\xebN!\x0d\x09\xfc\x0f\
J\x07\xab2\xff\xa0\xda<G*_ut\xd8\xa8B\
;\x1f\xe3\xbc#\xe1\xfb\x19\xd1l\x87Y\x02\x9e\x91\x87\
y|\xfbzlar\x99\xe9R\xf6\xb4\xa9\xbb\x91@\
#\x81F\x02\xe7\x22\x01[]\x84\x80B*\xd0\x99`\
\x8c\xd7z\xa8W\x95e\xe1\xb1\xceh@\xfe\x88\xba-\
\xd5\x81mP[y\xeal\x8d\xbb?%`e\x90$\
fgg\xe1\xdfq\xd8\xca\xe3\xb8\x1a\x17\xda\xeb\xad\xf5\
8<Y\xe7\xd6\xf0d\x1a43W\x96\x87\x98\x9b9\
\x1a\xad\x00\xef~\xe7\xfb\xf0\xf67\xbf\x0b\xabK#)\
\xcaS\xd1\x0dZ\xaf\xa7\xac:~\xd4\xba\xae\x02\xa5f\
n\xe9\xa2\x156Wx\xf0B\xdb\x5c[\xba*Q\xe8\
b\x9cD\xb9\x16\x9et\xcdK\xa2\x5c\x0a\x950t-\
[F\x15$)%\x96\x11\xb2\x7fDWqp\xc6\x02\
\x8ca\xcb2WL\x0d\x87\x05\xd7#KL\xa9\x06z\
\xedi\x11\x89\x04\x83\x95!\x96O\xaf`,\xf2\xd2N\
\xa6pd\xe68\x8e\xcd_/R\xd3\xd6\x19\xea\xe1#\
\x1f\xbc\x1d\xbf\xfe\xfc\xdf\xc6o\xfc\xda\xff\xc3\x87?\xf8\
q$\xb2\xe6\x84\xb2\x85c\xb2\x08uU\x87\xc9M&\
\x8b\x8e\xff\x8fP\xcaT\xe9DY\xea<N\x9c1\x92\
 9\x11\xb3\xb7\xd7#\x22\xab2\x12\xd1\xde\x05\x9a\x1c\
\x07V\x02\xe1\xc0\xf6\xfc\x10t<\xe8b\xf5M\xe3\x10\
\x0c\xa5\x19B#\x81\x03%\x81\xa6\xb3g'\x01+\x14\
\x15rD\x12S\xc8\x8d\x8a\x8e\x5c\xf9'\x1f \xcew\
v\xb56\xb9.\x97\x04H\x9e\xb3\x028\xd97\x9fS\
\xffx\xdbV\x1d\xffN\xc2i\x8e\xb3K\xd2\xce\x05\xa1\
\xae\xcb\xae\xb1]e\x8e7\x9cF2\x8e\xc7\xd6%\xa3\
\x15:8q\xec\x06\xbc\xe7]\xef\xc7\x9f\xfd\xd1\x9fk\
\x8e&\xf0+S\xa7\x1e\x5c@\xfc?.\xb2*\xd0V\
\x1d\x11#D(\x8b\xb4\xdaB$\xc1\xd8\xac.\xbb\x85\
C\x00\x8dM\xa3\xd4@\x0a\xc1{\x01q\x0fy*\xb7\
Tz\x15\xf6\xe8\x83\xc8\x88\xafbA\xe4\x84\x822\xae\
\xed.o(\xa82\x106\xe9+ty\xa5i\xdfT\
\x0cT\x8cv\xc9}\xe0\x8fG$-\xccL\x1f\xc1\xcc\
\xcc\x11\x84\xd0F6,\xb0b\xf2\xb3\xb0\x22R:#\
\xc2\xd3\x925\xe7\x04\x1er\xe3-\x22D}\xfc\xd1\x1f\
\xfc)^\xf0[/\xc6\xeb_\xfbF<p\xdf)\xe4\
\xa3\x1c\xfe\x8a\xdbTw\x1ae^\xc2\x9f\xb2\x0f\x22<\
G.\xf056\xf7>\x8e\xce\xafIJ\x17C\x1eC\
\xeax\xb3\x1fF\x09\x84\xc38\xa8\x832\xa6_|\xd9\
\x8b\xd7\xee\x0a\x07\xa5\xc7M?\x1b\x094\x128l\x12\
\xd8\xac\xa8\xf8\x81o\xd4\xa3,\xa15\xd4\x88\x80R\xea\
\xa2 \xb2S\xfb\xadT\xf9!\xc22WZ\xb1\x0e\x87\
\x8d\xba\x96\x0d\xb7\x94\xb7\x86\xbc\xcd~I%@\x12d\
\x85\xba!\x13\x87\x1au\x1c\x80\x1d\xbd\xddn\x17&;\
\xfe\x0aV\x92$1\x9f\x89\x06\xc9\xe8\xbf\xd0\x83\xfb2\
Y\xc7d\xd8~c2\x9dd\x1cS\x22e\xba\xd7\xe9\
\xe1/\xfe\xf4/\xf0\xce\xb7\xbe\x0b\xb6\x00\xf4\x97\x06\xc8\
\xa4\x1c_{\xe2z\xe4\xe3B\xf9\xaa\xfe\xba|\xf5\xbb\
\xb3B^\x03J#\x0e\xdb\xe6\x91\x19q\x5c\x22'&\
6[\x11I\x9e\xd2*\xc2\x13s\xee~P^_\xe7\
\x11\x93~\x14(Ex\x8amA\x14:OY\x96#\
\xcfJdr\xfd\x19{\xad\x8f \x09-Luf\x22\
\x01\xf2\xefr\xba\xed)\xf1\xa8\x80\xc5S\xab\x223\x01\
\xd7\x1c9!B\x94\xe1\x1do{'\xfe\xec\xcf\xfe\x02\
oy\xf3[q\xd7]\xf7\x00\xba\xbbLMM\xe9<\
wtn3,.,+\xae\xdaIV\x9e\xb5#\xc9\
\xb3:\xbf$\xe1\xb9\x1c\xe7\x98\xad\xd2h\xb6\xc3*\x01\
?\xa7\x0e\xeb\xd8\x0e\xc4\xb8\xdaE\x81\xcd\xbf\xdd\xf1)\
\x09q\xb5\xc5\xbe\xa4\x84.q\xe8\xa6R\xac\xc1\xfej\
hN\xaf|\xcd\xb1\x91@#\x81F\x02\xe7'\x01\xe9\
*\xbb\x14d\x95&FT\xc8[\xa1\xba\xf3\xd8\xef\xc4\
\xa8(\xd8\xb3\x86\xad\xe1\xb5\xe85G\x95D_\xed\xc6\
@s\xb8\xcc\x12\xf092\xce\xa6Y\x7f\x9c\xc0\xbf\xd9\
\xc9\xb2,*\x86.Cr\xdd\x8f\x0b\xd8\xea>\xd4\xee\
\xe6\xaa\xf4\xcc\x13\x896I\xf1\x1c\xad\xa0g#Zz\
>\xb6\xf5\x5c\xec\xe0-o|\x17\xde\xfe\x96\xf7\xe2\xfe\
{\x160\xd3\x9d\x8f\xaf\xb4\xa1\xac~\xd3!N\xbe\xb9\
\xba\xab0D\xe9\x0f\x1ev\xed\xda\x1f\xd6\xe2\x00\xc9W\
\xe4\xa5\xbe\x8e\x9d\xa6\xcb\xdc\xce6\xa8\xae\xf9RRw\
\xa2\xcb\xec\x9c\xd79*\x98\x9c$I\x0a\xff\xee\xab\x10\
\x99\xb0\xbf\xd5j\xc7\xc4\xe1p\x04\x22\x81-7!\xa4\
82{\x04\xb3\xbd9\x14\xc3Rq\xc4t{\x0e\xa7\
\xee]\xc0\xdb\xdf\xfc\x1e\xfc\xd1\xcb\xfe\x14\xafz\xc5k\
p\xcf\xa7N\xa2\xd7\x9a\xc1\xec\x94\xacDH5\x0f\xaa\
~A\x1byn\xf7\x14\xe7ND\x98[\x9a/\x89,\
F\xff\xe6G\xb6~vZ\x956\xfb\xa1\x91\xc0\xc6L\
94C:\x84H(\xa1\x00\x00\x10\x00IDAT\
X\x03\xe9d\x03\xb4\xf2\x0c\xf4\x9dY\xe6T0\x01\x85\
T\x17`\x9a\x07\xb4tG\x09(\xe1\x15\x94L\xcc'\
\x0b\x85\xfc\x00}\xb7\xc9\x89\x0b=\x81$A^:\xe0\
\x0aod5\xb6\xad\xdd\xf0\xc3\xd5 wO\xdfZn\
k\x98\xac\xca\x93\xdb\xbb[\xf3\x1f\xb40Y\x8dkk\
\xbf-;ck\xfcA\x0b{\x0c\xc6\xd6~\x93\xdb\x8f\
\xfbl\xf3\x91Uy\xf2\xec\xdc\xad\xf5\xbaO\xc6\xd6\xf8\
\x8b\x1d\xb6\x12\xb4\x19\x01\x94\x02\x805\x94\xba\x17\x81\x01\
\x08\x09\xa2K\xf9\x85\x22Tn\xae\xfbS\x01\xabMA\
\xaaS\x05\x97\xa9Q\xd7\xb3\xc9\x05\xb1\x1eV\xd9\xddv\
\x92 w\x86e\xb4\x1bv\xab\xfbR\xa5\xed\xd6\x9fs\
M#\xb9\xde\xcd\xbal\x1dArW\xd9\x90D]\xc6\
n]\xce.Y\x95-\xb4\xd8\xe6\x95m\xc3y\x8cD\
\xd6\x1b\xc3\xf9Lpn\xbe\xf9\xe6\xf8\xbf\x92\xac\xb0\xfa\
w;~\xad\xcdV\x1ers\xfd.\xbb\x15d\xd5\x0e\
IW\xb7\x09\xce\xcbD\xf3h\xed\xb9W\xeaiV\xc4\
\xf9T\x22/3!G\xd03\xaf\xd0\xf3\xb1\xcc\xc7`\
\x06\xa4E\x1b\xddr\x063\xc91\xbc\xe9U\xef\xc2[\
\xff\xe6\xbdhs\x0eGf\xae\xc3p\xb5D\x91'\x92\
I\x82\xe18C\xd2\x16\xe9A\x8e\x92\x85\xe2J\xd5E\
$! \xd1_(\x03X\xa8Oe\xb9IF\xee\xd3\
$\xb0\xcdFR\xf5U0o\xd8\x0d\xca\x88\xb3\xc5n\
\xf5\xec\x94F\x8de\x12\x89\xc2\x93\x88c\xd48k\x17\
\xf2\xd7p\x5cI\x8d\x9fE\x94\x91\xfd\x80[\x82H\x84\
Q\xc9\xca\xf5\xc56\x98\x00F\x90k\xc8oY\xb1(\
%\xcb\xad(\x14W\xc8\xa23\x16\xd1\xc9\xa2\x08\xd24\
\x89n\x96)\xae\xcc\xd1j\xa5HR\xaa\xca$\x9e\x83\
,S?\xa4\xf3\xb4\x93)\xf4\x92Yt8\x83i\x9d\
\xe7\x13\xd37\xa1\x1ctq\xc7G\x1e\xc0K~\xe7\x8f\
\xf1{/\xf9\x0b\x0c\x96\x83H\xcf<\x12\x91\xa44\x00\
F\xa2\xb1\xd4\xa8\xeeD\x85g\xd4\x8eH\x0a`6t\
\xc0\xd5\x0cS \x9a\xedpK \x1c\xee\xe1]\x9e\xd1\
]H+m\xd9u\x13\x13\x1d]\xa8\xaeG\xf7z\xdd\
n\x18/\xbd\xa4Du\xd3Q\x8c\xd3\x0a\xdd\x94\xe2\xbd\
J\x01g\x8f'O7m\x05\x9b\xbd\x91@#\x81F\
\x02\x97D\x02ET\x17\x80\xca\xdd\xacF\x9cW\x83\xcd\
=\xeb\xbc\xc4v)\x0aYY5\xe11\xec\x0f\x22\x03\
$cS\x0e\xfb\x15\xb6$Ib\xd8\x07\xc7\x19\xf6\x1b\
$A\xee\x0c\xe7\xd9\x09\xa4\xcb\x95g\x94/c\xbc\xd3\
\x88\xe1p\x88\xa3G\xe7+ex\x98a~\xea\x08V\
\x16\x87x\xd3\xeb\xde\x8e\x0f\xbc\xe7#\x08\x85\x94\xd5\xb2\
\x0d\x96\xa9\x9aI\x95\x8fr\xe3\x93Q\xaev?(k\
(\xe8\xdd9j8|h\xb1v\x9d\x85\x097\x94\x80\
\xc3v\xebq\x9b\xe4\x18u\xf8\x0cw\xad<\xd6\x5cU\
\xb1\xa6\x91\x9c\x91\xf3\xdc\x22X\xe8\x9e\xa2\x22ruD\
U\x7f\x00\xfd\x05\xbd\x886\xa6e\xadK\xd0\x8bn\xca\
n\xfcG\xa4\xf7\xdcy\x1fF\xc3\x1c\x83\xfePe\xdc\
\x9bXz\xdb\x03I\x90\xdbC-\x01\xe3\x5c\x04\x1a\xb2\
\x11\x95\xdb\x96o\x22\x0f\x8f\x04\xc2\xe1\x19\xca\xc1\x1c\x89\
\x0c5\xa0.\xf9`\xc2#\xd7\x84\xc67\x1e_zZ\
x\x80\xc9\xcd\xc1\x1cY\xd3\xeb\xabX\x02\xcd\xd0\x1b\x09\
4\x12\xd8\x07\x12 \xb7W\xf4\xc8\x8dx\x93\x17\x83\xdc\
\x1cg\x02433\x834MA\x12&B\xceg\x90\
\x14\xb1\xf0S\x0ag\xbd\x91<#/UE\x04\xfc\xb4\
\xab\x92\xad\x94Tq@\xc2\x14\xcb\xcb\xab\xb2\x10\x14\x22\
=\xc7\xb0\xba:\xc0\xbb\xde\xf1n\xbc\xf5Mo\x87?\
K\x5c\x95\xd8|t\xffjlNiB\xe7*\x81Z\
\x8e;\xb9\xe7Z\xdf\x9e\xf9K\xa2\xa4g\x80P&\xb2\
\xeeA\x96\xa1<\xa2\xdbm\xa3(2\xb4;)l\xf1\
\xebMuU])\x9c\xb9\x93<3r\x9b\x98\x5cz\
W)\xb2\x15\xb0}=\xdb\x14i\xa2\x0e\xa8\x044\xa3\
\x0eh\xcf\x0fI\xb7m\xd5Il\x06\x9e\xb8\xd9{h\
\x85\xaeU]\xf7\xf1\x12,@8\x0c\xad\xb0:\xadA\
#\x81F\x02\x8d\x04.\x86\x04vRb\xea\xf8\x8b\xd1\
\xc6nu\x90\x04\xb93v+\xeb4r\xe7\xb2$\x9d\
e\x9f`\x7fv\xc3V\x1b\xb2\x92\x13\xc9x.|\xee\
Mt\xec\xce\xcd\xcd\xc1y\xdc{\x92\x91\xe08\x9e\xac\
\xfc\x8e\xdf\x0d$7%\x93\x9b\xc30\xabA\xa1<\x05\
(\xd7\xa9\x8c\x16\x84\xa0$\xc2\xbf\xef\x18\xf5\xc7\x98\xe9\
\xcd#\xcf\x887\xbe\xfe\xcdx\xd7\xdb\xde\x8d\xe1 \xc3\
\xdc\xec\x11\x95\x0bB\xb5\xbb_\x95\xcf\x0b\xfee\xeck\
\x1dn\xdc},\x01\x9foC3\x00Q\xc7\x11\xf5`\
\x85\xf1(ST\x82a6DH\x03V\x87\xabx\xe2\
\x93\x9f\x80\xb4Mt\xa6Z\xeb\x83\xaa\xcf=\xc9\xf58\
r\xc3\xbf\x1e9\xe1\xb1~\x95k\xce\x85\x00\xa4~\x95\
r\x22\xad\xf1\x1e>\x09\x84\xc37\xa4\x835\xa2_\xfc\
\xbd\x971\x12\x1e\xad0\x10^](PYw\x00_\
\x8c5\xeaQ\xd9\xfc\xdc\x9c\xb4Z\x1a\x8d\xdbH\xa0\x91\
@#\x81F\x02\xe7+\x01\x13\x19\x92 +\xb8\x9e\x9a\
\xe8\x90\x84\xff\xbf\x8e-:\x8e\xb7k\xa5\xd2 \xe9\xa8\
\xb3\x02\xc9X\x7f\x9d\x99\xdc\x08\x9b\xeb\xf8\xb9G%F\
\xbf\x1e\x81\xb5\x0b)\xc0\xfe\x87\x92\xd7\x1c=\x81\x94-\
\xbc\xfeuo\xc2[\xde\xfcNd\xe3\x80\xd9\xa9c\xc8\
\x86\xb9\x08\x91\x0aN\xec\xee\x9b\xe1(\xbb{\xc1\xf9\x1a\
\x5c!\x09\xa8Y\xeb2\x86\xbck\xbbB:\xef>\xf7\
\xa5\x88O\xda\xeeH\x0f\x22\xfc\xa1\x83\xa5\xe5\x05L\xcf\
t\xf1\xf8'<\x1a!\xc9\xd1\x1f,\x89\xd0\xe6\x82&\
\xcdZi;\xa4g\x93}{@\x16\x1dH\xa12\xd9\
I\xb0\xb9\x8e=J6\xc9\x07P\x02\x9aY\x07\xb0\xd7\
\x87\xac\xcb\xad\xa2@R\xfa\xd2.\x00]\x80&8\xb6\
\xe4($\xe2\x83fk$\xd0H\xa0\x91@#\x81F\
\x02\xe7,\x01\x92\x91h\x90\xdb\xbb\xae\x90\xac\xd2Lf\
\x1c6A\xb0\xbf\xddn\xa3\xdb\xedFe\xd2\x04\x88\xa4\
\x93#HQ\x14=\xb3H\xeeY\x7f,\xa0\x03I\x1d\
7v\x92*[\xae\x01\xa0\x14O\xd2a\xc7\x13\x09\xe5\
\x96\x10\xd1Iq\xc7'\xfe\x0eo\xf8\x9b7\xa1\x93\xf4\
0?{4\x12\x9d\xd2\xffC\x87\x09\xb6\xdb<\x86\xed\
\xe2\x9b\xb8s\x93\x80\xe5\xb8\x1b\xce\xad\xb6\xbdr\x87\x98\
\xc1\xfaO\xc9\x10u\x9fB\x84g8\x1e\xa1\xa3y\xb8\
\xb8\xb2\x88\xc7>\xfeQ\x98\x9d\xef)\x1c0\x94\x95\xa7\
\xf4\xef\x00b\xa9\xcd\x07Rs\xe7,\x104}\xa8:\
\xc2x\xbc\xb9\x82&t\xe8$P\xcd\xae\xfd=\xacC\
\xdf\xbbv\x91!-\x0a$B=\xd8\x82@\xbe\xe5\xec\
\xe8YP'7n#\x81F\x02\x8d\x04.X\x02\xbb\
)2N\xbb\xe0\x06\xf6\xa8\x80\xa4\x94\xdd\x9d\xb1G\xf1\
]\xcb\x92\xdc\xab\xf8U\x9fn\x12\xe3\xf3L2\xca\xd2\
\x02q\xd8\xbf\xd31\xd1i\xb5Z\xdb\x92\x1d\x93!\xe7\
=W\x90<\xa3\x88\x1fs~\xb6E(Uj\xae\x16\
\xdc\x15\xab\x15\xfeV\xda\xc1\xc2\xc2\x22\xfa\xabc\x0c\x07\
9\xe6fe\xd1\x91^\x9a\x09\xed\xb4\x0dX3V\x19\
\xf7YN\xdc\xed\xaf\x11#\x9a\xc3\xbe\x95\x80\xb8-\x8c\
\xba\x83\xa5\xc8\x0d\x0c\x9fW\x9d\xff\xd1h\x10\xe7\xe5r\
\x7f\x19\xd7\x5c{\x1cO|\xd2\x13\x90\x17C\x80\x19Z\
m\xc6\xb9\xe9s\x8d\xf3\xda\x0a\xd5]j\x0e\x8d\xf1\xdd\
\xcf\xfeA\x9eW\x15M\xa1\x03#\x01\xddQ\x0eL_\
\x0fmG;Y\x19\xc9\x8e?R\x10\xb4Z\xe6\xd7\xd8\
\x8cx\xbd\xeb\x124\xf1\xf1\x83`[\x01\xc8\x12\xb4m\
|\x13y\x88%\xd0\x0c\xad\x91@#\x81F\x02\x17.\
\x01\x7fN\xba\x98Xds\x8d$\x91$\x09:\x9d\x0e\
Lj\x9cn\x85\x92\xd4\xc3\x08\x1b\x9b\xe36B\xdb\xfb\
\xc8\xcde6\xe7*\xac\xd6n\x8e\xda\x12JEh\xc8\
\x04\xb7\xdez+\x8e\x1d;\x86S\x0f\x9e\xc2\xe2\xe2\x92\
\xac;\xf3\xf1c\x05[\xb2G\xe5wk\x5c\x13\xde\xa7\
\x12\x10\x99\xd9\xaeg\x85\x22\x0b1 \x7f8@\xac\x17\
\xb3G\xa6qz\xe9$n}\xe4\xc3p\xdd\x0d'\xb0\
:\xecc\xa9\xbf(\xb2c\xf5\xd5\xb9\xc5W\xa47\xa9\
\xd89\xefD\xaeE\xe6\xec\x9c\xcb5\x05\x0e\x9e\x04<\
[\x0e^\xaf\x0fY\x8f\x7f\xe9\xf7^\xc2N\x9e\x89\xf0\
\xe8\xa2+s\x8d\xae\x10\xb4\xebA\xb1\xe6\x03I=\x18\
\x04\xb9d\xf5\x00\xa9\xd3p\x01\x9b\x1fX\x17\x82\xbd\x9a\
\xbe\x90\xba]v\xaf\xfaIF\xd9\x90\xdb\xbbuyr\
s\xba\x1f\xe2F\x9d\xbe\x93Kn.Gn\x0e\xefT\
\xee\xb0\xc4\xfb\x1c\x18[\xc7CVr\xd8\x1a\x7f\xd0\xc2\
\xe4\xf6\xe3\xf0\x98\x8d\xc9\xf1\x90U^r\xc3\xad\xd3\xc9\
\x8d8\x92u\xf4\x9e\xae\xdb0\xb6f$\x19\xe7\xf5\xd6\
\xf8\x8b\x1d&\xabv\xc8\xed\xdd\x0bm\x8f\xdc\xbe^\xb2\
\x8a\xf7\xd8w\xc3Y\xb7\xbf\x8f2\x92\xd5\xd8\xc8\xbd\xdd\
\xbd\xbam\xd9\xd4y\xc8\xaa\xbe:<\x99V\xc7mu\
MT\x0c\xe7\x9dD\x9d\xcf\xf7@[o\xea<\x8eo\
\xb7\xdb8}\xfa4N\x9c8\x01\x93\xa14M\xd7I\
\x0fIg\x81\xf3\xbbl\x0c\xecrp\xbe\xc9v\xed\x9f\
\xcc\xbe5\xec4\x22\x89s\x9f$\xfc\x7f~j\xe2u\
\xfc\xf8q\xb8\xafnw8\x1c\xcb\xdf\x89\xe4f\xb2\x0e\
\x92\xebeI\xae\xa7;\xcf\xf9\x00\x17\xb8\x91\x9b\xfbC\
^\xdc\xf0^\xdd#/\xbc\xbd\xadmL\xcaqk\xda\
\xd9\x84\xc9\x8d>\xf9\xd3\xe2\xf5\xfc\xf2\xffn\xcaE>\
Z\xb2\xd8\x84V\x89\x9cc\x04\xf9?\xf9\xa9\xdbq\xdb\
\xa3o\xc5\xd3>\xe3)H\x14.\xca\x91\xe6\xc5\xa86\
\xea\xad79\xd9\xaf\xda\xbf\x9e\xb8\x8dG\xb3\x03IY\
\xe0\xdf<\xeb\xd9|\xd9\x7f\xff\xd9r\x9b,M\xd4!\
\x92@Cv\xf6\xc9\xc9l\x17\xa5\xc8N\x11/\xbe\xca\
\x8a\xb3\x95\xcap\xa2\xa7\xc5\x19\x17\xfaDb\xe3m$\
\xd0H\xa0\x91@#\x81F\x02{J\xc0J\xa13\x91\
\xd5\xf3\xc5a\x13\x14+\xa0\xc6d\x9a\xfd\x06Y\xe5\xb5\
\xff\xc2\xe0\x17\xd6\x10\x09\x09\xe0:\xa5\x8eh\xb5\xdf}\
\xc0\xdaf\xb2ER\xcam\x86G<\xe2\x11X^]\
F[d,i\x05\xf8\x15\xa7\xb5l\x8d\xb3\x8d\x04.\
V\x14\xe9s\xb3Q\x1b\xb99\xbc\x91rv\xbe\xc9\xf3\
;==\xads[\xe8\x5c\x8e\xe0OKw:-\xf4\
\x87\xcb\xe8\x8f\x9615\xd3\xc6\xc9\x85\xfb\xf0\xe8\xc7=\
\x02O\xfe\xf4'\xa2\xa5s\xbe\xb8t\x1ai;Ao\
z\x0a\xe3\xf1\xf0\xec\x1a\xdc!\x97\xf5\xac\xe0\xf7!\x95\
\xfe\xb5\xcf}\xce\x85\x0dJu4\xfb\xfe\x96\x80\xee.\
\xfb\xbb\x83WK\xef~\xe5\xc5/f\xf5\xa1\x82B\xb7\
\xfd\xf2\x8ca\xcb\xaak\x8b\xee\x19\xf1MD#\x81F\
\x02\x8d\x04\x1a\x094\x128\x1f\x09\xd4\x8a'Y\xe9z\
\x0e\x9b\xec\xf4z\xbdH*\xea:\xc9*}2Ln\
\x8e\xab\xd3\xce\xcd5\xe1\x09\xc8Q\xa2PA\xbf\xb2]\
\xb0\x0a\xd7}Q\xb4\x14\xe2\x11\x1e\xf5\xa8G\x82\xd6P\
\x95\x97j:+\xc6\xf2\xb9\x94s`\x8d4m\xb8U\
ls\xbc\x18\x12 %\xf0\x89\x8aH\x82\xe4D\xcc\xde\
^\x9f\xcf:\x97\xfd\x15\x88\xd5\xd5U\x11\x99\x16\xd24\
\xc1\xc2\xe2I\xf8Kk\xd33-\xdc}\xef'p\xfc\
\xdaY<\xe9\xa9\x8f\xc7\xa3\x1fs+\x90\xe4\x18\x8c\x06\
\x08\xad\x14L\x12\x8c\xb2\x8ds_\xd7{.\xaeu\xaa\
4\xcb\xf0\x9b\xff\xe3\xbf\x9f\xa9p\x9dKEM\xde\x03\
!\x81\x00\x1c\x88~^\x15\x9dl\xe5@\xd0\xf5\x1b\xef\
\xe7\x93#\xd6j\xd7d\xb0\xf6\x97D|@\xd4\xe1+\
\xe1V7\xac2>h\xb6\xf3_\x89>5m6\x12\
h$\xd0H\xa0\x91\xc0\xd9I\xc0\xf7m\x92\xeb\xf7\xf0\
\xa2(\xe0\x15\xf7V\xab\xb5\xa9\x02R\x0f\x9cM1{\
\x07\x5c\xf7n\x00\x5c\xa7\xa0g\x5c\xe9\x07\x1a6\xd6_\
M|J\x16\x18\x9b\xd4\xc8\x9d\x99\x9b\xc6C\x1evS\
\x5c\xf5\x1fdV\x90S\xd4\x9b\xdb\xb0\xbfv\xb7\xfa\x1d\
npa\x12 u\x9e.\xac\x8a\xf59\xe6\xf3d\x0c\
\xfb\x83\xf8\xdb0%`0\x1e\xa0\xdd#\x8a0F\x7f\
\xbc\x80\xeet\xc0g~\xee\xd3p\xe3C\xae\xc18\xef\
\xc7\xff\xb5\x93\xc8\xaa\xe3\xf99\x18\x8c\x10\xc2\xc6\xf9?\
\x9fn\xa9%\xb4\xca\x12\xd3\xdc\x98s\xe7SOS\xe6\
`H\xa09\xcb\xfb\xe8<U\x96\x9dR\xb7\xff\x02\xf5\
\x89\xb1kT\xb7\x99\xea\xe8.\xfbA`\xb7\xc1%\x90\
@Se#\x81F\x02\x8d\x04\xae2\x09X\xf9$)\
\xbdS\x0a\xe0\xf44\xfc[\x19\x92 \xb9.\x09\x92\x9b\
\xc2\xeb\x09\xe7\xe3\x11\xb9)\x22\x12YhRAV\x9e\
R\x0bxR@\x15\x1dk\xa4V\xfb\xb3\x22C\xa9\x15\
\xc0\xd5\xe12\x9e\xfc\x94OC^\x0c\xb0:XD{\
JeX\xc4\xfe\xc6\xcc\x13\x07\x8fe\x22\xd8x\xcfS\
\x02\xe4\xe6\xf3Mn\x0e\x9fg\xb5\xeb\xc5\xd2\xa4\x85\xe9\
\xa9\x19\xf4\xfb+\x18g}\x1c92\x8b\x95\xd5\xd3\x18\
\xe5\xcb\xf8\xb2\xaf\xfc\x22<\xe6\xf1\xb7\x22\xed\x12'\x17\
\xef\xc3p\xdcG\x22\xabN\xae\x05\xe1,\xcb5?M\
v\xac\x1d\xe1\xbc6M)\xb4U\xf2\xeb\x9e\xf5l\xca\
i\xf6C.\x81\xf3\x9f)\x87\x5c0WbxiQ\
\x22)\xb1\xe9S\x8c\xd8\xb2\xf9\x02\xdd\x12\xd5\x04\x1b\x09\
4\x12h$pI%\xd0T~8%\x10B\x88d\
\xa1&\x07I\x92\xc4\x81\xfa\x9f8F\xcf\xda\x81\xdc\xac\
\x0f\x92\xbcH\xa4G*H\xb4\xea\x00\xa5\xea,\xb9\xe6\
j5O4Fm\x94\xc8\xf5W\x08\x83\xc12\x1e\xfe\
\x88[p\xec\xc4\x11\x8c\xc6\xabRv\x95W\xc4h\xad\
\x8bq\x1c\xf6\xd7c\xb1\xbf\xc1\xc5\x91\x00\xa9\x133Q\
\x15I\x9d\x1bN\xc4\x9c\x9d\xd7\xe7\xa6\x86N\x18\xda\xed\
.\x16N\x9d\x96\xdbF*b\xfb\xc9;>\x86\xdeL\
\x1b_\xf0\x85\x9f\x8d\xdb\x1e\xf3P\x8c\x8a\xbeH\xd0\x8a\
\xc8n\x0e\x7fn:\xcbF\xb1\xddV\xdaA\xa1(\x5c\
\xc0F\xe9Z\x1d\x8d\xe3\x02\xaah\x8a\x1e \x09\xe8N\
s\x80z{\xc8\xbb\xfa\xcb/}1\xfdu\x90\x80B\
\x84G\x90\xbb\xdf\x87\x5c\xdf\xb8vr\xf7{\xff\x9b\xfe\
5\x12h$\xd0H\xe0j\x95\x80\xc9\x8e\xc7\xee\xfb\xb7\
]\x87I\xc6W\x8b\xea8\xc7\x1b\xe4\xb9+\xb7.\xb7\
\x1b\xa4on\x90\x1c\x11\x1c\x88\xf8\x14*\x10I\x8f\xdc\
\x02%\xc4\xc7\xa4\xf0\x8e\xd0\xed\xb5\xd1j'x\xf4c\
\x1f\x05\xa4%\x06\xa3~\xcc\xa1\x83\xf4f\xd7\xb4\x99\xfc\
8\xfe\x12\xe2\xaa\xab\x9a\xbc\xb0\xf3?9\x9f\xec7\xc6\
\xe31\x06\x83\x81\x88\xab\xea\x96\x95\xae\xd5J\xf1\xf4\xa7\
?%bi\xf9A\xf4e\xc1\x1b\x8c\x97E\x84t\xca\
\xd3\x00\x7f\xb1\xad(\x0a\x85\xd3\xf8\xa5\xc0\x0b9\x09A\
\x85[\xf4Q\x9ef?\xf4\x12h\xce\xf4>;\xc5i\
\x01\xa4y\x88\x16\x9e\xa4\x08\x22=\x88\xc0\xda\xe6\xe7\x81\
\xbd&Dv\x1b4\x12h$\xd0H\xa0\x91@#\x81\
\xf3\x91\x00Y\xbd\xb6V\x97\xad\xc9\x8e-<V*\xeb\
\xf8\xf3u\xad\xd0\xee\x06\x8a\xdc\xb8n\x9a\xabH\xd9\x85\
\x10\xe0@\x01j\xb1\xaf,s\xb8O^\xd1\x9f\x9e\x9d\
\xc5J\x7f\x05\x0f\x93u'i\x01\xab\xa3%\x14\xca\x0f\
\x14\xaab\x12\x0ajw\xbbr\xce\xd8\xfd;\xa0\x1ag\
$\x1e\xb8\x08\x91\x04I\x0a\x11\xd8\xd8,\x97I\xac\xa7\
T\xf9i6\xa92\x95\x0blv\xb9\x16\xde\xdbUI\
@\xf5l\x06\xb6\xdf\xd6\xfaS\xcaJ\x07\xf9}\x0eV\
F\x8b8v\xe3Q\xdc\xbfx\x1f\x96\x06\x0b\xf8\xf2\x7f\
\xf0%x\xfa3\x9f\x82\x07N\xdf\x8b\xa2\x1c\xa3\xd5b\
\xfc\xeaZ^d\x91\xe0\xf8\x9c\xfa\x0b}@\x808\x0f\
\xb06\x7f\xdc`\xa1\x83\xe7C\xae\xba\x8d\x18V\x5c\xdc\
\x95\x8f\x9aV\x1b(\xd0\xca3|\xc7\xb3~\x881\xbd\
9\x5c\x04\x09\xec\xef*\xc2\xfe\xee\xde\xd5\xd7\xbb^^\
\xa2#\xf3l7o\xa1U&h\x97)R\x06\xe8\x99\
4\x01\x22Q\x5c\x05*~g\xe0\x12o\xe4\xcem\x93\
\x8c+n\xbeAm\xed\x06\xb9{9\xb2J\xdfZ\xee\
b\x87\xc9\xaa\x1dr{\xf7b\xb7\xb7\xdf\xea#\xb7\x1f\
7yv\xf1{\x8d\x87<\xbfz<g\x8c\xbd\xea\xdf\
+\xddu\xec\x86\xbd\xca\x93\x1b\xfd\xdf+\xef\xd9\xa6O\
\xf6\xe7l\xcb\x5c\xaa|\xe4\xc6\xf8\xc83\xfd{\xb5K\
\x9eY\x86\xdc\x88\xdb\xab\xfc\x85\xa6O\xcar;\xff\x85\
\xd6\x7f\xa9\xcb\x93\x1b\xb2\x22\xcf\xf4_h\xfbdU\xe7\
\xd6zjYYql\xb7\xdb\xf1\x19\xe2\xb8,\xcb`\
r177wV+\xe7\x94\xf6h`\x0b\xe1p]\
\x06Y\xb5O)\xa7g\x80IlWO7\x04B(\
@)\xc2D&\xd7\xc8QJ\xa3M\xd3\x14\xbd\x99i\
\xd3i\xedM\x00\x00\x10\x00IDAT,,\x9dV\
J\x8e\x87?\xeaa8v\xc3Q$\xdd\x12%s\xa8\
\x1a\xe4e\x86\xac\x18\xab\xef\x90\x12\x9c\xa1\xc8\xc6\xe8\xc8\
J\x10P\xc2p\x1f\x0d\x04\x95\x99\x80\xc3 q\xbe \
\xa9\xa2;\x03\x97t\xa3\xa4\x9en@}qs\xfeb\
\x9d\xc7J\xc9\xc6r(\xa5\xd4;g\x12\x02ZI[\
\xbaC\x1b\x90~\x91\x8f$\x99\x1c\x12\x18@\x91\x81 \
I%L\x95\xbe\x01xuu\x02\x94>2\x09\xa8\x8c\
Q\x8a<\xd5(\x8aR\xe7\xc0(\xa2%&\xd7yq\
\x9f\xd4<L^\x0b\x11\x17\xbby\x18c\xdc\x1a\xe0\xe3\
\xf7\x7f\x08\xb37N\xe3K\xff\xe1\x17\xe1\xd6\xc7=\x04\
\x0b\xc3\x05\xf4\xb3U$\xed\x04c\xf5\xdd\xf3\x13\xaa\xdf\
V \x93p\xea\x84\x8f\xc6\xb9\xceu\xaa\xfa\x88R\xfd\
\xcbKQ(\x8d7\xd3\xb9\xcd\x92\x12\x15\x0a\x84\xb4\x85\
\xf8\xd56\xe5i\xb3\x85\xa4\x00R\xcd\xa96\x88n6\
B\xb3]=\x12\x08W\xcfP\x0f\xc6H\xff\xf7\xef\xfe\
6;\x19\xe2E\xa9\xe7\xc8\xe6Nk\xc5b=B7\
\xa7u\xff\x01\xf34\xddm$\xd0H\xa0\x91@#\x81\
\xfd!\x01\x93\x12\xf7\x84\x94\xe2(\xa5\xd1\x0ae\x1d\xb6\
{)AU\xaeVu,\xa4p\xaf\x01rQ*\x0e\
 \x09\x130h+\xc5\x88\xd8\x22\x16W\x96\xf0\xd8'\
<Z\xb4(G&\x92\x93\xcb\x17\xa4\xc9\x18\x1e\x8b\x15\
}\x136\x15\xd9\xb4K_V\xcdU\x94k7\xaa\xd0\
A?j\xf0\x1eB\xb9\xe6\xda\xbf6\xd2N\xb7\xb5n\
\x11\xf1+`\xfd\x95U\x8c\x06\xc3\x98\xa3\xd3j\x8b0\
TeL@,\xe7\xe1\xb0\x8f\xc1`\x15\xfd~?~\
\x12\xdad\xb8F!\x92\xe0|\x86\xe5l\xc2\xe2\x8a\x0a\
\x1d\xa2\xbc\x13\xa8>\x80iP\x9b\x09B+\xe0\xf85\
\xf3\x91\xb4\xac\xae.bu\xb8\x8aT\xe7\xaf;\xddA\
\x92\x02\x83\xf1*\x96\xb3\x05<\xe6I\xb7\xe1\xf3\xbf\xe4\
\xb3q\xc3-\xd7b\x90\x0ft6GhuZ\xb0\xe5\
\x07k\xe3\xc0\xfa\x16\xd6}\xf1\xfc\xe9\xa4\x16\x14i\xa3\
rJa* \x92%=I\xdcF> W\x9f\xcb\
H\xc8\x00\xf7\x99\x22O\x89\xe6x[\xad|\xff\x0f7\
\xff[g]\x98W\x81gc\xe6\x5c\x05\x83=(C\
\xf4\xca\x03u\x91\xfbb/t\x86|\xe1\xba\xef\xd4\xcd\
,Q@\xd74J]\xdcF\xe1\x84\x06\x8d\x04\x1a\x09\
l+\x01\x92Qa\x22\xb7w\xb7-t\xf9#\x9b\x16\
\x1b\x09\x5c\x11\x09X\x01\xb4\x12k\xb7\xee@[\x96\x1e\
\xfbI\xdaY\xc7d\x9e\xf5\xc8\x0b\xf6\xec\xfe\x04\xb3\x12\
m%\xdcm\x93\x8c\xd7\xf2\xf2\xf22\x9e\xf4\xa4'a\
~~\x0eY>\x92\x05*\x8b\xf1$+\x85Vn\x92\
$\xf2S\xbd\xd3\x034*\xbbv\x15<\x94\xfbv2\
\x14\x9b\xd0\xb8\x07\xc31r\xb1\x02[\xc7:\x9d\x0e\xba\
S\x1dtzm\xb4{-!\xc1\xb8\x18J\xed\x1f\xa3\
\x0c\xb9\xc8\x09\x14\x97bj\xb6\x8b\xd9#=\xcc\x1f\x9b\
Fg*\x89h\xf7\x02\xd2\x0e\x90\xb4K\xe5+Dh\
d\x12J2\xc5Q\x80\xc2\x05\x10\x0a\xd5\x95\xa9\xbd\x11\
\x86y\x1f#\xe1\xce{>\x85\xc1h\x15\xdd\x19\xb7\xdb\
\x82\x09\xce\xe9\xa5\x07\xb1\xdc?\xadB9>\xeb\xb3\x9e\
\x81\xcfx\xe6\xd3\xf1\xf0\x87?TD(\x81\xc9\x96\xc9\
j\x92R\xfe\x8a\x94\x89\x05c\xa7-3\xb1Q\xabN\
\x97Q'.\x12\x07\x0d8Qw\xa8H\x13a(\xa1\
\x90\xb5\xc7\xbd+\xa5W\xc9\x1e\x14\xbf\xc2\xa6\xe4f\xbf\
\x8a$p\x98\xef\x00\x07\xf64\xb6\x8b\x1cI\xa9\x9b\x89\
.\xcc\xdc7\x10\x01\xa0\xaey\x01\x90\x1bPh5\xc3\
\x80nhh\xb6F\x02\x8d\x04\xceK\x02$A\xee\x8c\
\xf3\xaa\xb4)\xd4H\xe0\x00I\xc0D\xa2\xee\xae\x89O\
\xb7\xdb\x15Q(a\xa2Q\xc7O\xe6q\x9c\xc3\x86\xfd\
\x97\x06U\xad\xee\x83\xdbq\xbf\x1cS\xf93\xcc\x1f\x99\
\xc3m\xb7\xdd\x16\xaf]\x93\xa1B\xcfK\x92\xce\x12\xe3\
\xc8D$\xc8\xcfPT\x0b\x83N\xd1b!\xfc\xbc\xac\
\xddu\xbf\x13\x0f*\x0au|\x0dR\xfc\x01j\xc0R\
\xeb<\xc62E\x9at\x11\x98\xa2(\x09[9\xb2|\
\x0c\x93\x8f\xe5\x95S8\xb9p\x1fz\xd3\xa9\x08N\x82\
\xb4M\xe9\x14c\x91\x9f>V\x06\x8b\x91\x8c,,\x9f\
\x84?\x0e0\x18\xaf\xc4\xf8\xac\x1c\x8a\x14\x8d\x81t,\
\xc2\x93\x89\xf8@\x96\xb5\x012\x0cE7\x04\x8e\x94>\
D\x11\xc6\x22?&P\x19\xba\xd3\x09z\xb3-tz\
\x89\x08\xd0*\x16\x96\x1fD)\x92\xf4\x88G=\x1c_\
\xf8\xf7>\x07\x9f\xfd9\xcf\xc4\x89\x13G1\x18\xaa\x0d\
\x7fZ:\x153C\xa9s\xa76\x02 e\x07;m\
\x1a\x12r\xe5\xc9\x89j\xbe\xaa\xa8x\x0d\xfc\xbbg\x16\
e\x8cs\x9eR\x96&$A\xe3+T]!\xa2S\
\xa0\x9b\xe7;U\xdb\xc4\x1fR\x09h\xaa\x1c\xd2\x91\x1d\
\xe0a=\xff\xc5\xff\x97\x09F\x00\xb5.\xc1B\x17)\
\xe2\xe6\x0b9\xf8&\x06_\xb8\x88\xf1\xbe\x98cbs\
h$\xd0H\xa0\x91@#\x81F\x02\xe7(\x81\xb2\x94\
\x96\xa82$\xa3\x82\xd8\x91\x05\xa0\x8e\xb3k(9\xee\
\xf6\x1b1p\x19\x0e$#\xe9r\x9b$\xa3\x12\xec\xfe\
-,,\xe0\xf1\x8f\x7fl\xb4\xee\xf8\x0d\x88Q\x96\xa1\
\x0c\xea\xbf\x14\xdfB\xca\xb2\xe1\xdf{\x94PD|H\
\xcaE\xbdY\xed\xa9Q\xc7\x1dD\xb7\xb4&\xb0\x81\xb2\
\x1e\x83\xc7Z\x81i*BR`\x98\x8dei\x19\x81\
2y\xb4zD7ZlR\xf4\xc7\xcbJ[\xc6\xb8\
\x1cH~JOs\xb4\xba\x10\x94GD%\xe9\x14\xa0\
\xc8M\xceU\x8c\x8aE\xac\x0cObq\xe5>\x9c\x5c\
\xbc\x1b\x0f.\xdc\x89SK\xf7\x89\xc0\xdc\x8f\xe5\xc1)\
\xd5\xbf\x8c\x22\x19\x8a\x04\xa9\x8e\x1ed\xcd\x09\xe8L\x07\
 \x19!\x0f}\x1c\xbdf\x0aO|\xea\xe3\xf0E_\
\xf29\xf8\x82\xbf\xf7\xd9x\xe6g\x7fz\xfc\xc8\xc4@\
D\xa7,\xc7\xe8\xf6Rt:m\x11\xb3\x91\x06R(\
\xdc\x91\xbb\xfb\x1e\x89\x0e\xab<&8\xa9\xad:%l\
\xcc\x89(\x08\x94&:\x89\xc8\x0fK\xa4\x9a\x1b\xa2\xf2\
h\x0f\xd7\xacFU\xd1\x83qlzyA\x12\xd0L\
\xbc\xa0\xf2M\xe1K$\x81T\x17?\xb5f\xa2\xa5\x88\
\xd8\x82\x89\x0e\xcb\x00\x16A\x17\xb1\xc8\x8en\xe2\xbe\xd0\
cbsh$\xd0H`[\x09\x90\x04\xb93\xb6-\
\xd4D6\x12\xb8J$@\x8a \xecBv&\xc5`\
\xc21\x19\xbe\x1c~\xb7I\xae]\xbf\x01\xb0\x85\xa7\xd3\
m\xe1\xf4\xe9\x93\xb8\xe6\xda\xe3x\xf8#\x1e\x86\xa9\xe9\
\xae\xac\x16cuGZ.Ds\xe2xjW\xd1\xeb\
;\xe53\xe4\x1c\x9a\xddc\x9e\x1c\x8c\x84$\xfa\x03\xa1\
\x10\xfc;\x1d\xcb,I\x88N7A\xd2\x0e\x22/\xb9\
\xc8\xcdj$'\xa3\x5cn\xd1\xd7\xd2\xea\xaa\xb4\x8d!\
\xb20\x92[\x85G\xc5\x0af\x8fwq\xcd\x0ds\xb8\
\xf9\xd6\xeb\xf1\xd8O\xbb\x15\xcf\xf8\x9c'\xe3\x8b\xbf\xec\
\xf3\xf0\x95_\xf3%\xf8\x9a\xaf\xff\x0a|\xeb?\xfdz\
|\xebw|C\xc4?\xf9\xf6\xaf\xc7?\xf9\xf6o\xd8\
\x84o\xff\xceo\x89\xe1o\xf9\xd6\x7f\x8co\xfc\x96\x7f\
\x84\xaf\xfa\xea/\xc5\xa7=\xe91H;%\xee\xbc\xe7\
\x0e\xf8\xff%\x05\x110c<V\xdb\xf9\x00\xedv\x8a\
\x96`\x8b\x1dv\xd9Ldt\x96\x91\xc7\xf3\x0dP\xa4\
\xd6/\xc1$\x19\x918\x11\x80\xa2\x84\x02\x05\x0b\x94\xb2\
?\xa5(\xd0\xc93|\xe7\x0f7\xffHT\xe2\xb9\xaa\
\xf6pU\x8d\xf6\x00\x0d\xd6\x17\xa4_e\xa3n=\xd0\
e\xea\xae\x9b\xf0\xd4'\xcc\x17\xb1\xaf\xe7\xd2\x09\x9b\xd1\
\x84\x1a\x094\x128K\x09\x90l\xc8\xd0Y\xca\xaa\xc9\
v\xf8$@V\xf3\xdf##\x19\xc9D\xab\xd5\x8a\xae\
\x89\x86\xe3\x8dI\x7f\x1d\xde\x1a\xe7\xf8\xf3C\xb1M1\
*\x8e\xd1\xd2de=\x84\x10-<\x90\xb2j$)\
1\x18\xae\xe2\xf1Ox4\xe6\x8f\xcd\x01!\x87-<\
\x05\xcbXF\x85\xe1\xdf\xed\xd8U\xa2\x9c\xfa\xc9)/\
\xe8\xc3!\xc2\x16-@\x8b\xa2\x85\x88\x8e\x07h\xb9\xa5\
\xed\x16\x92V@VdX\x1d.\xc8\x0a\xb3 \xb5_\
\x16\x18\x11\x8e\x137\x1e\xc3-\x0f\xbf\x11\x8f}\xc2m\
\xf8\xcc\xcfy\x1a\xbe\xfc+\xbf\x08\xdf\xf0M\xff\x08\xdf\
\xf1]\xdf\x8c\x7f\xfe\xdd\xdf\x8eo\xf9\xb6\xaf\xc7?\xfe\
\xe6\xaf\xc1W\xff\xa3\xbf\x8f/\xf9\xf2\xcf\x975\xe6\xa9\
x\xe2S\x1f\x85G=\xee\x16<\xfcQ7\xe3\xf8\xb5\
\xb38zb\x06G\x8eOa\xe6H\x07\xbd\x99\x04\xad\
\x1eD\xaaJ\xb0\x95\xa1\xe0\x00\xa5,;e\x18b\x90\
\xad`q\xf9$\x96\xfa\xa7u\xae\xc6\x22\xa9)fg\
{\x227\x09\xf2b\x84\xfe`)~f\x9a\xc1=\x07\
F\xa3\x81<\x85\xb0\xf3\xeesn]\xc8s\xb1\xd6\x8f\
\x5c\xdcV\x1e\xc7\xe5E\x81\xac,T\x7f\x06U\x8e\x1f\
y\xf6\x0f\xb2#+\xe0\xce56)\x87U\x02\x9e\x17\
\x87ul\x07z\x5c\xbf\xfa\xc2\x17\xb2\xa3\x1b@K\x17\
+Qh\xd5\xa2\x1a\x0eu#\xab|\xcd\xb1\x91@#\
\x81\xb3\x93@\x93\xab\x91@#\x81\xed$@2F\x93\
\x95\xeb\x80\x15d+\x8a\xf6\x1b\x93\xfe\xed\xc2\x8e;?\
\x14{\x16s\xdbE\x99A\x5c\xa7\x82,\x14y>\xc6\
\xf4t\x0f\xa7N\x9d\xc4C\x1fv3\xe6\xe6\xa7@/\
\xe9S\x0a\xadV\xf0s\xa9\xf2L\xc2\x04\xd9\xa9\x9b\xd9\
\xac\xee\xb0\xac\xe3\x0f\xb0\xab\xf1\xc2\xc0\xc6`\x8a\x18\x06\
\x22\x09\xd0\xd0\x0a\x91\x9cq6\xc0\xa8XE{\xaa\x85\
G\xdcv\x0b\xbe\xf8\xef\x7f!\xbe\xed\x9f~#\xbe\xee\
\x1f\xffC|\xd5\xd7\xfc}|\xf1\x97|\x1e\x9e\xf2\x8c\
'\xe1V\xa5\xcd\x9f\x98F\xda\x117`\x1f+\xfd\x05\
,\x0dN\x89$\x9d\xc2\xcax\x01\xc3l\x09\x03Y\x83\
\xc6\xb9\xac?\xb2\xfc\xe4\x18\xc2\x84&\x93\x9b\xa3\x8f\xb1\
\xacDY\xb9\xe6\xca\xef6\xc7\xb2\xd68\x9di\x8e\xd0\
.aw\x5c\x0e\xe0\x8f\x15\x0cG\xab\x18\x8eV\xe2\xb9\
\x9d\x99\x99\x8a\x16\x9d\xc1@}\x15\xd1\xf1o\xc7\xd4\xfd\
\xbd\xf7\xb5\xf1\x8a\xe5\xc2\xe7\xd4\xa8\x0b\x95\xb6\xfah\xfc\
\x14\xc1\x09\x9a7\x8e\xff\x96\xe6+l\x16\xc3U\x87\xcd\
W\xffU7\xfc\xfd=\xe0\xde(C[\x17i\x92\xeb\
&Q\x22^\xc8X\xdbJ\xadV\x94\xba\x90\xf7\xc2Z\
\xf6+\xe6\x04=\xa5\x0c\x92 7p\xc5:\xd44|\
Q%@n\x9cS\xf2L\xff\xd96Fn.\xeb9\
c\x90\x9b\xe3\xc9s\x0b\xef\xd5\xfe\xe5\xba~&\xdbq\
\x9f\xea\xb0\xfd\xbb\xa1\xce\xb7\x93\xbb[\xd9\xb3I#w\
\x97\xe7\xd9\xd4\xd1\xe4\xd9\xbf\x12\xd8i\xde\x94k\xcf\x8e\
L\xcf\x17\xf7>\xd73\xc6\xaf<\xf5z=\xd8\xb2c\
\xbf\xe3]\xde\xee$\xc8\x8d9\xe3tc2\xdd~\xb2\
\xcac\xff\xd9\xa1\xd8\xc86\xb1\xa0G2\xf6\xa7\xd0\xa2\
\x9f\xfb\xe8{\x82\xdb\xcb\xb2\x91,\x03m<x\xea>\
<\xfd3\x9e\x8a\x13\xd7\x1fGQ\x8e\xa35\xa0\xd5J\
U\x97\xeaSYy\xaa}\xa2NGL*\xc4\x0e\x9f\
-\xdc\xf6\xe5\xc4\x9e\xfd*Jt\xdb\x1d\xd4\xf2\xe9L\
\xc9/r\xb8\xba\xba\x8cN\xa7\x85n\xaf%\x82\xd2G\
)\xcb\xd7m\x8f~\x04\xbe\xea\x1f|\x99\xac4_\x89\
\xc7\x7f\xda\xa3\x90N\xc9\xda#\x922\xce\x87\xe8\x8fW\
\xd1\x1f-cE\xd6\x95\x81\xc8\xc7\xc8\x04\xa5\x18\xc2$\
\xc5\x84&\x93ls\x8c\x14\x1e\x89J\x0e\xe4\x0e\xe4\x8e\
Dt\x14\xa6\xa0z2\xa1\xb0\xdf\x90?\xc3\x18\x10\x09\
\xf5\x07\x09\xca\x90)\xffX\xfd\xc8\x80\xa4\x90\xe5GN\
\x9b`\x02$\x22\xb0d\x89\xa2\xcc\xc5WJ\x11\x9f\x10\
u\x05\x9fo2\x01\xc9\x88M\xb2\x88\x04\xa7\x90\xfd\xaa\
J#+\xd7y\x0a\x94j\xabT]D\xbb\xa5\xf2\x9e\
\xeb\xa3!\xa6\x14\xef\xf4\x06W\xa7\x04\xc2\xd59\xec\x83\
1\xea_\x7f\xe1\x8b\xd8\xd5\xc3\xa8\x93\xeb\xa2\xd6\x05\xeb\
^\xdblk\x97P\x9c`\xd7\xe1\x06\x8d\x04\x1a\x094\
\x12h$\xd0H\xe0B$@VJ#Y\xb9\x17R\
\xd7\xd9\x95-\xce.[\xcc\xe5\xbc\x82\x14cF\xcd\xa5\
@&E\xfd\xf85G\xf0\xc4\xa7<\x01\x0b\xcb\xa7\xd0\
\x9b\xee $\x88\xa4\xc7.Y\x8d\x83<?76\xbb\
\x8f\x0f&9&\xaci+H\xb9/\xb0\xb4\xb4(b\
\x00\xf4f:\x18\x0c\x97p\xcf\x03wbj\xb6\x8d\xa7\
>\xfd\x89\xf8\x9c\xcf\xff\x0c<\xe4a7`\xb9\xbf\x84\
\x07N\xdf\x8bQ&\x12\x14\xada\x19J\x11\x14\x88\xc2\
\x941,\xd2!rdk\x99I\x0a\x14\x17]S\x08\
\xe6\x92F\xa9\xfc\xa5\xdc\x1c\x85H\x8c\xd3\x0b\xe5\xa9\x5c\
\x9f\x9f\x0c\x05\xd7\xdc\x98^\xac\x85\xcft\x01\xe5SM\
\xf5J.I\x87\x04\x9f`C\xde\xf5\xdd\xe1\xb5\xfc\x8a\
\xf3kk\x9a\x0a\xb1(UO\xec\x91\x8a\xe7\xaa\xa3\xa4\
\xf3\x02\xa5u\xa7\xac\xc0\x94\xcc\x5c\xff\xfa\xd9\xcfU\xaa\
\x0a\xee\xb07\xd1\x87[\x02\xd5\x8c8\xdcc<\xd0\xa3\
\x9b\x1e\x17\xe8\xac}aD\xd7\xab.i \xdeHP\
\xe8\x22/\x0e\xf4\xd8\x9a\xce7\x12h$pe%P\
j\x11e7\x5c\xd9\xde5\xad_j\x09\x90\x94r\xbc\
\x01[N\x0c\x92\x97\xba\xe9\x89\xfa\xb7y\x8e\xd9\x12#\
\x94\x85\xfa!\xb7\xceLk\xb7z\xf6\xe9)\xa8~K\
\xe9\x96R\xde\xea\x12\x8f\x7f\xfc\xa3q\xf3Cn@\xfc\
\xc1{Z\x82\xa9\xac\x16\xb2p\x94\xca_F\xc5\xbbj\
\xc3\x0a\xb2Q\xd5W\xc5U\xfe\xfdy\xdc\xed\xdat\x1a\
e\xf90\xd9\x91Y\x04\xd08\xf3|\x0c\xff\xd8?$\
\x19\xfcy\xe9#G\xa7\xf0\xb4\xa7?\x01O\x7f\xe6\x93\
0{\xb4[\xfd^&\x8c\xd0\xee&\x18\x97#\xe4\x22\
)F!\xa1T\xae\x08\x8c\xe2\x8a\x88\x8a\x9c\xf8\x14l\
\xc6F<P\x22Bmo\xeb\xd6\xe9;\xb8$AR\
E7@\xd9k`eg\x12\x8eC\xbdm\x9c\xb7\xa4\
,l(\x8a\x09\xeec\x16\x88LZm\xae\xea\x1cY\
\x8e3\xe9O\x05\xa6\x9d\xe8\x88\x06W\xad\x044-\xae\
\xda\xb1\x9f\xe7\xc0/o\xb1_\xf9\xdd\x17\xb27\x86\xac\
\xc1el\xd8\xdf\x95/\x90\xc3\x17y(r\xe8^\x1e\
\xe3\x9bC#\x81F\x02\x8d\x04\x1a\x094\x128\x17\x09\
\x90\x5c\xcfN2*\x9e5\xd9!\xb9\x9e\xb6\x9f<&\
<F\x99\x14hu\x02N->\x88\xceT\x0b_\xf8\
\xc5_\x80q1F\x96\x8d\xd1\x9b\xea\xc0\xafAm\xee\
w\xad$\x97\x8a\xae\xfd\xf2\x1e\xe0=MSYt\x88\
\xe1p\xa8sWb\xba\xd7\xd2\xf8\x87\xe8\x0fN\xa33\
\x13\xf0y_\xf8L<\xf6\xf1\xb7\xa1=\x15\xf0\xc0\xa9\
{pR\x16\x9dB\x04\xb13\xddF*B\x08\x11\xc7\
2\xbe>\x96K\x0a\x85\xea\xb2+\xaf\xc9\x8b!o\xb5\
[f\x95\xaf:nU\x1d\xeb\xf4\xadn\x95{\xfb\xe3\
\xc6\xfc\xa2H[\x95\xa7\xaa\xd7a\xd2\xe9\x0e\x1bU\xea\
\xe4\xd1\xa9\x89\x9a3\x1co\xdd\xc8D\xc70\xd9\xf1\x19\
\x0e\xb6\xea0\xc5\xbf~\xce\x0f9\xbb\xb35\xb8J%\
\xb0\xfd,\xbaJ\x85\xb1_\x87\xdd\xc9r$~gY\
$'\x97\x19\xd9\x0b\x1e\xf0\x8a\x86Ve\xb1\xe9\x86\xb4\
_G\xd0\xf4\xebPK\xa0\x19\x5c#\x81F\x02\x07V\
\x02\xb6\x10\x18$a\xa2c\x90\x84\xe3\xb0\xdf6=\xef\
(+D\x84V\xfa\xd2\x16e\xcdY\xc1\xf2\xf2i<\
\xea\xd1\xb7\xe21\x8f\xbd\x0d\x83\xe12\xfc%\xaf`\xed\
F\xf9\x01i\xc4R\xea\xab\xa1\xc8\x1f\xe3\xaa\xd0A?\
\xe6R\xe6\x13$\x22ve<_A\x9a\xff\xf2\xcaI\
0dx\xf2S\x1e\x87\xc7?\xe1\x91\x1ay\x1f\x0f\x9e\
\xbc\x07\x9dN\x82\xf9\xe3s\x18\xe7\x03,,\x9d\x06$\
G\x13\x1d(\x87\xb1~\xbe\xb7\x95\x0f%\xaa\x1aa\xcd\
/g\xc7\xbd\xce\xbb\x9b\xeb\xc2\xae\xabBEp\x12E\
VaDk\x8e\xfd\x8a:c/\xc0\xa8\x03\x01\xfe'\
\xa2N\xb6\xf1\xc6Dg\x1c\x80\xcc\xd5(2\xe4%f\
\xfc>\xa3\xfc\xcd~uK@\xd3\xe2\xea\x16\xc0A\x18\
\xfd/\xbf\xe4\xff\x91\xea\xa8IN!\xd7\xaf\xb1\x05\xdd\
\xa0\xa2uG\xf7nE5{#\x81F\x02\x8d\x04\xce\
Y\x02Vpv\xc39W\xd8\x14\x88\x128(\x07\x9f\
{\xf7\xd5\xaeA\xfaI\xe3\x18D\xe5\xb9\xf2\xed\x8f#\
I\x90\xdc\xe8\x8c\x94\xf2\xbc\x18bj\xb6\x83a\xde\xc7\
J\x7f\x09\x9f\xf7\x05\x9f\x8b\xe9\xb9i\xf4\xfb+\xb2\x5c\
$1?\xc95\x17\xa8IRt\xa5\xecG\x97u\xfa\
\x99.\xae\xf0\xe6s\xb23\x80\xf10S\x0f\xc3\xdaG\
\x1c2\xac\xac,!\xb4\x80\x87=\xfc&|\xfag<\
\x11\xc3l\x05\xfe_:\x05G\xf0\x87\x02BZ\x22\xa4\
\x94\xf6\x90c8\x1e\xc8-\xe3yv\x1b\xf0&\x99\xda\
\xd9\x11\xf1\x95BjrXu\x94\x0bc\xc7\xdc\xbb'\
\xa8.\xca\xa2cT\x19]'@\xc5!\x0b\xd7\x98$\
\x00\x00\x10\x00IDATnU\x18\x91\xf4\xc4\x88M\
\x07\xa7\xa62D\xc9\xc0\x17\xe3Mvj\xeb\x8e-;\
\xd6\x97Z\x0ch\x8d\x0a4[#\x01\xcf\x97F\x0a\x07\
@\x02,tUk\x85*\x0f\x85nPE\x5c\xd5@\
\xd10\x9d\x03p\xea\x9a.6\x12h$\xd0H`_\
J\xc0JnQ\x14Q\xe1\xad;H2z\x9d\x16=\
\xfb\xe1`%\xdcP_HB{D\xa1\xe7b\xa7\xd3\
B\x92\x04,--\xe0\xba\xebN\xe0)O}\x12f\
f\xa7\x91\x17c\xe5.\x80X\xeep>+\xc9\x04\xe3\
\xf1\x18\xadV+\x9e\xc3\x91\x08\xcc\xad\xb7\xde\x82\xa7?\
\xe3)\xe8\xf5\xda\xb0\x95\xa7\xdd!\xfc\x0fEW\xfb\xcb\
XZ^D\x08D\xb7\xdbQ~\x9f\xf7\xdcZE%\
#\xcbI\x04\x04\xbb\xc1\xc4\xc3\xe9k\xae\xf8\xa2\x0cD\
\xdc\x06P\x9c\x11\xe4F\x9c\xe1\xa2\xdeT\x1fe\x9d\x9a\
l\xd7a\x03\xeb[\x90\xcf\x90\x13w\x9dWiB^\
\xf0\xa5\x5c\xf7\xc3g8g\x80Q\xba\x7f\xca\xd7\x09)\
\xc6+}\xf9\x9a\xfdj\x97\xc0\xe4\xec\xb9\xdae\xb1\xaf\
\xc7?\x9d\xf5\xd1\xcdG\xe8\xe49\xaa\x95\x8cT7\xa9\
D}\xde\xfe\x14zU\xa3F\xa1,\xb5\xdf\xae\x0a\xc5\
[\x81\xa2\xedm\xd0H\xa0\x91@#\x81F\x02W\xb9\
\x04\xf6\x15\xb9\xd9\xf3\x5c\xb0\xca!\x05=/FHl\
\xb1h\x03\xa7\x17\xee\xc7SEv\xae\xbd\xfe\xb8,\x17\
\xab(\x98\x0b\x05\x22\xe1Q^\xacmV\x8e\x8d\x18t\
\xfcn\x88\x99\xaa\x83[\x9dD\x15{e\x8e\x94vo\
\xa2W\xbf\xb2'=\x1fH\x88\xdb\x1e{\x1b\x1e)\xdc\
\xf7\xe0\xddH{)\xfa\xf9*\xfa\xa3>\xda\xdd6\xda\
\xed\x14\xfeg\xac\xfe_6\x9d\xb6\x04\xb6\xd6\xf5\xd2f\
\x11\x91\x8e\xb5\xe098\x17\xa6Ex\x0c\xf5\xb9\xb1\x95\
\xad\xf6\xaf\xbb\xb1':\x7f\x9b\xdc\x18\x88\x87,)\xe1\
\x8f+\xb8\xfbT\xff\x83\x90\x14)\x12\xc9\xc6\xaf\xb7u\
P\xe2\xd9\xff\xee\xd9\x8c\x99\x9b\xc3U-\x81\x0b\x9b\xa9\
\x97BtM\x9d\xdbJ\xe0\xf9/z\x01\x8f\xad.b\
f0D{\x0c\x14y\x07\xa3\xd0\xabV1|)S\
7\x845\x94r\x0d[\x81\xc6\xba\xd9\x8f\x84\xb1\xee*\
F!\xb6S\x0a*\x08\x83e\xa9\x15\x9e\xcd\x98\xec\x80\
\x1f\x80\xbb\x81$\xc8\x9d1Y\xd7\xf9\xf8\xc9\x9d\xeb&\
\xf7N;\x9f6\x9b2\x8d\x04j\x09\xec6\xf7\xcf&\
\xad\xae\xe7|]r\xf79~\xbe\xf5\x9em9\xf2\xca\
\xb6\x7f\xb6\xfd<\xac\xf9\xc83\xe5?9V\xb2J\x9f\
\x8c\xb3\xbf\x9e\x9b\xf6\x93U\x1e\xb2r\x1dW\xa7\xdb%\
\x19-\x03\xfeA\xff\xd4\xd4T|\x1e8\x8f\xe1\xf4\xdd\
A\xe5\xdf\x19X_V\xb3\xaaq&H\xee\xfa\xfc \
\xd7\xd2\x91\x80k\x80\x14\xda\x08\x00\xa1\x15\xb0\xb4\xba\x84\
V\x97\xb2^\x04,\x8f\x16\xd0\x9a\x02>\xeb\x0b\x9e\x81\
\x99c]\xe4\xc9\x10y9D\xda\x09\xf1\xe3\x05i\x9a\
\xa2\xad\x0c+\xcbCt\xdb\xd3\x88oG\xc8:\xa4\x07\
*\x8a\x22\x8b\xc8\xca\x0c5\xfc\xcax\xadx\x13\x05(\
%\xda\xf0\x82\xa3]\xaa\x0f\x17\x02=~%?L\xa0\
z\x16\xa3\xcc\x15\xb9\x81\xd8\xb6\xdbW{u\xe6By\
\xb2|\x88\xdeL\x0b\x83\xf12V\x87\x8bx\xd2\xa7?\
\x11\x8fz\xdcm\xb8\xeb\x81{\x91Lu\x91\xb9\x93\xb2\
z1MT\xccu\x13\xa9\xfe\x12I\xb3\xc8\x0a@,\
\xc1:A\xa1p\xae\xb1m\xa0\x90\xdcd\xf9\xd1\xe0\xac\
.Tpx\x12P\x9eR \x0a\x9d\xe7I\x94\xb28\
U J\x9d\xc3\xed@\xaar\x95d\xa9\xd6\xd7\x10P\
\xaa\xa6-\xd0\x18b\xbc\x5c:\x7f\x04\x90\x8b\xad\xae\xa6\
c\x0c\xdb\x12\x8a\xda\xe3\x98H\x07)\xa6\xa5\x1bus\
\x11\x9e\xe1\x08\xed\xe1\x8a\x12\x9b\xbd\x91\x004\xaf\x1a)\
\x1c\x18\x09\xfc\xda\x8b^\xca\xa9,C\xabp\x97\x83\xb8\
J\xbc\x058\x00\xf8\x01P\xf9t\xdbZ\xf3L8\x05\
\xab\x80\x1d\xdd#\xe2\x89\x0fUTs\xdc\xe7\x12h\xba\
\xd7H\xa0\x91@#\x81F\x02[%@\x90Td\x81\
L\xcf\xc5\x5c$\xa5\x14\x06\xe3UL\xcfu\xf0\xe4\xa7\
=\x01\xfd\xc1\x02Z\xbd\x80\xc5\xe5\xd3\x98\x99\x99\x82\xff\
Y\xea\x03\x0f<\x88\x1b\xaf\xbf\x19K\x8b\xcbz\x0e\x12\
\x94\xf2\xacJ\xe0/\xbc\x91\x94\xb7\x90\xca\xadG\xaa|\
\xdeMxX\xda\x07\xc4g\xa7\xfc\x0e\xdbo\xb7J\xb9\
\x12\xc7\x02\xc3\xd1\x0a\x8ar\x8c\xf1\xb8\x8f\xa3\xc7\x8f\xe2\
iO\x7f2V\x06+\x22?\x03$\xad4\x8e\xa3\xd0\
(\xdd\xbbR\x87\xba\xbf\xee\xbb\xa1(\xedg\xa3\x09D\
\xa5Cy'\xdd\xda\xaf\xe8\xf3\xdd\xb50\x8b\xbd\xe0\xba\
\x9d\xc7\xee\x04<\x9e\x91\x88\xeaH\xa4\xaf\x14kL\xa4\
\x03\xb5\x8a\x04iV\xa2+\xcc\xaa{\xcf\xfa\x91\xe7p\
\xa2H\xe3\xbd\x8a%p6\xb3\xfc*\x16\xcf\xfe\x1bz\
[\xabO\xa9.p\x22\xd7\x8d\xb7@}\xf3\x8a=\xd5\
\xc5\x1e\x04\x08\xa1\x08H\x0c\xf9[rM\x90\xd2\x021\
?u\x97\xa8\x81=6\x92z\x08\xec\x8c=\x8a7\xc9\
\x8d\x04\x1a\x09\x1c`\x09X\x89\xd8\x0dWhhM\xb3\
\x8d\x04\xa2\x04r)\xb5D\x0b\xe3<\x8f\xe1$ID\
\x00\xfa\xb2T\x11Ox\xc2cp\xdb\xa3n\xc5\xd2\xf2\
)Y}\x12Y r\x0cF#\x11\xa1Y\xb9C \
$()\x15\xc8V\x81-\x08\xb2\x22\x19\xd0\xf33B\
\xb5\xfb:\x90s\x89\xf6R\xf5\x96\xa0\x8e\x06\x22AQ\
\xdf\x1c\xd63X\xce\xda\xae\x87\xb8\xc8Y)\x05\x1fr\
\x83\xb2\xd8\xdf\x17\xc1\xf9\xdc\xcf\xfbL\x11\xba\x19\xb4\xdb\
\xedH\xfeL\xde\x5cHY\xec\x08\xdc\x02\xa7\x18\x8a>\
 ;\xe91T\x9d\xb5\xaf%+U\xc8)\xab\x15A\
Y\xafBR\x80\xf9\x08\xad\xf1\x08s\xb2\x16U9\x9b\
c#\x01\xc4+\xaa\x91\xc3\x01\x92\xc0\xaf\xbd\xe8El\
\x17c\xa4Z\xc1\xa2\x08Oi\x94\xbe\xd8K]\xf0\x15\
\xa8U\x0e\x16\x04\x8a\x12\xa1\xc0:\x92\x12\x22@hN\
\xfa\x01:\xdf\x97\xba\xab~\x80\xef\x86K\xdd~S\x7f\
#\x81F\x02\x8d\x04\xceW\x02\xa3Q\x8e$i\xa9x\
\xf0\x93\x10\xad\xae\xac\x19Rr\xfdC\xfdv'\xc1\xe7\
\x88\x00\x5cs\xe2\x08Jd\x18\x0cV\xd1\xed\xb5E\x08\
\xa6\xb1\xbc\xbc\x0c\xbf\xd2F\x12d\x02\x92\x80\x9f\x8c\x22\
7\x14\xd1\xe1z\x5c\x8c\x8d\xcfVh\xf3cUN\x0c\
\xfb\xbei\xff\x85\x80$\xc8\xdd\xb1S\xfd\xa5F\xdc\xe9\
\xb5\xb0\xda_\xc4C\x1ev3\x1e\xff\xf8\xc7ba\xf1\
$\xfc:\xde\xec\xdc4\x86\xc3\xe1\xf6E5Fh\xac\
R\x0d\xb6O\x9f\x88\xf5\x18w\xc3D\xd6K\xe2%\x19\
\xe53Y9\xc9\x18\xa4\xf4\x9e^\xd2\x11\xd5];\x7f\
\xe2m\x94LB>Fw4\xc4\xf7\xfd\xc8\x0fV\x19\
c\xee\xe6p\xb5K@\xd3\xe3j\x17\xc1\xc1\x1b\xbf?\
T\xd0.\x86\xba%\x8f\xd4\xf9B7r\xa0\xf4\x0a\x95\
n`\xf0\x8d\xcc\x90?\x91Eg\x12T8\xc0\xb7\xb8\
\x0a\xfe]\x8f*h\xf6F\x02\x8d\x04\x1a\x094\x12h\
$p\xb0$\xe0\xe7\x9c\x90J\xe1E\x99`<\x1e#\
\xc8\xd4\xd1\xea\x06\x8c\x8bQ$\x01\xd7^w\x14\x9f\xfb\
\xf9\x9f\x892\xe4\xf0\xe7\xa9\xd3v\x82\xd3\x8b\x0b\x98\x99\
\x9b\x83\x7f\xa3\xa4\x07\xa7\xc6\x1cP\xeay\xa9L\xf2\x13\
Au\x02\xd6\x93\x03\xbchX\x16\x95\x1f\xcac+J\
.\x85\xbazv\x16\xb8\xd0\x8dj\xb9\x02b\x8b\xd8s\
s\x9b5J\x8c\xb3U\x84V\x81/\xfc\xa2\xcf\xc5\xc2\
\xcai\xf4\xa6\xbbX^]\xc6\xd4TW\xe3\xcb&j\
\x0b\xf2\x0bql\x13\xaeb\x0f\xc2N\x12$\xd7\xbbJ\
R\xfa\x0fEtZh\x97m\xf8\xdc\x95:/\xd4y\
ns\x8c\x7f\xf5\xffk\x88\x0e\xae\xf6m\xcb\xf85\xeb\
\xb7\xc44\xc1}/\x81_\x7f\xd1\x0b\xd9\x91u\xa7%\
$\xe5Fw\xb5\xd0\x81\x82>\xa5\x86\xe3\x83n\xcf\xd8\
\x04\xc7\x1a%\xa1\xbc\xf6\xed\x0e\x92\xf1&Cn\xef\xee\
^\xbaIm$\xd0H\xe0 K`\xb7U]\xa7\x1d\
\xe4\xb15}?\xf8\x12h\xb5:\x08!\x955\x03\x18\
\xcb\xca\x93kU?I\x88V[D\xa0\x18`u\xb8\
\x80\x9b\x1fr\x03\x9e\xf6\xe9OV\x5c\xc0\xe2\xe2)$\
zh\x8e2-\x16\xb6Z(D6<\x8f\xcb\x12\xda\
(@V\x1b\xa3\x8c.P\xc5A\x9b\xf3\xc9Y\xdf\xcd\
\x81\xfc\x1c]\x8f\xb8\x04\x1e\x92 +\xc0\xbdUG\xdd\
\x8f\x08\x16X\x5c9\x85'<\xe9\xb1\xb8\xe9\x96\xeb\x22\
\xb9\xb35kn~\x0a\x0f>\xf8 z\xbd\xde\xa6\x1e\
1\x8e\xb1\xd6\x0d\xaa\xa4K\xdd\xff\xaa\x95\x8bw$9\
QY@9\x02\x82\xff\xb9\x8ebm\xd1Je\xc1\x9b\
IL\x06\x15\xd1\xec\x8d\x04&$\xb0y\xe6O$4\
\xde\xfd-\x81\xe9\xf1\x10=\xdf\xd8\x8b\x02TW}\x1f\
\xab\x91+\xa2\xbe\x11\x17\xd0)\xd6jNu\xa3SF\
\xedN\xcbC\x01\xa3P\xf8*\xdf\xaf\xea\xe1\xc7\x87\xe6\
\xe4\x03t\x8b\xff\xaa\x16N3\xf8F\x02\x8d\x04\xf6\xb1\
\x04\xf4lc\x82,\x07H\x11\x1c\x91\x97<\xcf\x14\x1e\
\x22\x88\xd0\xa4\x22<Y\xde\xc7(_\xc1\xd3\x9e\xf1D\
\xdc\xf6\xe8\x87\x81\xad\x12i7\xc1R\x7f\x11IK\xe5\
!\x0aQB\xc4\xa6\x5c\x83\xec,b\x00\xd4C\x92E\
\x09?7\xa9\xb0\xef\x93\xca\xba\xbe\xe7\xccc\xfe\xf5\x88\
\xf3\xf4\x04POh\x82\x5cC\x0c)v-\x0c\x85\xa1\
M]\xc0\x06D\xd1(\x949\x8e^3\x8f\xa7|\xfa\
\x13\xe1\x8f2L\xcdt\xb1\xb2\xb2 \x92\xd3\xc1\xaa\xac\
;\xfe\xdf;*\xaa\xc1\xa9>\xe9\x00U]AQ\x01\
\x05+W\x81]w\x8f{7\xecZ\xf8\x22$\x92\x8c\
\xb2\x99\xac\x8ad\x0c\xb2\x04\xf2Q)\x09%HB@\
\x90LRf\xe8a\x1c\xd3\x9bC#\x81I\x09\x84\xc9\
@\xe3?8\x12x\xfe\x8b_\xcc\xa9l\x84\xa4\x90\xa9\
\xba\xc8uC\xabn\xbe\x85L\xb9\xba\x0d\xeaXF\x94\
\xba/\xe8\xbe\x1do\x94\x1e\x9d\xfd&C\x86\xfdNw\
|\x83F\x02\x8d\x04\x1a\x09T\x12h\x8e\x8d\x04\x0e\x86\
\x04\x0a\x11\x12\x7fa-IZR\xf2+K\x86\xff\x87\
L\xa6g#\xa5\x0d\x9b\xf4t{\x09(\xf2c\xeb\xce\
M\xb2\xf2<p\xf2^\xcc\xcdMae\xb8\xacgd\
\xb1>\xd0Z\xa9_\x8f@\xa5\x1e9~\xfd\x01\xaa\xc4\
\x18\x96\x0b)\xd7\xc0FyG]z\xa8=\x8d\x0bB\
\x11r<\xea\xb1\x8f\xc4\xf4|\x17~\x95\xad\x94\xa2_\
\xa8O\x0f<p\x1f\xae9q\x1c\xc3\xc1\x00\xdc\xa9C\
\xf5\x83?\x92\xa0\x9d2\xed\x9fxr\xf3HH\x85\xd5\
w\x9f\xa1v\x9a\xa2\x9d\x04\xb4E\xfe\xba\xc5\x18\xff\xe2\
\xd9\xcf\xe5\xfe\xe9y\xd3\x93\xfd\x22\x01\xcf\x95\xfd\xd2\x97\
\xa6\x1f\xe7(\x81\xa9\xd1\x08]YwZ\xba\xc8\xeb\xff\
$\x5c\x06\xa2\xd0\x8d\xbd\x90\x9b\xcb\x9c\x9f\xa1D\xa6\x1b\
c\xa6\xdb\x9e\xfd\x91\xe4\xe8\xacg\x82\xfdu\x93$A\
Vp\x1c\xb9\xe1w\xf8j\x85\x1fl\xbba\xbf\xcbe\
\xb7\xbe;\x8d\xac\xce3\xb9\xbd\xeb<\xbba\xaf\xf1\x93\
\xdb\xd7KV\xf1{\x95\xdf+}\xb7\xbe\x9dM\xda^\
\xf5\x93U?\xc9\xf3s\xeb>lm\x87\xac\xea\xdb\x1a\
\xbf\xdf\xc2d\xd5Or{w\xbf\xf5\xb7\xe9\xcf\x99\x12\
\xa8\xe7`\xed:\x07\xb9\xf9|:\xcep\x1e\xbbg\x0b\
rs=\xe4\xb9\x85\xf7j\xc7\xfd1\x9c\xcfn\x0d\x87\
\x0d2A\x9a\xb6\x91\xe79\xfc\x83|?\xff\x82\x94\xdf\
B\xcf\xbd\xdc\x1f\xf1I\x89\xd3K\xa7\xb1\xb4\xba\x80\xeb\
n\xb8\x06_\xf4%\x9f\x8b\x9b\x1fz#>u\xf7\x1d\
\xe8M\xb71\x18\xf5\x91\xb4SUUb<\x1e\xa9\xae\
\x00\x93\xa4\xd1`(\x1e#\xd3\x81\x08\x0fI\x04\xd0\xfc\
B\xf96\xefu\x7f\xce\xc6\xdd\x5c\xb2\x0a\xf9\xd5+\xff\
\x0e\x08\x22mzL\xc76\xec\xc2dDHm\xad*\
\xb5\x84\xa9\xf1%z\x9e\x97\x01(C\x09\xa6\xa5,K\
cY\xac\x9e\x82q>\xc0h\xb4\x8a\x90\x14h\xb5\x03\
:]\x8dk\xb0\x0a\x13>\xb7B\x1f\xd6P\xc8ro\
\xd4\xfd]\x8b\xde\xb7NQ\x140\xdc\xdf\xc9N\x92D\
\x08\x01L\x12\xb9\x00\xc6\x03\xf8\xd5\xfec\x89\xfc\xcd\xde\
H`\x1b\x09\x84m\xe2\x9a\xa8\x03\x22\x81_z\xd9\xef\
sj\x9c\xa1#\xd3}*\xeb\x0e\xb5N\x85\xb5\xd5\x1d\
\xaf\xf0\x98\xcc\xf8u\xd6R\xe3\xb1\x15\xc7(\x19\xe2Z\
T\xa1;\xa0\xa1\xfb\xa9R\x9b\xbd\x91@#\x81F\x02\
\x8d\x04\x1a\x09\x1c4\x09\x14\xbbvx<\x1e\xc7\x1f\xeb\
\xa7-\xe2\xf4\xf2)\xf87-\x9f\xfe\xf4'\xca\x22r\
+\x1ex\xf0n\x1c;>\x87\xfb\xee\xbf+~\xaez\
\xfe\xc8,VV\x96\xb1\xba\xba\x8a\xe9\xe9\x1eH=$\
c\xed\x93j\x92\xfc,b\xec\xe58X\xd1\x8fJ=\
\xcb\xd8\x1f\xfb\xa5\xe3\x8b\xdc\x8dq\xe3\xcd7\xa0\xddM\
\xd1\xea$`$B\x858R\x01\xa7\xa7\x22|\xedv\
{\xe7.\xaa\xbe\x98x\x19\xc7\x12\xdb\xbb\x98\x07\xf5=\
\x11\x99\x85\xacx\xd3\x1a\xcf\xb1@\xfc\xd3\xef}v}\
\xd2.fKM]\xdbH\xe0\xa0E\xe9\xca=h]\
n\xfa;)\x81\xff\xf3\xe2\x17\xb0\x97\xe5\xb2\xf0dh\
\x17\x19\x12Yy :S\x86\xea\xc6W*\xb3\x09\x8d\
]r\xe3>\xe08%5{#\x81F\x02\x8d\x04\x1a\
\x094\x128\xc0\x12X{\xd6I\xf9\xad\x07\xe1\x85<\
#\xd3\x22\xa0\x8c3\x80\xac!\xfd\xe12\x98\x16x\xf4\
\xe3\x1e\x89'>\xf51\x98;:\x85{\xee\xbf\x13\xf3\
Gg\x91v\x02N\x9f>\x89D\xca\xf3T\xaf\x8b\x5c\
\x8b\x88\x01\xe5\xba\xa5\xa5\xb6,\xc4\xe7\xa6\x9e\xa3\xa5\x1a\
2\xe4\x5c\xf0\xae\xae\xb9{\x11\x1b\x95U\xaa\x99-V\
\x89\xac\x17e \x0a)\xf4Tf\x13\x1e\x8d\x18\xb7=\
\xf66\xa4\xed\x04\xc1\xbf=J\xf4\xd4\xf7\xef\x88\xe2\x82\
g\x11\x09O\x22\x02DY\x85\x8c\xba^\x97\x87\xe4\xe4\
\xaf\xc9\x19u\xfcAu\xa9\xb1\x14\xb2\xea\xcc\xe9\x5c\x1d\
\x93u\xec\xa0\x8e\xa3\xe9\xf7\xa5\x97@\xb8\xf4M4-\
\x5cj\x09\xcc\xc8\xfc\xee\x8f\x15tl\xea\x96\xe9>\xf8\
\x86\x07\xdd\x0e}#\x88@\x5c\x15\xc2\xda\xe6\x93\x1e@\
$\x82\xee\x9f\xb8\xb4[S{#\x81F\x02\x8d\x04\x1a\
\x094\x12\xb8\xd8\x12\xb0\x85\xa5\x04\xa4\xe4K\xd5\xc7\xa6\
\xad\x0c\x80`\xa2\xd0\xef\x0fd\x09\xc9\xd1j%\xc8\xca\
\xa10\xc0\x8d7\x1d\xc73?\xf3)\xc8\xcb\x01zS\
\x89T\xe5\x0c\xfd\xd1*\xba\xb2\x92\xa4i\xc0h<\x5c\
\x7f}\xaa,\xcbMU;@\x12$\xed=oP\xd5\
\x8a\xbb\xecZ\xdeM\x9b\xdc\x90\x1bm\x95Z\xd0L\xd3\
\x04\xb7\xdez+L\x5c\x0a\x8d\xdfp?\x0d[\x83j\
\x90<\xa3\x9f$q\xb16\xb7w!\xb8\xb0~H\xc7\
)\x06Hu\x0eg\xf21\xbe\xe1\x07\x9fu\xf1\x06v\
a\x1dkJ\xefC\x09\xe8\x8e\xb0\x0f{\xd5t\xe9\x9c\
$\xf0\xab/\xfd]Nk%\xaa\xeb\xff\x1c\xac\xd5\x8d\
\xb4(@\xdd\xbe}\xe5'\xba\xb1\xf9Vn\xbfo\xac\
\xa9\x96\xa6\x12\xa1U@V\xa0sj\xa6\xc9\xdcH\xa0\
\x91\xc0\xc5\x90@SG#\x81F\x02\x17G\x02\xccT\
\x8f\x1efZ\xdc\x93\x07z\xb4\x09Vk\xd6\x10R\x8c\
\xf2L\x04\xa7@\xd2I1\xcc\xfa8\xbd\xfc\x00\xda\xbd\
\x80G=\xee\xe1\xf8\xe2/\xfe|\xf4\x07\xcbX\x5c<\
\x89\xf9#\xd3\x18\x0e\x07X^^\x8c\xc4\xa8\x10\xa9\x08\
\xaa\xd7\xc0\x96\xadjgK\xe4y\x06\xb9K9\x92 \
+8\x9b\x7f\x87\x94\xcbZs\xf4\xd8<\x8e\x1e=\x82\
q1\xd6\xd82\x14Z\xd4\xd4\xea%J=\xe4\xed/\
\xc5\x92l\x15r\x19#\xa0\x94\x81\xab\x94\xb7\x88 K\
\xd5[\xca\x7f\x80w\x8d!\x88\xe8u5\xf6o\xfe\xc1\
\xef\xe7\x01\x1eI\xd3\xf5\xcb \x01\xdf\x11.C3M\
\x13\x97Z\x02\xbf\xf2\xd2\x17\xb3\x97\x15k\xaf\xb2\x152\
\x89\x17\xb0\xf9:B\x8d'\x05\x90\x82\x91\xe0$%\x10\
\x8a\xa0tD\xa0\xd9\x1a\x094\x12h$\xd0H\xa0\x91\
\xc0\x15\x92\xc0\xf97\xab\x07\x1b\x8c\xedj\xa0\xac3%\
Zi\x07V\xee\xfd\x83}\x86\x02\x0c\x19\xc6\xb2\x06\x14\
\x1c\xe3\xc9O{\x02\x9e\xf4\xa4O\xc3\xdc\xfc4\x16D\
x\xc6\xb2\xe8\xa4-Q\x03\x91\x05\xd7h\xd2`\xd8_\
\xa1\x88\x0eI\xd5\xc9\xe8?\xffCU\x17b\xffk\xff\
\xe6\xdaHF\xab\x94\xad;Nq_\x8a\x22\xc7-\xb7\
\xdc\x02&\xd0\xf8\xaar$\xe1<\xb6d\xd9\xc5\x0e\x1b\
\xe9>\xbb\xcc$v\xc8\xbc\xcf\xa3\x83H_G\xe7\xaa\
\x1b\xdfd\xd9\xe7\x9dm\xbaw\xc5%\x10\xaex\x0f\x9a\
\x0e\x5c4\x09\xf85\xb6v^ \x95u\xc7_g\xd3\
-[\xab9\x88\x84&\xf1*\x88\xeeo\xba\xd7#\x91\
\xdb\xd6\xd2T\xea\xa5 4[#\x81F\x02\x8d\x04\x1a\
\x094\x128`\x12\xd0\x8a~|\xb8\xe9\xd9\xb6\xee\xea\
\xb9\x06\xa1\x04Q\xea\xe977\xdbZ4\x00\x00\x10\x00\
IDAT\xd6\x02`\xdan\xc5\x81\x99\xc8\xf8U\xb6\
4\x0d\x18g+\xc2\xaa\xd0\xc7g~\xd6\xd3\xf1\x8cg\
|z\xfc(\x81\x89N\x9a&\x8a\x1f\x22\xe5\x86zT\
FB\x12\xab\x01i\xc2P\xf9/\xf6q\xa3\xc5\xaaf\
\x13\x17[h\xec\x92T\xdb%\xa0q?\xfc\xe1\x0f\xc5\
h4\x004\xcaRJ\xbf<\xeb;I\x04\x11!\x83\
\xb2\xf4\x18.\x13\xa1q\xd0\x8dXf8\xf8[\x22\x85\
\xe6\x9f=\xe7P~j\xfa\xe0\x9f\x9c}6\x02O\xfb\
}\xd6\xa5\xa6;\xe7+\x81_z\xd9\xcb\xd8\xcdrt\
\x8a\x0c\xad\xc2\xa4\x07\xd0\xbd\x00~u\x8deu\xaa\xf5\
\x1cP$1V0\xd7M\xf3|\xdbj\xca5\x12h\
$\xd0H\xa0\x91@#\x81}#\x81\xf8p\xab{\xa3\
\x07\x9c\xbcz\x0c\xa2T\xbc\x7f\xc3\xa2 \x92\x94\xc8\xfd\
\xeaW\x96\xa1\xdbm\xa3?\x5c\xc2\xa0X\xc6\x13\x9e\xfa\
\x18|\xf6\xe7=\x03e\x9a\xe3\xc1\xd3\xf7 m\x07\xf8\
\x1f\x90\x16\x22\x05\x86\xcb\xaa\x1a9!B\xd10\xf40\
U\xf8\xfc\xf6R\xac\xa3 P\x8a\x94\xd9\xad 2\xb3\
^]\x10\xb9!\xf2\xac\x8c.\x02\xa3\xebW\xd5N\xdc\
p<\x122\xf7\xa9,\x11-<&E\x1eg\xe9\x08\
\xd5AR\xc7j'7\xfc\x8e!\x026\xb6b\xcd\xbb\
\xd5]\x8b\xde\xc5q[\xe7\x8du\x8b\x8c\x06\xb0K\x1b\
N\x0a\xca\x124\xaed\x0d--\xe8\xf6\xb21\x8e\xaf\
\xac8\xb9A#\x81=%09\xe3\xf7\xcc\xdcd\xd8\
\x87\x12\xd8\xd2\xa5\xdf\xf8\xdd\x17\xc7\xcfQ\xf7\xc6@;\
\x07:He\xbfItk\x0b@H\xe0\xff\xbd\xd3O\
\x81A+\xc70-Q\xb6\x89\xa0\x95,&\x01F\x08\
\x01\x06\xc9xc\xc5\x96-(<\x09\x980]\x08T\
\xdfn\xfby\xdfHuSt\xd9\xdd\xea\xbe\x18in\
c7\x5c\x8c6\x0er\x1d\xbb\xc9\xc6i{\x8d\xcdy\
v\xc3^\xe5\xaft:Y]G\xe4\xf6\xee\xb9\xf4o\
\xab\x1c\xac\xd8\x9cK\xf9\xed\xf2\x92\xdb\xf7\x8b\xac\xe2\xb7\
+\xd3\xc4]Y\x09\x90\xd5\xb9!\xb9gGH\xc6\xfb\
8\xb9\xbd\xeb\x0a\xeaye?Y\xe5\xb3\xdf\xf1vw\
\x87\x15\xe4\xf3G\xa9g\xc7n@\xa5\xe5bk\x9eB\
\x8ar\xe1{\xbc\x9a\xb6a#B\x9a\x7f\xb9\x8eR$\
\xa7D*+N\xa1\xc5??\xe3\x92V*\x82P\x80\
!E\xbb\xd3\xc3(\x1f\xe9\xf97\xc4\xf2\xe8~\xa0\xdd\
\x17\xe1y4>\xefK?\x13\xf3\xd7\xcd\xe2\xd4\xea\x83\
([@\xab\x97\xc0$d\x5c\xe4P'\x10\xfc\xee\x18\
\x82\xeaN$\xd7\x96 y)\xcc\x098_\x8d:^\
\x8d\xa2\x04\xcf\x00C\x0b\x85\xfa\x03\xa6P\xd7\xd7\x81\xb5\
-\xcfK\xa4\xa9\xf2\xe4j\xbe,\xb1:\xec\xe3!\x0f\
\xbdY\xf9\xc6HZ\x8c\xb9\x08\xf5E\x08\xaa\xa3\xf6\xd7\
.\xbc\xc8\xb9\x06\xc7\x05\xe5\xa3\x1a\xa2\xe2H\x82$v\
\x92\xf1f\x99\xab}\xee\x04\xc9\x83[Q\xe5EP\xa1\
\x88\x12u;\xeb\xae\xdb\x86\xe2Q@\xb9#J\xea\xbc\
\x191\x04\xe4e\xae\xf1'hIG\x81\xc8M1X\
E[\xee\x0c\x0b\xdc &\xfbm\xcf\xfea*k\xb3\
7\x12\xd8S\x02a\xcf\x1cM\x86\x03'\x81)[w\
\xf2\x1c\xe23\xb0e\xc7w\x83R\xa30\xe2\xff\xddQ\
\x84]C\xd1\xcd\xdeH\xe0PI\xe0j\x19\x0c\xa9\x0b\
\xf9j\x19l3\xceF\x02\xdbJ\xc0*L\x8dm3\
\xec\x18YJaN;\x09\x92v\x89\xe5\xfe\x02V\xb3\
\x05<\xf2\xd1\x0f\xc3\x97~\xe5\x17\xe3\xa1\xb7=\x04\x1f\
\xfe\xc4\x07\xb1\xd8_D\x112\xe5IPF%\xbc@\
\xd0\x82`\xc2\x10?O\xad\xc83\xea'\x19I\x04\xb9\
\xb7[\xaa\x9e\x0aV\xf7Y\xd5\xa5v*\x8f\xe2\x0a\xaa\
\x89$\x0633:\xf9l\x91\x0a\xb2Pe\xe5H\xa1\
\x8d\xfd\xec\xc8\xa9\xf2\x8b\xe8\xe8\xa8=\x08&\x1ar\x22\
\xe1\x98t\xed?\x1b\xb8\x8e\xb3\xc9\xb7}\x1e\xf1.\x8d\
\xcfi\x92k\x89\xf8\x8a=\x1d\xe9(\xa1\xd3\xed!\x13\
\xd1\xf4+{\xed$\xe0h\xa7\x8b9\xa5\xf7V\x87\xf8\
\xd6g\xfd \x95\xa5\xd9\x1b\x09\x9c\x95\x04.l\xa6\x9e\
U\x13M\xa6\xcb-\x81_y\xf1K\xd9\xd5\x0d\xa2\xa3\
U\x91\x04\x99\x9a\xd7\x0d\x8d%t\xdf\x84\x1c$\xba\xa9\
\xb43\xc2H&>T\xe04e\xdeuWM\x98\xc4\
\xae\x99\x9b\xc4F\x02\x8d\x04.\x9a\x04\xc8\xe6\xd9~\xd1\
\x84yuU\xd4\x8cv\x07\x09dY\x06\xa6\xb2\xaa\x84\
\x02\x83\xe1\x10\xa1\x15\xe0\xdf\xc3<\xf5\xa9O\xc4\xd3>\
\xfd\xc9\x18\xe6+\x18\x8c\x96\x91\x17C -\xf4\xec\xcb\
c\xbe\x91\xac\x0b\xb6\x14\xa1\xd0\xc3\xd4\x0fV\x81\x91D\
\x04\x11\x9d\xe4\x0c\x04YT*\x10\xca\xb1\x0e\xec\xb5\xb1\
@\xfc\xcd\x8d\xf2\x15\xb2d@\xe1\xb9\xf9Y\xb4Z-\
\xe4Z\xd0Tt\xdc\xb7\x12\x1d\x87\x8d\x98\xb8O\x0f\xe2\
,\x90\xf4\x84\x80 \xd9%\x92a*\xb4\xb3 \x1d%\
\xa8\xd7\x01e\xd0=\x8f&|\x85dV`&\x04\x1c\
W\xd4\xf7>\xb7!:\x12P\xb3\x9f\x83\x04<\xa3\xce\
!{\x93\xf5\xa0H\xe07^\xf8\x02v\xf3\xb1\xee\xcf\
\xb9n\x1c\x99\xba]D\x84\x12\xd0}]\xf1A\x00\xa8\
0\x9a\xed\x92I\xc0\x0f\x9c\xddp\xc9\x1an*>\x10\
\x12 )\xc5hwL\x0e\x84\xe4d\xb0\xf17\x12h\
$p\xde\x12\x08(DV|\x7fN\xdbm$i\xc0\
\xc2\xd2i\x9cZ<\x89\x1b\x1fr-\xfe\xbf\x7f\xf8e\
x\xf4\xe3\x1e\x81\xf6T\x82\xd3K\x0f\x88\xf4\xac\xca\xc2\
C\x846\x22\xe9\x81\xb6\xd2\x1a\xbb\xdcz'\xab\xeb\x93\
d\xbc\xae\xeb\xf8sw\xfd\xbc\xaeJ\x91U]\x85\xc9\
\x8e\xa2\xe6\xe6\xe6\x90\x8a\xa09\xec\xbe\x1b\x8a^\xdf\xb7\
\x86\xd7\x13\xf6\xa1'\x93\x02\x92\xab_\xa5\xf5\x10\x11\x9d\
D\x8b\xb0An\xc8)!\x13\x83\xc1\x00\xa1\x95\xa2\xdd\
J\x10\xc6#tVW0\xb3:P\x89\x0b\xdd\x9b\xf2\
W\x9b\x04\xc2\xd56\xe0\xabi\xbc3Z}\x9a*2\
\xb4tk\x0e\xcc\x91\xe8\xc6\x12\x84\x14DK7\xe9V\
\x99h\xb5\xe4j\x92H3\xd6F\x02\x07O\x02$A\
r\xbd\xe3$7\x85\xd7\x13\x1aO#\x81F\x02\xe7$\
\x81V\xbb\x1b-\x0b\x05\x88\xb4\xd3\x16\x02\x0a\x8e\x91a\
\x88\xa4U\xe0s>\xff\x19x\xc2\x93n\xc3\xec\xb1i\
\xac\x8e\x16#\xe1I\xdb\x89\xf2\xa5\x18\x8d\xc7\x80-\x0f\
\x08\xe0\xdaoyX\x06\x85\x92\xb8\x88\xa8X)\xec\xd2\
\xe2E\xa8\xb0\x0e*\xaeB\xa9g\xf0\xe6\xce*\xef\xa6\
\x08\xf5J\xd7\xba\xa3L`H\x95S`zzZG\
\xc0q\xd1\xb3vp\xd8X\x0b^\x14\xc7\xf5\xed\x86\x0b\
nd]\x06\x92\x96eW\xa6\x92]\xe5\xaf\xeb.\xb2\
\x11R\x89f.%\xbe\xe3\xb9\xcf\xe6W\xff\xe8s*\
A\xd4\x19\x1a\xb7\x91\xc0YH \x9cE\x9e\xab:\xcb\
A\x1e\xfc/\xbe\xf8\x85\x9c\xd6j\x88-<\xad2\x07\
\x91#\xac\xbd\xf7k\x0b\xcfA\x1e[\xd3\xf7F\x02W\
\x9b\x04\xc8\xcd\xcfxrs\xf8j\x93G3\xdeF\x02\
\x17*\x01\x7f\x00 \x04)\xd8\xba\x96\xc6\xf9\x08\x94F\
\xd4\x99N!3\x02N.\xde\x8b\xd9\xa3]<\xed\x19\
O\xc2\xe7~\xc1g\xe0\xba\x1b\x8f\xe3\xe4\xf2\x038\xb9\
p?\xc6\xfa\x0b\x1d\xc2\xff\xbf\xc7p?j\x17(\x1c\
\x8cddW\xa2 \x02\xa4\xb5G\xe5u~i\xf3\xf2\
m\xddI\xc2\x16\x1c\xc7\x87\xa0\xce\xc9\xd3\x96\x15\xaa\x8e\
\x9blKI\xeb{\xdd\xeez\xc46\x9e\xaa\xedm\x12\
.w\x94H\x0e\x84R\xc2/@\x94kp7z\xed\
\x0e\xca\x81,j\x83\x15\x1c)KG5h$p^\
\x12\xa8\xae\x9e\xf3*\xda\x14:\x08\x12\xf8\xc5\x17\xfd6\
gLxd\xe5I\xcb,\xdeF\xa0\x9b\xb1?NP\
\xa2:\xfd>\xd6\xd8kL^\x88\x99\xc4^\xf9\xaf\xf6\
\xf4\xfa\xa1\xb3\x93{\x00\xe5\xd3t\xf9\x22J\x80\xb4\xc2\
\xb43\xb66ErkT\x13n$\xd0H\xe0<%\
\x90\xf9w/\xb2\xcaX\x8d\x1eg\xb2\xe7\x8cWE.\
FH:@W\xa4gi\xe5$\xa6\xe6Zx\xdc\x13\
\x1f\x85\xcf\xf8\xcc\xa7\xe1\xb6G\xdf\x8a\xceT\x0bY1\
D\x99\x14\x88\x8fP\xaf\x1c\x0a%\x15\xd6\xb3u\xf2^\
O\x12\xe4\x06d\xf3A\x0d\x92\xea\xb5\xcb\xc8Y\xdf7\
\x87I\xaa?\x85\x08@\x0es\x1d\x92r\x03\xf2\x22\x8b\
n\xdd\x16&6\xc7M\x04\xf7\xf4R\x83?_\xecY\
\xf9\x1e\x19(\x92\xe3\xdf\xeb\x14\x12\x85\xdf\x5c\x1b'@\
&e\xc4~\x17\xf5\xabk\xd3\x22\x85?\xfaC\xff\x8a\
\xdf\xf2\x03\xcfV.\xc76h$p\xee\x12\xd0\xb4:\
\xf7BM\x89\x83%\x81_\xfa\xdd\xdf\xe6t6@O\
\x84'\x11\xe1\x91\x9d\x18\x85n\xccy\xd8|c=X\
\xa3jz\xdbH\xe0\xf0K\x80l\x9e\xef\xfb\xff,7\
=<\xa8\x12\xe8v\xa7\xe2\x0f\xfd\xfdc\xffV;\x89\
\xff{\xa7`\x86,7\x99\xc9\xd1\xea@\x96\x9c\xfb0\
\xceV\xf1\x84'?\x06_\xf6\x95\x7f\x0f\x9f&\xb7\xd5\
%\x96VN\xa3LrPZ\x14\xfd,e\x892\xe4\
\x00\x05\xf8\xd9Z\x88\xe8\x94\x13\xa0\xfc\x9b\x81m\xb7\x02\
~FC\x1b\xc9\x8a\xec\xc8\xaaQ[vH\xc6>\x93\
T\x8e\xcd\xfb\xb9\x12\x9d\xcd\xa5/o\x88%\x10\xccr\
4\xb6R+\xa8\x99\x22FF(\x90\xeb\x1c\xa4\xf9\x18\
?\xf1\xdd\xff\x82\xc7)\x06ty\xbb\xd6\xb4v\x08%\
\xa0\xcb\xf4\x10\x8e\xaa\x19\xd2\x19\x12\xf8_/|\x01{\
\xd9\x08mdZY\xca\xa1\x05\x15\xddi\xcaxK\xa6\
n:u\x01O\x88D7Q\x92\x9bn\xcc\xf0\xbb\xc9\
\x02Y\xc5;L\xb2.\xd6\xb8;H\x80\xe4&9\x92\
\x9b\xc3~8\xd5\xd8\xae\x0ars~rs\xb8.\xbb\
\x93\xbb]\x9d\x173n\xa7v\xeb\xf8\xbd\xda\xaa\xf3\xed\
\xe4\x92\xd5x\xb7\xd6S\xe7\xdf\x1a\x7f\xd0\xc2\xf58v\
s\xb7\x8e\x89\xacdB^\xb8\xbb\xb5\xee&\xbc\xbf$\
P\xcf\x8b\xad\xbd\xaa\xe3kwk:Y\xcd\x8d\xad\xf1\
[\xc3d\x95\xcf\x8a4\xc9\xf5d\x92\xa8\xe3H\xeex\
\x0f\xc3\x15\xde\xea\xf1\x9f\x8d\xbb]WMrH\xc6\xb1\
B[^\xea\xd9\xa8\x85@DKM\x8e\xa1\x17\x09g\
:(\xc3\x18\x0f\x9c\xba\x07S\xb3-|\xc1\x17\x7f.\
\xbe\xf8\xcb>\x1f\x0f}\xd8\x8d8\xb5p?J\xca\x12\
\xd4\x02r\x7f\x0aZd\xa7\xd5\xd1STV\x9fa\xd6\
W\xf9!r\xfd\x85\x84j\x03\xaaG\xcf\x5c\xd5O\xd5\
O\x96\x9b^u\x83\xe21\xb9\xc5\xf4\x5c\xe5\x18\xf3\x0d\
\xfcc}U\xddj%1\x5c\x96[\xca\xab,\xb9q\
\xae|\xfe\x14u\xc6Nn\xe4!+\xbf3\x91\x95\x9f\
\xa4\x83\x17\x86\xb3(\xedVR\x91\x9c\xb6\xc8L\xa9\xb1\
\x0f\x8a\x11\x06\x92e\xd9*\x91\x0a\xadr\x8c_\xfc\xd9\
\x9f+\xbf\xe7\x87~\xc8Y\xcf\xa2\xc6&K#\x81\x9d\
%\xa0Kg\xe7\xc4&\xe5pI\xe0\xf9/\x10\xe1\x19\
\x0f\xe1\x9bH\x10\xe9\xd1\xad\x17!\xd2\x9d\xcd\xe3\x9c\xbc\
\x89nN\xd9\x1c\xd2}jsD\x13\xba\xe8\x12\x98<\
\x17\xdb\xf9/z\x83M\x85\x8d\x04\x1a\x094\x12\xb8j\
$ +\x8a\x9f\x81R\xb6aw\xcb\xb8[\xad\x16J\
\x91\x15\xa7Q\x16\x9b\xe1h\x19\xe3\xa2\x8f[\x1ez\x1d\
\xbe\xe4\xcb?\x1f_\xfa\x15_\x8c2\xc9p\xbf\x88P\
wF\x8c'\xcdE\x8a\xee\xc3(_\xc5\xf1k\xe61\
;\xdb\x131\x19cu\xb0\x82BD*\x15Q!\x89\
Q\x96\xad[g\x14\x84\xc9\x8f\x9b.\xb7\x10\x18\xff6\
\xc7p\xbc\xdd\x1au\xd8ev\x82\xf3\xec\x94v\xb6\xf1\
$w$\xba$\xcf\xb6\x9a\x9d\xf3\x15%\xca\xbc@\x22\
2\xd8n\xa7\x22v\x05\xb2\xf1\x0a\xd8_\xc6\xbf\xfb\xa1\
\xef\xe7\xf7?\xe7Y\x17\xa1\x91\x9d\x9boR\xae\x1e\x09\
\x5ci\xb2s\xf5Hz\x9f\x8c\xf47~\xab\x22<\x1d\
\x99\x88\xfd\x1b\x9e\x00\x82\xa4H\x8f\xdc\x12q\xf3Mr\
'\x14\xba\xf5\x1buz,\xd0\x1c.\x99\x04j9\xef\
\xe4^\xb2\x86\x9b\x8a\xff\xff\xec\x9d\xf9\xb3#\xd7u\xdf\
\xbf\xa7\xbb\x01\xbcu8\x1cR\x94(\xd9q\xc9\xf4R\
N\xb9*q\x5c\xb1R.'\xae8\x8a\xed\xb2,o\
Zl9v\x14;\xb6%r8\x9c\x8d\x8b\xac\xd8\x96\
\x97\x8a]\xd9\xbc\xa4\xb4P&eq8+\x87\xa4\x92\
\xca\xaf\xf9o\xe2D1%\x91\xe2\x0c\xe7=,\xdd}\
\xaf\xbf\xa7\x81\x9e\xc1\xc3\x00o\xc3[\x80\xf7\xbe\x18|\
q\xbb\xef~?\x0d\xdc\xd3\xe7^<\x8c\x08\x88\x80\x08\
\x1cq\x02\xeed\xb8\xdc\x0eV\xaam!C\xb3\xfe\x8e\
J\x9e\xe7\x88\xdc\x89Y\xe0\x0eO\x96\x01\xdd\xde;0\
:5\xefz\xf4$\xbe\xe7\xfb\xbf\x13\xbf\xf4\xb1\x9f\xc5\
\x0f\xfe\xa3\xef\xc3\x1b\xdf\xfa[ty\xa3\xfe\xc8\xa3\xa7\
\x90qw\xe7\xed\xdbo\xe1\x9d\xf5[H\x9b\x86\xe5\xd5\
\x05\x18w{\xd6x\x13\xdf\xc9;,oh.6\x11\
m`t\xc9\xd9\xe7xw\xaaxH\x07)\x8e\x95\xef\
D\xb9B(\x10+'\xccs\xf7\xd5/\xdf?\xde\xee\
\xab1\xe34b\xf1\xa9\x9eF\xe7\xce\xe8\x04\x82\xca\xe8\
pf\xdc\xcd\xf9\xafO\x9e\xb1?>''g*\xb0\
*|\x1f\x81\xe4\xbe\x18E\x1cy\x02/_\xbaf+\
\xbd.Zy\x81ld\xb4\xf5\x84i\x9c\x84\xea\xe3\xcd\
vp\xeeM\xd5#\x15\xe9T\x04D@\x04D\xe0\x08\
\x118zC\xb1\x18\xe0\xaa\x9d\x0cT\xc6\xceo\x8b\xfa\
23\xf8nJ\x19r.\x0aF4\x9a\x8c\xb7\x1c\xeb\
\xedo\xe3\xad\xb7\xbf\x8e\xa5\xd5\x0c\xab\x0f-\xe2\xa7\x7f\
\xee\x83\xf8\x95_\xfb(\x1exh\x19o\xbe\xfd\x06\xc0\
\xdd\x9e<\xbaSS\xa2\xfa\xda\x19w\x8d:\xbd6\xb2\
,\xc1\xc9\x93'\xd0j5p\xeb\xd6-\xd6i\xf7A\
\x8d\xbc\xf1\xef+Vif\xfd<u\x9c\xdbe\x97\x99\
\xc1\xc3*\xd3\xe0e\xf4|\x10=\xc3A\xa8\xc6\x10z\
=\xc4\xf55,\xe5=\xfc\xf9_\xfc\xe7\xfe\xc0g\xb8\
\xd7\xea\xda\xfc\x11H\xe6\xaf\xcb\xea\xf1^\x10x\x99\x0e\
\xcf\x09N0\x8d\xb2\xf4\xaf'W\x13\x8e\xd7\xeb\x0bM\
\xf5\x84Y\x87\x1e\xef\xaa\xec\x80\x1fP\x81\xd2S\x04D\
@\x04D@\x04\xe6\x93\x00\xad\x18\x0d\x1e]\x06\xf4\x05\
\x86THa\x035\x92&\x9a)\x97\x04\xcb\x80\xce\xfa\
\x1dt\xbaw\xe0\x7fO\xb2\xb0\x98r\xc7&\xe2\xd6\xda\
\xb7\x90\xb5x\xc3\x9et\xf1\xfe\xefy\x1f>\xfe\x89_\
\xc0\x0f\xfd\xd3\x1fD/\xacc\xf5\x81\x05\xee\xbd\xe4\xe8\
\x95\x1d \x05\x9a\x8b-\xfaR\x01w\xd6\xdfA\xc7\x17\
\x1b}g\x87\x8b\x8a\xb8\xfb`=#\xe7@\x84\xffm\
\x8f\xcb\xb3\xb9M\x0e\xdc\xd5\xf1\xe3Z\x1e\xe7\x9at^\
\xc7\xefGhf\xec\xdfdm\xd5f\x8e\xc0\xf2\x11Y\
\x08\xf8\xd3\xf3\xe7\xecs\xe7.\xda\x85\xf3\xcf\xdaV\xe5\
f&]\x1d\x99\x1b\x02\xc9\xdc\xf4T\x1d\xdds\x02\x7f\
s\xe5\x8a\xa5E\xbc\xeb\xe8\xd4\x13&\xe7\xff\xaa-3\
\x9a\x00N\xbe\x1e\xcfi\xb8\xca\xe7\xc7\xc3\xaa2\xeaE\
\x04D@\x04D@\x04\xe6\x8c@r\xd7\x990\xdet\
S\xf4J\xccR\xd8@\x9dv\x0fi\xda\xc0\xc2\xc2\x02\
h\x0e\xab_i\x0b\xb1\x87\x84;7IZbe\xb5\
\x85\xb7n\x7f\x03\xb7\xee\xbcI'\xe6mXV\xe2\xa7\
~\xe6\x83\xf87\xbf\xfe\xcbx\xd7\xa3\x0fc\xf9\xc4\x22\
\xda\xbd5\xbc}\xfb\xdbl\xa9dz\x82u:M\xdd\
n\x1bKKK}\x9bJ\x97\xa8\xb6\xa9\x93\xf0\x99Y\
\x95\xe4\x8eN\x9d\xd7\xac\x1fW%\xf0\xc5\xe3\x19\xdc}\
\x8e\x9e\xdfM\xd8\xc1\x81\x99q\xdc\x93\xb5\x83\xaa\xee\xcb\
\x1a\x19\x93sg-$\x11\x8b\xfe\xbb\xda<\xd7S\x04\
\xf6\x8b\x80\x9c\x9d\xfd\x22\xbb\xb1\xde\x99=KBYM\
\xb8\x16b\xb5\xc3\xe3\x1d5\xbb7\xb9\xf9\xf9\xb0\x02O\
\x5c\x0c\xf4<\x00\x02f\xf7\xae\x85\xd9\xfd\xc7\x07\xd0\x05\
5!\x02\x22 \x02G\x97\x80\x05$\xdca\xe0=7\
CTv\xd0\xff\xef\x17\x17\xcf\x10\x83\xf1\x86?E\xa3\
\xd1@\x9a\x1a\xdc\xe1\xe8\xf6:\xe8t\xee`\xbd{\x1b\
'\x1e\x5c\x82\xff\x14u;\xbf\x83<t\xf1\xed[o\
ba\xa9\x85_\xfa\xe8/\xe2\xc7\xff\xe5\xbf\xc0c\xdf\
\xf7\x18\xfc\xebk\x9d^\x1b\xcd\x85\x16\x1ez\xe4]\xdc\
\x0dj\xe2\x9bo\xbe\x09wHj\x0d\x0363\xb6i\
\x1b\xd2\x03w?\x5c\xfd\xbf\xd9\x09\xec\xc7\xfd\x96\xd8\xeb\
\x1a\xaeg\x96\x8f\xfd\x9b\x22\xb1a(9\xae\x8c\xf7!\
\xb3\xdcW\xf5m\xfe\x09\xc8\xd9\x99\xffk8\xd5\x08\xae\
\x5cy\xd1V\xbb\x1d,\xf9W\xdaB\xce\x89>\xa0\xac\
~\xe7\x1e\x08|w\x04\xe3\x0bM\x80\xef\xf6\xb8\xfc\x8c\
{\xfcp\xf9\xff\xd5\x03>\x22\xe5O\x0f\xc7\xc9\xd3j\
U\x06\x85\x99\xfaaU[\x9d\xa4p\x0c\x01\xb3\xbe\xd1\
3\x1b\x1f\x8e)2'Q\xea\xa6\x08\x88\x80\x08\xcc\x00\
\x81X\xb9:=\x9dD\xdd\x00\x00\x10\x00IDAT\
\xa0OSuf8\x5c]]E\x11\x03\xd6\xd6\xd6\xb8\
C\xd3E\x92dH\x1a\x19\xb2,\xab\x9c\x1f\x0f;\x9d\
\xf5j\xd7&k\x19\xfc\xe7\xa6K\xeb\xc2\x7f\xa1\xed\xef\
\xde\xfc:\x1d\x9d\xef\xc2\x87~\xfe\xa7\xf1\x8b\xbf\xfca\
\xbc\xef\xfd\xef\xc6\x1bo\xfe_|\xfd[\xff\x876\xb6\
[\xfd\xbdO\x91t\xd9.\x1d\x17s\xc7\xc5Uu\xe1\
\xdeK,a\x83oWxH\xbf\x80N\x0e\x10i\x9c\
#;\x1a\xa3\xdd\xcb{\xd0G\xe4f1\xb0\x7f.o\
<\xf8\x0b\xd5\x0f\x8dv\xde\x952\xacu\xaf\xb7\x09\xe8\
\xcaa\x997\x02\x7f\xf6\xd4\x13\xf6\xec\xf9\xa7\xee%\xb1\
\x06=E`\xaf\x09${]\xa1\xea\x9b?\x02W\xaf\
~\xc5\x1eZ\xbf\x85\xa5\xee\x1d\x80+S\x05'\xd8.\
'\xa1.o\xb0\x8bjJJ\x90rr\xcd8\x87\xf9\
wkS\x9f\x98\x93\x02\x81[\xf9\x85q\xa2F_\xfe\
\xcb2\xa3\x82\xbf\xc3(3\xf3/\x08\xf04\xad\x94E\
\x0f\x8d\x13e\xac\x94\x00\x8c\xbf'\x8b\xe3\xe3G\xf3\xb1\
\xd8\x91y\xfa\xaa\xdc\xa8|%o3\xcd\xfa\xe0G\xc7\
3z\xbeU\xff\xeb\xfc\xa3\xf9\xcc\x0cf\xd3k\xb4^\
\x9d\x8b\xc0\xa1\x11\x18\xd3\xb0Y\xff=>\x9ad\xd6\x8f\
7\xeb\x87\xa3\xe9\x93>7\xa3\xf9J\xde\xac\x06\xde\xaa\
\xd7\xf2{\xe7\xfa\xd8\xd3\xfc|3\x8d\xd6\xb7\xd3s\xe3\
\x0d3x\xd3\xee\xa2\xd9\xc1\xa8<~S\x81FiD\
\xfe\xf7-\xdb\x93\xb1\xe4@\x11\xe0\x13\x81\xf6,R\xc1\
\x0aD\xca\xbf\x82\xc6\x15@\xa4\xcd\x14i\xd6@I\x18\
E\x99\x22/\x12\x14!CA;\x15h\xb9J\xff*\
\x1amf\xd2`=I\xce\xb36\xb2\x85\x02o\xdd\xf9\
::\xf1m<\xfa\xfe\x07\xf1\xc1\x9f\xfd1|\xf8\xe3\
\x1f\xc4\x0f\xfc\xd0\xfb\x11Z\xeb\xf8\xbbw\xfe\x16\xb9\xb5\
\xd1\x8b\x1d\xe4\xfcWp\xf0\x5cjDd\x9d\x08\x91,\
\x02z\x9d.\x16\x9bl\xb7\xcb\xb0\xb5\x00#\xab\xf5\xb5\
\x1cY\xba\xc4\x86\x9a\x080*\xde\x15\xbbw\xf7\xd8\xaf\
c\xc9\xeb;*\x8f\xaf\x15Y\x9f\x0b~\x1d\x86d\x95\
\xb5N\xd9F2QLA#\x80\x0a$\x10\xaa\x9e\x80\
\xad\xd7Jx\xbc`\xac\xa3[\x00\x9d\x92\xf9R\xb4\x92\
&\x8c\xed\x94\x01\xf0{\x89?y\xfc\x09\xbb\xfc\x17\x7f\
\x1a\xa1\x87\x08\xec3\x81d\x9f\xebW\xf5sB\xe0\x0b\
_\xbbi+9'\xd4\xc1OR\xfb/\xbfT\x13\xa2\
\xa1?\xf9r\x1c\x9c\xcb9\xa1EXIq\x22\xf3s\
\x9f\xd0\x98\x85\xa9`Z_\x18z\xd4iCQ\x83C\
\xbe\xf58\xe9\x0dN\x14\x88\x80\x08\x88\x80\x08\x88\xc0\xc1\
\x12p\xef\xc05h5V!-\x9f\xf1n\x9c6.\
\xd6a\x15O[\xe8V\x8e\xf9#\x9d\x81X\x1d\xd3\x8e\
yZm\xcb\x98\xbf\xa4\xab\x13|10\xe9\xa1\xb5\x9c\
a\xad\xfb6\xbe\xf9\xf6\xd7\x91\xc75|\xc7w\xbf\x07\
\x1f\xf8\xe7?\x8c\x1f\xfb\x89\x7f\x86\x0f\xfc\xe8\x0f\xa3\xbf\
`\xd8\xe5\x8e\xd0\x1d\xf4\xca6}\x9c\x1c\x96\x04\x80\x8e\
Vd=\xcb\x8b\x0d4\x1a\x09w\x92\x12:\x09%\xba\
tz\xdex\xe3\x9bH\xd3\x0c\x0b\x0b\xcb8\xfc\x07\xfb\
\xcaNX\x0c\xee\x13\x92H\xa0\xc0\xbe&\x80\xbb@!\
\xb0\xef\x19Z\xad\x16R\x8f\xcaK\xa4EA\xc7\xa7\xc0\
rY\xe0\xca_\xfe\xa7\xf8\xeb\xe7?k\xcc<\xf6\xa9\
H\x11\xd8+\x02\xfe\xf6\xdb\xab\xbaT\xcf\x9c\x13\xf8\xd2\
k\xaf\xdb*'\xd3\xe5^\x0f\x8by\x0f\x19\x1d\x9f\x94\
\x93\x188\xe9\x97\x88\xdcz\xe7\x009\xd1'\x9c\xd8\xd3\
\x22EV\x18\xb22\xa1<\x1c\x12W\x8b\xb2\x81\x8c\xf9\
]^\x06\x9c\xfcx\x0aW\xce\x09\xdd\xbf.\x07=D\
@\x04D@\x04D`\xce\x09D\xda<\x17h\x1f}\
w\xc6\xd5\xa3-\xf5a\xa5i\x8a$I*\xf9W\xe3\
\x1e{\xec\xfd\xf8\x91\x0f\xfc\x13|\xe4\xa3?\x8f\x1f\xfd\
\xd1\x1f\xc1\xa3\x8f>\xc2b\x01\xeb\xdd;hS\xdd\xbc\
\x0d\xff?{\xda\xf9:\xd6:\xb7\x11,G\x93\x8e\xcf\
\xd2\xea\x12\xdez\xeb\x1b\x08\xa1\xc4;k\xb7\xbd\xea\x0d\
\xf267D\xec\xe3I`\xdd11\xf6\xdb`\xc6\xf1\
\xd1\x01l\x86\x14\xfe\xad\x8d\x94\xc7\xd1\x0c\xfe\x0d\x91r\
\x81;`-\xa3\xb3W \x16m,\x86\x02\x0fr\xf7\
\xeaa:>\xbfv\xee9c5z\x8a\xc0\xbe\x13H\
\xf6\xbd\x85\x03i@\x8d\xec\x15\x81\x17o\xde\xb4\x93\xdd\
\x1eV8I\xbb\xc3\xd3\xe4\xc4d\xf0i\x0d\xdc\xc2\x8f\
tT\x12X4\xa4\x9c\xd4\xfa\xb2jE\xc7\x9d\x994\
\x82\xf1\x092fOC\xc2\xe3\xfe\xb9\x1fc\xf0`\x12\
J\xa3\xfb\x94\x80uaP\xf3 Q\x81\x08\x88\x80\x08\
\x88\x80\x08\xcc\x05\x81\x04\x91\xb6\xb0V\xddew8\xdc\
\xe9\xf1\xd0wb\xe8\xe3p\x17\xa6\x89Hkw\xeb\xd6\
\xb7\xf1\xd6\xb7\xbf\x81\xbc\xe8ba\xb9\x85\x07\x1e\x5c\xae\
~\xaa\xfa\x97>\xf6a\xfc\xc2G>\x84\x7f\xfc\xc3?\
\x88\x13\xa7\x96\x91\xb5\x80\xd6R\x8a\x94a\xbb\xbb\x86;\
\xed[\xc8\xcb\x0e\x16\x96\x1a\xf0\xaf\xd65\x17\x9bh6\
\x1bU\x9d\xde\x0e\x86\x1e\xa3\xe7CI{~\xc8\xb5N\
\x10AUoJ\xe3n1\xa1\xddOx\x8f\x00DK\
P\xa6\x86\x22\x09ttz(\xcb.Z(q*M\
\xf0\xae\xb2\xc4o]\xd4\x7f\x1cZ\x81\xd3\xcb\x81\x10H\
\x0e\xa4\x1552W\x04\xdc\xe19\xd5\xe9b\x95NO\
\xab\xe8q\xf2*\xd8\x7f\xced|\xad&q::I\
\xcc\x18\x9fqRs%\x0c7*\xa1\xb3\x93\x0c&>\
\xff\xba\x9bEp\xaa\x07|btg\xa7\xb4\x00\xed\xec\
\x10\xe8~=U\xaf\x08\x88\x80\x08\x88\xc0>\x13HX\
\x7f_\xb5\xd3\xe3\xceF\xa5`tH\x9a\xbc\xc9/\xb1\
\xbe\xbe\x8e<\xcf\xd1h&}\xc7'\x96X[\xbf\x85\
t!\xd0\x91y\x0bk\xdd\xb7\xf1\xde\xef|\x18?\xf5\
\xe1\x7f\x85_\xfe\xf5\x8f\xe0\xc7~\xe2\x03x\xdfw\xbd\
\x1b\xcd%:\x0f\x8b\x01F\xa7\xa7\x07\xfe\xa3\xc3\xf3\xc6\
\xb7\xfe?\xbe\xf5\xed7X\xe6\x1d\xd0\xac\xb2}\xda\xd5\
\x18\xe9x\xd5g\xf7\x9fW\x99\xf6\xf8\xc5my0:\
4\x14h\xeb\x01\xf6\x95v\xdf\x06\xc7\xde\x9b\xc2J\xe4\
\xdc\x95\x8a\x91;SY\xc4\xa9\x06\xf0\x10\xef)>y\
\xe1I\xdb\xe3\xee\xa8:\x11\xd8\x94@\xb2i\xaa\x12\x8f\
-\x81/\xbf\xfe\x9a\x9d\xa2\xb3\xb3\xec\x7f\xc7\xc3\xc9)\
\xe3\x0e\xcf\xbd7\x0bW\xb48\x91\xc7h\xe0\x93\xe29\
\xa7\xae\xc8\xc9\xae\x02\xc6\xc9\xae\xca\xcb\xb0:\xf7\xf8\xc1\
\xb1\xe7\x07\x1d\x1d\x8f\xf7\xc9\xd0CI\x04D@\x04\xf6\
\x9b\x80\xea\x17\x81}!P\x195w0h\x0fy\x5c\
\xd9\xc5*\x8c0\xa3a\x1c4\x9a\xd0(6\x9b\x19\x9a\
\xad\x06\x924\xa2\x0c=\xb4;\xb7\x914\x03wq\x0c\
\x9d\xe2\x1d|\xf3\xad\xff\x87<\xac\xe3\xfb\xfe\xe1c\xf8\
\xb9\x8f\xfeL\xa5\x9f\xf8\xc9\x1f\xc7\xf7\xff\xc0cH\xb2\
\x12\xb7\xee\xbc\x85w\xd6n\xd1\xd1\xb9\x8d\xf7\xbc\xe7\x11\
\xd4\xb6\x14\x83\x87;Y\x83\xc3\x03\x09\x22\xc7\x17\x12\x8e\
q\xa08\x08\xc10\xb1\x88$\x04\xa4\xdc\xc5Yb\x96\
\x87\x18w\xa2\xd7\xc5\xc7.hG\xe7@.\x8e\x1a\xd9\
@\x80\x1f\xbf\x0d\xe7:\x11\x81\xbb\x04\xbe\xf8?^\xb3\
\x07\xbb9V\xb8\x22\xb5Pr\x87\xa7\xe4\x0e\x0f\x1d\x95\
\xc8\x89\x8b\xbe\x0e\xb7\xa7\x81\x9c\xef Wi\xfd\x15\x9e\
\xc00R\x01L\xb8\xab\xbbU\x82\xf3\xdf\xbd\x13\x1d\x89\
\x80\x08\x88\x80\x08\x88\xc0\x9c\x13\x88\xe1\xde\x00\xdc\xe1\xe8\
\xcb\xaa\xdd\x1c\xff{\x9d\x85\x85&\x1a\x8d\x94\xe7]\xb4\
\xdbk(\xcb\x9c\xe7V}-\xcd\xffs\xd2<\xae#\
X\x07\xd6(`Y\x8e^X\xc3m:6K+M\
|\xef\x0f|7~\xfaC\x1f\xc4\xaf\xfd\xbbO\xe07\
~\xeb\xdf\xe2'\x7f\xe6\x83\x08t\x94\xfe\xee\x1b_\xaf\
vsb\x8c\xf7\x1a\xe7\xd1\xe89\xa3&=\xa7\x8e\x8f\
\xbc\x17p\xf9\xd7\xd9\xfc\x1b\x1b\xfe\x95\xb5\x92\xf7\x08@\
\x80Q\x0b\xa1\xc4*\x9d\x9d\x93y\x81\xd3\x8f?e\x9f\
\xb8\xf0,KL\xdd\xac*\x10\x81\x1d\x13\xf0;\xd2\x1d\
\x17R\x81\xe3C\xe0\xf3_{\xd5^\xbeq\xcd\x96\xe9\
\xf0\xb48\xc168q\x19\x0a\xee\xe6\x04\x04N[\xae\
\x82\xef\x22\x9f\xe4<\xac'=\x8f\xf7I\xb0\x9a\x86#\
3\x0c!\xab\xbe\xd6\x86\xc8\xc90\x0e\xc5\xeaP\x04D\
@\x04D@\x04\xe6\x94\x00\x0d^\xdf\xd1\xe8\xdb;?\
6\xe3-?w7\xfc?\x02u\xf9\xc8\x924 \xcd\
\x22EKZvQ\xc4\x0e\xada\xc1\x1d\x1e\xa0\xb9\x98\
\x22m\x82\x16\xb6\x8b\xb5\xfc6z\xe5\x1awqn\xe1\
N\xe7m\x18\xcb\xbd\xfb}\x0fs\x97\xe7{\xb1rb\
\x05K\xcb\x0b\xac.P\xa8\x9c\x9e\xea`\xf0\x12G\x1c\
\xa0A\xf4\x9e\x07\xbex\xe9\xf2_\xad\xf3\xaf\xa5\xbbb\
\x12h\xdb\x0b\xb4x\xaf\xb0ZF<\xd8\xcbq\xe6\xb4\
vs\xf6\x1c\xbe*\xdc\x11\x81d[\xb9\x95\xe9\xd8\x13\
p\x87\xe7\x04Wg\xdc\xe1Ic\x0e\xffi\xcc\x90\x14\
\xf0\xc9mX\xee\xf0\xb8J3\x14\x94;=.\xda\x81\
j\x9f\xc7'F\x97;<\xdc\xc9G\x92$\x95\xcc\x0c\
f\xf7T\xc7c\xcc\xc3'\xf2Zc\x92\xf74\xca\xec\
^\x9f\xcc\xee?\xae\xfb1)\x9c\xb63f\xfd6G\
\xeb\xa9\xdb\x1b\x8d\x9f\xb5s\xb3~\xff\xcd\xf6'\xac9\
x8kcW\x7fD`Z\x02\xfe\xbe\xde\x8eF\xdb\
1\xeb\x7f\xdeF\xe3G\xcf\xd34\xad\xe6]o\xa3N\
\xf3\xb9\xd7l{\xe5\xeb2\xbb\x0d\x87\xdb5\xeb\xb7i\
v/\xdcm\xbd\xbb)\xe7}\x99\xa4\xd1\xfa\xcc\xfa}\
\xac\xe3\xcd\xfa\xe7\xce\xae\x96\xb3\xf5c3\x03\xb8\xdba\
4zI\x0a\xa4iB\xe6\xa0\x83R\xc0\xdd\x1ac\x5c\
\x92Yu\xde\xab\x9c\x9f.\x92F\xc4\xe2J\x03\x91\x8e\
C\x00\xf31\xccc\x0f\xddn\x9b\x8eQ\x09\xaf\xab\x9b\
wX\x1e\xac\xcb*\x81\x0f\xb3\xfeq\x92x\x1b^g\
d\xbd\x1b5\xfc\xff\xb6M\x1a\xefv\xe2\x11\x22z\xeb\
k\xc8\xd8\xa3,K\x10B\x81<t\x91&%\x968\
\xd6\xe5^\x07\xefa\xda\xe9\xb3\x17\x8c]\xd3S\x04\x0e\
\x95@r\xa8\xad\xab\xf1\xb9\x22\xf0\xd5\x1bWm5\xef\
b\x89\x13r\x8b\xdb\xf0\x19\x9d\x1eC\x09\x18\x85\x00_\
\xdd\x09\x9c\xd4\xdd\xb1)9\xd9\xb9\x93S\xed\xf4\x0c\xbd\
\xcb\xfc\xd0g>&\xc3\x22\xe8\x00\x05\xcc\xe3C}\x16\
\x01\x11\x10\x01\x11\x10\x81\xca\x909\x067h\x1en\x90\
[\xbc\xe1\x08\x1a\xbd\xeat\xd4\xee\xb9\xfd\xac\x12\x10X\
O\xa0\x1du\x81+\x82\x91\xc6\xd2e\x8c\x07\x8f\xef\x85\
v\xd7\xc9\xf1\x92f\xe6\xc1\x81\xea\xe4\xca*\x8aN\x07\
\xbd\xb5w\xb0\xd0\x00\x96\x13\xc3\xe7>\xf5\xdb\xf6\xdc\xa7\
\x7f\xdb\xbe\xa3\x95\xe1\x93g\xce\x1c|\xa7\x0e\x94\x80\x1a\
\x9b\x17\x02\xa3\x9f\xc4y\xe9\xb7\xfayH\x04\xfe\xe6\xc6\
u;\xc9\x15\xa5\xd5\xb2\x83\x95\xa2\x07\xdf\xe9i\x96\x05\
\xb2Xr^.\xe9\xbc\x14\x80\x15t|@qE\x09\
\x0c)w|\x18TO\xee\xc63/*U\x11s\xfc\
bf\x95\xc11\x1b\x1f\xce\xf1\xd0\xd4u\x11\xd8\x09\x01\
\xe5\x15\x81cH p\xcc\x94;\x22<\xba\xf7\xdc\xee\
\xadUB_)a1\x17m\xa5\xd5\xa2\xedd\x9d\xee\
\xe4\xb8\x83S\xcb\x18\xe7J\x10ikk\xc7\x09\x95\x0d\
\xc2\x01?\x12\x04\xa4e\xc0j\xb3\x89\xe54C\xa3\xdb\
\xc3\x89X\xe0\x85/\xfe\xf7\xe8]\xf9\xf8\x13\xa79\x1a\
?\x92D\xe0\xf0\x09\xf4?a\x87\xdf\x0f\xf5`\x8e\x08\
|\xf9\xc6\xabv\xf9\xca5{\xa0\xd7\xc6j/\xc7R\
Qb\xa1(\xd0\xe2\xc4\xd7\xe0\xd6v\x12\x03\x8c\x13\xa1\
\xef\xf0\x0c+\x0c\x8d\x91\x0bT\xd5\xfc\xcd\xb9{(V\
\x87\x22 \x02\x22 \x02\x220\x1b\x046\xff:W\xc9\
N\xbaU\x1b\x16\xa3\xee>\xeb\xdb+\x86#\x7f\xb7z\
7\x0b]\x16l\xd0 \xa56\x9c\x13\x16\xd1\xcc\x0cf\
\xf74(u\xa0\x81\xdb\xee\xd0\xeb\xa2I\xbb\xbfB\xbb\
\x7f\xa2\xc8\xf1\xee\x18\xf1\xde2\x1eh?\xd4\x98\x08l\
\x87\x00?\x85\xdb\xc9\xa6<\x22p?\x81\x17\xaf\xbfj\
\xfekm'z\x05V\xf3\x12\xcby\x81\xc5\x22\xa0U\
Dd!\xc0\x1d\x9e\xba\x94O\x7f>\x7f\xfb\xb9;:\
>Q\xba\xfc\x5c\x12\x01\x11\x10\x01\x11\x10\x81\xb9#`\
\x01pqq\x0f\x1b\x84m<\x12\x18\x8d\xa2\x85\x14\x88\
\xc32\x96M(\xc0\xcc\xc6*a\xbc\xcbl|z\xed\
\xa4a\x8bG\x9do7\xa1\xd1\xc1iqG'\xae\xad\
\xa1\xd5\xee\xe0Q\xa4\xf8\xc4\xe93\xf6\xa13gm\x8b\
f\x95|\x5c\x09\x1c\xe2\xb8\xfb\x9f\xa8C\xec\x80\x9a\x9e\
o\x02_z\xe5\x15\xbbt\xf5\x8a\xad\xf6\x02\x9d\x9d\xfe\
\x0eO\x93\x8eN\xca\xdd\x1d\x17\x100\xfc\x156\x1f\xed\
\xc6\xf3\xf9~\x0b\x9a\xd9Xcd\xd6\x8f\xf7\xf1J\x22\
 \x02\x22 \x02G\x91@\xb5\x8c\x07T\x0e\x0f\xf8\xa0\
\xf3\xc3\xd7\xfb\x9f\xb4s\xd5\xee\x8e\x0d\x92x\xeeG1\
\xe3+U\x85\x1e\xe7\xe29cqw\xc7\xa7:\x19\xfb\
bf\x95\xfd\x19\x9bx\x00\x91V\x96xpq\x11\xa7\
\xe8\xf4|\xe4\xdcS\x06=D`F\x09\xf8'kF\
\xbb\xa6n\xcd\x13\x81/\xdd\xbcb/^\xbfd\x0b\xdc\
\xd5\xf1m\xed\x8c\xab>F;\xe0\xb3\x9f\x7f\xad\xcd\x1d\
\x1c.b\xc1M\x81\x87\xb5&\x8cQ\xd1\x22 \x02\x22\
 \x02\x220'\x04\xdc\xd8\xb9u\x1b\xed\xeef\xb7X\
\x95u\x04h\x0c\xcduw\x87\xc7\xcb\xb8\xea\xba\xfc\xb8\
/\xa3\xc3\xe4\x02\xc3J\x83,f^\xd7\xe0\xe4\x80\x02\
o1\x14\x05R:<\xbfrQ\x8e\xce\x01aW3\
\xbb$\xe0\x9f\xa0]\x16U1\x11\xb8\x9f\xc0\x0b7\xbe\
j\xcbE\x17\x8be\x0f\xcd\x90#\x0b\x05\xfc\xebl\xfe\
\xd5\xb5zr\xf6\xc9\xda|r\xa76\xd6\xe0\xc6\xa2V\
\xc9\xa4a\xd5\xf1\x8c\xf6\xa7O\xf6\x1eR\xfe+p\xd5\
\xca\x9a\xaf\xae\xd5b\xbc\x9e\x22pt\x08h$\x22 \
\x02\x07M`\xab\xafw\x8d\xefOm\xab<\x1c\xc9Q\
\xd9-w\x13\x5c\x9e\xc6<\xe6\x8e\xd2@\xf0\x90qL\
\xf2hp\xd1pX\x16#\x86\x95\xd1\xba\xa6\x11\x8c\x03\
\xf7\x81\x0c\xf5\xc3M\xeb\xa8\xea4\xaf\xb7\x96\xdb\xce\x98\
\x94\xa8B\xb7\x9d\xcc\xd4/\x970\xceo\x0f\x13\xd6\x8b\
\xea\xc7\x84\xfc\x1b\x1b\x8btl\x96\x8a\x1c\xaby\x8e\x07\
z\x1d<w\xe1I\xfb\xcd\xf3O\x1a\x8b\xe9)\x023\
M\xc0\xdf\xcd3\xddAun\xfe\x08|\xf9\xc6e[\
\xc9\xd7\xb1D\xa7\xa7\xef\xf0\x04$\xd1\x05\xa4\x81\x93'\
'|\x0b\x9c\xa6]H9\xa9\xd2\x1d\xe2D\x1b8\x03\
G\x14\x88\xe8q\xd0]\xc4\xd8\x86Y\xaf/\xe40\xa6\
0\x0b\xebJ9\x01\xa7<O\xc1\x13\xca\x17\xc7\x06\xbf\
^\xc3\x0c\x81\xfbG\x11%s\x97\x00\xeb\xdd \xec\xec\
af0\x9b\xac\x9d\xd5\xb6\xf3\xdc\xb5\xb1\x1d-i\xd6\
\xef\xd3h\xfcN\xcf\xcd\xfa\xf5\x98\xedO\xb8\xd3\xfe\xec\
4\xbf\xd9\xbd~\xef\xb4\xac\xf2c\xd3\xf7\xb6\xd9=\xb6\
f\xbb;\xc6\x16\x0f\xb3\xcd\xeb\xdd\xa28\xfa7f\xfe\
\xf9\xdf\x9d\xb6\xaa\x7f\xbf\xd3\xeb\xcf\xf7\xa4p\xab\xf6\xcd\
6\xe7g\xb6E:\xe7\xca4\x01\xb2\xd4\xe0a\xc2\xf9\
\x13\x91\xf3&\xe3\xfdW\xbf\x22\x8f]\x81\xf3\xe98a\
\xda\x87\xaf\x82\xedV,\x97\xd0~\x8c\xca\xdc\xbe\x0c\x04\
\xffJ\xc1\x14\xaa\xeb\x9a\xd4\x06`@-\xb6\x89\xbb\x0f\
wX\x02\x9c\xe1=\x19\xcf)\xf6\xd9\x5c~m\xe8h\
XB\xdb6P\xc20\xb1\x12\xae\x94\xd7\xe2\x9eX\x82\
\xf9\x93\x98\xa2V\xc67\x7fZD.(\x064\x02`\
\x95#T\x7f\x0eh-\x99?$\x06W\xe41+e\
\x9e\x84\xe5\x93\xbe\x1d\x06\xafh\xe8\x00l3mFX\
F\xab\x19\x0b\xe4E\xa0\x7feH\xd2\x06\xd2\xac\xc9\xfc\
)\xb2\xbc@\xab\xdb\xc1j\xbb\x8d\xdf?\xf7\x84}\xf6\
\xfc\x13v\xe1i\xfdm\x0e\xf4\x98\x1b\x02\xc9\xdc\xf4T\
\x1d\x9d+\x02\xcf\xdf\xb8a\x0f\xf4\xbaX\xe1\x0a\x90\xaf\
\x04\xb5\xb8\x22\xd4\xe0.O\xc2\x09\xd6\x07\x12\xf8\xces\
\x01\x09\x92\xd2\xaa\xc97\x8d\xe0d\xdc\x17\xa7l\xf4\x1f\
\x8c\xe4A4\xc6X@\x7f\x05\xaa\x7f\xcch0\x9a\x93\
q\xb8[\x8e\xf6\xa1:N8\xf1\xbb<\xcf\xa8\xbc\xae\
\xd18\x9d\x8b\x80\x08\x88\xc0q&\xe0\x0e\xd7q\x1e\xff\
\xae\xc6\xee\x0eN\xad\xb1\x15\x84\xb1\xb1\xf7\x22\xdd\xbe\x95\
<\xad\xe5\xe7\x916\x8dQ|\xd6\xf6\xac\x0e\x19U=\
i>\xab\xb0\xb2\x87<\x0a\xb4\x8d\x18\xd8V\xcf[\xa7\
\xfb\xb1\xdbUW\x12@k\x1b\xfa\xf6\x91e<\xad\xd5\
j!\xb2\x5c\xa7\xb3\x8en\x97\x0b\x8c\x064\x9a)R\
:\xbf\x91\xf6\xda\xb8`\x99\xe4m,\xd0\x96\x9f\xe2.\
\xd3\xf9\xcf\x9cg\x0e\x16\xd6s&\x09\xa8S\x93\x09$\
\x93\x93\x94\x22\x02\xd3\x11\xf8\xc2+7\xec\xd2\xe5\x97\xec\
\xedu\xc3G\x00\x00\x10\x00IDATd\xa7\x83\x15\
ny7\xcb\x1e\x10{\xe8%=t\xd2\x1c\xdd\xa4D\
\xc2\x09\xb4Y\xa6\xc8\xca\x0cI\x91\xd0\xe9I\x91\xf8\x1f\
k\xc6\x06\xb8\xd4\x84\xd2R*\x19\x08(\xb9\x9aW&\
\x05\xc3\x02\x81aRF\x9654\xe80\x0d\xcb\xe8\xd1\
\xb8\x98\x9d\xf5\x81\xed&\x95\x18\x8da1e\xd3\xa7\xdf\
\x00l\xa6M\x0b+Q\x04f\x9c\xc0f\xef\xed\xbdH\
\xdbj\xf8[\xb5\xb1Uy\xa5OO\xa0\xbe\x06^\x93\
\x1f{(\x1d4\x01\xda'\xba\x22u\xab\xf5f\xd4\xb0\
\xad\xaa\x8e\xe9\xb1D*0c\xce\x22\xdd\x0ch7\x22\
rz3\x05\x8d\x9d;?\xa0\xf3\x92\xc4\x00\xff\xda\x99\
\xabQ\xf2\x98j\x84P\xed\x02\xa5L3\x8a\xd9Q\xb4\
K\xc4^\x82\x0c\x0bh5\x16\xd0\xcc\x1a\xecEDI\
\x07\xa7h\xbf\x83\xa4\xb7\x86\x13(\xf1\x99\xcf\x9c\xb3O\
?w\xce\xa0\x87\x08\xcc)\x01~\x5c\xe6\xb4\xe7\xea\xf6\
\x14\x04\x0e\xb6\xa8\x7f\xad\xed\xf2\x95\xaf\xda\x89\x1eW\x88\
B\x97\x93p\x97\x13j\x97\xbb2%\x12:+}\x81\
\x8eN\x06T\x8eN\x8a\x88\x06\x02\x15\xe9\xf4\x04N\xc5\
\x91%|\xb2\xafzn%@%\xdc\xbd\xe1\x1c_9\
;\x09W\xd7\x12.\x8aU!\xb7\xecS\xa4\xf0\x871\
\xceC\x97\x97w\x0d\x1f\xd7\xe7\x1e'\x89\x80\x08\xcc\x16\
\x01\xbf\xf9>LMKc\xab\xbeO[\xff~\x94\x1f\
\xee\xf3~\xd4\x7f\x9c\xea\x1cf9\xeex+\x16\xb5\xd3\
\xe3\xf9\x82\xbfP\x1e\xba\xddrq\x8d\x0fe\xe2\x8b\x80\
\x80\xe7\xf5m\x9b\xd4\xed\x223\xa5TF\xa5\xb4\x81n\
\x1b\x8de\xfd\xe9\x0eQ\xbfL\x82\xc0B\x99\xb5\xb0\xd0\
h\xa1\xe9_\x91\xeb\xe5H\xdam,\xe6\x1d\xfc\x97\x8b\
g\xed\x11\x0b\xb8xA?>\xe0\xdc\xa4\xf9&\xc0\x8f\
\xc9|\x0f@\xbd\x9f\x1f\x02_\xb9v\xd5\x1e\xec\xb6\xb1\
\xca\x89\xd4\xff\x9e\xa7\xc5\x9d\x9e$\xe6\x00'g7\x04\
\xa0\xfb\x03:5\xee\xdc\xd4*-C\xa8\x1c\x17\xe3<\
\x9eP<\xe3\xaaT:PRF\xa4tt\xd2\x90\xc0\
\x95\xf0\xd8jqW\x08\xac\xaf/lx\x84\x0dg:\
9\xf6\x04\x04@\x04\x8e!\x81\xfe\xbc\xdb\x1f\xf8\xf0q\
?F\xaf\x07C \xd9\xb4\x99\xc8T\xb7W\xd1@[\
\x08T!\x9d\x10\x0f\x99T=}Q/eFwp\
\xaa\x906\xd5\x17\x03=\xde\xe5y\x99\x8c\x82M\xe5)\
\xb8\x13\x14\xaa\xe3\xd6\xf2\x0a\xd2\xa4\x81\xb2S \xaew\
\xb1\xd0\xe9\xe2dQ\xe2\x8f.^`k\xc0\xe9\xf3\xe7\
\xab\xb0jD/\x220\xc7\x04\xf8\xd6\x9f\xe3\xde\xab\xeb\
sG\xe0\xf9\xeb7\xed\xca\xcb\xd7\xed\xe1\xf5\x0eNv\
\xd7\xd1*\xbbH\xe9\xf0\xa4p\xa7\x87\x13.'\xe9j\
P>;\xbb\x93\xc3\xd5&pg\x07\xd5\x8e\x8f!\xa1\
#\xe3N\x8d\xafX%\x9c\xbd\x8d\xe7%\xf3\xba\xa1\x8e\
\x96\xf4\x8d\x01\x1d\x1cF\xd1*$\xf0\xb06\x14\x18z\
$C\xc7\x9b\x1dV\xf5\xb2O\x93\xc2\xcd\xca*M\x04\
f\x9d\xc0\xa4\xf7\xf5^\xc5o5\xfe\xad\xda\xd9\xaa\xbc\
\xd2\xa7'P_\x03\xaf\xc9\x8f=tI\xfbL\x80\xb6\
\x0b\xd5\x02\x1f&>h\xe2\xaa4\xb7c~0\x1cZ\
\xb5\xe0\x87\xea+\xdci0.\x04\xf6\xe5\xf9\xc0z\xa3\
Y\xdf\xfe\x19*\xc7\xc6\x9d\x1cwv\x5c\xfe\x15\xb8j\
W\xa8,Qv;\xc8:=<\x10\x02\x1eM\x1bx\
\xfaY98\xd0\xe3\xc8\x11H\x8e\xdc\x884\xa0\xb9 \
\xf0\xe5\x1b\xaf\xdbKWo\xd8R\xbeNgg\x0di\
\xe8\xd0\xb5q\xc7\xa7GW%P\x91\x937\x18R\xd1\
x\x9c0OF\xa5H\x86vq\x98\x84\x92NN\xad\
08\x0e\x89!\xa4\x14k\x88\x8c\xab\xa1\xf8*W_\
\x81u\xba\xea\x14\x85\x22 \x02\xb3F\xc0o\xbe7\x13\
B\xc44\xda\xacnO\x9b\x96\x87\xd7\xb1\x99\xa6\xad\x7f\
?\xca\x0f\xf7w?\xeaW\x9d\xa3\x04\x8c\x11\x1b\xc5w\
5\x5cL\xa8\x9e\xfe\xd5\xb3Qy\x89\x16=\x97\x05z\
.\xcd2\xa1\xd3\x93\xc0\x17\x03i\xd5\xe8\xdc$\xe8%\
\x09\xba)\x95\xf18\x05\xf2\xa4/\x16A\xf4\xc2\x5c\x1a\
\xcc\xd7o\xa3U\xf4p\xd2J\x5c|\xf6\x8c\xfd\xe6\xc5\
\xd3U\x0a\xf4\x18G@qsL\x80o\xff9\xee\xbd\
\xba>\xf7\x04^\xb8y\xddV\x8b5\xb8\x96\x8b6\x96\
\xb8\xd3\xb3@\xb5\xca\x02\xcdP\x22+\x81$\x80\x8e\x89\
\x01t\x5c\x5c\x91nQ\xa8d\xd5\xa4\xee\x93w\xadz\
\xf5\x8as\x7f5\xa1\xf7'u\x16\x1d<\xfb\x8e\x0e\x90\
\xc6\xbe\x06\xd1\x0aD@\x04D\xe0\xd8\x11p\xc7\xe6\xd8\
\x0d\xfa\x00\x07\xec|7\xd3T]\xe1\xceP\xb5\xf0W\
\x85\x19\xabJ\xaa\x85\xbf\x82NNm\x0f=,-\x80\
\xe6\xce\xf7z\xd0\xe0\xe2@\xab\x8cX(\x22V\xf2\x12\
\x0fqw\xe8\xbd4\xb0\xe7\xf4\xe3\x03\xe4\xa7\xe7Q&\
 gg?\xae\xae\xea\xdc\x11\x81\xe7o\xbef/\xbc\
\xf2\x8a\xbdt\xed\x8a\x9dl\xdf\xc6\x89\xf5;X\xee\xdc\
\xc1B\xa7\x83\x852\xaf\x9c\x1ewN@\xcf\xc5wp\
|2\xcf\x93\x8c+U\x19z\xbeb\x95\x06\xe4T\x8f\
*8q\x17\x0csz5\xa5\x01\xc1\xbf\xebF\x99\x19\
]%C\xca0\xe3\xb4\x9f\xc5\x94\xe7.\xdc\xf7\x186\
N\xf7%\x8eD\x0c\xe7\xdd\x8f\xe3\x91\xe6\xf6\xfc\xd4\xcc\
`6Y\xd368-\x93i\xdb\xdfn\xf9\xd1~\x86\
\x10\xe0\xdan\xf9\xe3\x9ao\x94\xdbN\xcf\xf7\x9b\x9b\xd9\
\xe4\xf7\xb6\x99m\xd9\xfcN\xc73\x9a\xdf\xcc\x0e\xec\xf3\
5:\x183\x1b\x8d\xba\xef\xdc\xcc\xa6\xea\xdf\xe8xG\
\xcf\xefkp$b4\xff\xe8\xf9H\xf6MOG\xcb\
\xfa\xf9\xa6\x05\xb6\x91h\xd6\xe73\x9a\xd5l|\xfc\xa4\
|f\xfd\xfcf\x1bC\xef\xe38!\xd2=q\x0d*\
\xa49\xa31c\x1c\x9d\x15\x0cdUz\x02\xae\x09\xa2\
W\x96\xe82\xaf;7E\x96\xa1l\xa6\x08T\xc1\x1d\
\x1b\xffb\xc3\x02_V\xb8px\xa2\x17\xf0\xe0z\x89\
G\xda%\xde\xdb-\xf0\x18\xeb\xf8\xed\xa7\xf5\xb55\xa2\
\xd3\xf3\x88\x13H\x8e\xf8\xf84\xbc9#\xf0\x85\xd7_\
\xb7\x17_\xbdf\x97o\x5c\xb2\x93y\x07\xfe\x93\xd5\xbe\
\xcd\xde\xa8~\xcc\xa0\xa0\x0d(Qp\xe6wg\xc6\xc5\
\xe9\x1f\xb0\x00\xff\x7f\x06\xeam~Z\x05\xb8\x028\xbb\
\xf3h\xf8\xc9\xa2\xa0\xef\x83:\x1cN\xd3\xf1\xfe\x11P\
\xcd\x22 \x02\x07K\xc0o\xa2\x0f\xb6E\xb5\xb6\xd7\x04\
\x8c\x15\xbah\xf8\xe0\xe1\xb0\x98\x84\xac\xd9@\xd2re\
H\xd2\x14%\xef\xe8\xca\x90\xa3\xdbm\xa3\xdb\xbe\x83\x93\
\xcd&\x16\xba=\xfc\xc9\xa7~\xcb\xfe\xe0\xf4\xa7\xec=\
\xdd\x80\xf7\x87\x04\xff`=\xe0w\x9ey\xca>\xf6L\
\xff\x87\x08\xbc.I\x04\x8e2\x81\xe4(\x0fNc\x9b\
o\x02\x7f\xfd\xeae\xbbt\xfd+\xb6\xda]\xaf~\x0a\
3+;H8\x91\xc7\x98\xd3\x8d)QZN\x03P\
 \xe1V\xbc\xff:[\xc2%.\x0f\x0d\x81\xf1}\x81\
\x8e\x90;>\xe3H\xb8\xc33.\xfe8\xc5\xf9\x0d\xd1\
f:N,4\xd6\xf9#\xe0\x06l\x1a\x1d\xe2\x88\xf7\
\xbci\xff\x1cOS\xe9\xb4\xe5\xa7i\xfb\xd8\x96\x8d|\
\xf7\x8e\x91/\xc8\xb9\x8c\xbb8\xae\x84;0\xa3r\xbb\
v\xbbs\x07\xb7zkh\x17\x1d\xe4\x81\xf6\xd1J\xb4\
\xd2\x88\x07\x1a)\x1eid\xf8\xdco\xfc\x86\xfd\xf1\x99\
'\xed\xe6_})\xfe\xef\xbf\xfc\xeb\xf8=\xdc\xd9\xf9\
\xf8\xb3\x8f\xdbG\xfe\xe0\x8c\xfbM\xc7\x16\xbb\x06~\xfc\
\x08\xf0\x93v\xfc\x06\xad\x11\xcf\x17\x81\xaf\xdc\xbcl\x0f\
t\xef\xe0\x01:=\xcby\xbb\xda\xedY\xe2\xae\xcfb\
\xaf@\xab\xa0\xb8\x85\xef\x7f\xdf\xd3pg'\x14\xc8h\
 R\x1a\x874\x00.wj\x5c\xa3o\xf6h\xf3\xc5\
\xe18\xf6\xd6o\xc06\xd3~3\xd9\xac\xed\xed\xa4\xed\
w\xff\xe6\xbd\xfe\xad\x18N;\xbe\xfd\xae\x7f\xda\xfeM\
[\xde\xc77\x5c\xc7\xb8s\x8f\x9b$/[\xa7\xd5\xc7\
\xc3\xa1\x1f\x1f\xa6\xea\xbeM\x0a\x0f\xb3o\x07\xd5\xb6\xdb\
.7U\xf4aP+\xe3r^\xc6\x0e,\xb4R,\
6\x124\xe9\xe44c\x81\x85^\x17+\x9d.\x1eh\
\xb7\xf1\xe0Z\x1b\x97\xfe\xdb\x9fGf\xc3\xc7\xcf>n\
\xff\xfa\xdc\xef\xd8\x8f\xff\xfeS\xe6\xe7\xb3)\xf5J\x04\
\xf6\x8f\xc0\xe8\xfd\xdf\xfe\xb5\xa4\x9aE`\x0a\x02_z\
\xfd\xa6\xbd\xf4\xca5{\xe5\xea\xcb\xf6\x08'\xf2w\xaf\
\xb7\xf1p\xa7\x8d\x13\xbd\x1c\xcb\xd4\x92\x8b\x8e\xcfB\x11\
\xd0,r4\x8a\x12\x99;<\x94!\x22\xe1n\x8f\xaf\
\x84\xb9\x83\x138\xdd\xfb\xdf\xfe\x04\xc6N\xd1%\x15\x15\
\x01\x11\x10\x81C'P;\x02uGF\xcf\xeb\xf8q\
\xa1\xe7\x1d\x8d\xaf\xe3\xeap4]\xe7\xdb'\xe0\x0c7\
S\xa0\xd3\xd2W\xa4\x85\x8a\x18\xce\x0b.\xda\xb9|g\
\xa7^\xb4K\x02\xe8\xf0X\xf5m\x86,\x04\xda\xb9.\
\x16\xcb.N\xb2\xf4\xbb\x01<\x1a\x81\xef\xc8K<\xfd\
\xd49{\xf2\xc2\x05\xfb\xe4\xe0\xff\xcba\x92\x9e\x22p\
\xac\x09\xcc\xa5\xb3s\xac\xaf\x98\x06\x8f\xe7_\xbbi/\
\xbez\xa3r~Nv\x0a,srw-r\x8b~\
\x91NN\xab\x0cp\xa5\xdc\xf1I\xab\xaf\xb8m\x84\xe6\
\x0eO-\xda\x8e\x8d\x89\xc7\xecl\xd8\xb8\x8e;>f\
84\x5c\x11\x98[\x02\xfe\xf9\x1d\xee\xfc\xe8\xf9p\xda\
\xb8\xe3\x9d\xe6\x1fW\x87\xe2\xa6'\xe07e\xbe\x9b\x93\
\xd0qq\x99WI\xc7\xa7\xda\xd51\xa3\xb3\x03\xb8\xf3\
\xd3\xe0B\x9e\xef\xe4\xf8\x82\xdf\xa9\xbc\xc0\xc3\x5c\xf0\xfb\
\xf4SO\xda'/\x9c3\xe8!\x02\x22\xb0\x81\x80\x7f\
\xae6D\xe8D\x04\xe6\x89\xc0\xe7\xbfv\xd5^\xb8y\
\xd9\x96\xf2\x00\xd7B\xaf\xc4b\x11\xd1\xa0\xc3\xd3\xe0\xca\
\xd7\xbd\xff|\xb4?*wn\x02wt\x82q\xaf\xe7\
\xe8\x98\x84\xfe\xe0\x8e\xe0\xab\xdf\x80m\xa6\xfd\x1e\xf2f\
mo'm\xbf\xfb\xa7\xfaE`\x98\x80\xbf'G\xcf\
=n\x92<o\x9dV\x1f{(\x1d\x1c\x81X5\xe5\
\xb7b\xae\xea\xe4\xee\x8b\x9b\xa8\xca\xf1a\x8c\x87\xc6\xc5\
;Z\xae\xeaWE\x9b\xb4o\x8f6\x17p\xfa\xe9\xf3\
\xf6\xef/\x9c\xb5_\xbd('\x87\x98\xf4\x14\x81\xb1\x04\
\xee\xfft\x8d\xcd\xa6H\x11\x98m\x02\xee\xf4<\xff\xda\
e\xf3\xbf\xef\xb9t\xed%;\xd5m\xe3$u\xc2\xbf\
\xc3\x9cw\xb1T\xe4\xdc\xed)\xab\x9f\xb1n\x84\x02i\
\xecQ\xc1\xdd\x1eT?b\xe0?dP\x0b\x1b\x1f\x91\
\x16'\xd29\x1a'\xb0\x86\xc3\x97\xf7\xb7\xfe(\x1fd\
\xe8m\xed\x85\xd4\xff\xfe{\xe8\xb08\x1c^\xbb\x91\x1f\
\xae\xfe\xcd\xb6\x0d\xbe\xc2\xb31\xdc\x92\x8b\xffq\xb7w\
\xff\xbe\xd0\xdf\x97@\x0c\x83\xfa&\x84[\xd6_}\xbe\
\xbd\x81~}\xb3\x96\xdf\xf9y\xefv\xdd/\xe76F\
\xfdz}\xcc\x87+\xef\xc7\xa62^c\x0a\xbcN|\
+\x11E\x82\xed\x86\xcc\xcc\xa7\x8f\x8f\x01\xcb\xfb\xab\xd7\
\xb3\xfd0ABvw\xc5\x82^\xdbd\xf5\xedM\x82\
~X\xd9\x1d\x1e\x9b+\x06\xda\xa3\x02\x8dXr\xa1\xae\
\xacl\xd5B\x99c1\xefa\xa5\xe8b\x856\xecD\
\xde\xc6\x83\xb4in\xd7Nu\xda8\x7f\xee\xb4\xfd\xea\
\x99\xc7\x8d\xcd\xea)\x02\x22\xb0\x05\x01\xff\x5cn\x91E\
\xc9\x220\x7f\x04\xbe\xf0\xea\x0d{\xf1\xc65\xfb\xea\x95\
\x97\xec\xea\xa5\xbf\xb1\x07;wp\x92Z\xed\xads\x07\
\xa8\xcd\xdd\x9f\x0e\x8dJ\x87\x06\xa6\xa4\x99\xa3b\xa4\xe1\
\x8a\x1ch\x84\xf9w\x07\x12\xda\x10*\xf8w\xaai=\
\xc3@\x05\x8d[_\x19B\xc8hiS$!\x85\x95\
\xc9\x06!\xa6UZ\x1dF\xa4\x18'C\xc6\x16&+\
\x944\x85\x9b(\xb2_S\x89\xa3\x8f\xee\xc8M\x08\xab\
q\xb3\x87cC\xb6]\x06\xc3f\x1a\x1es \xbbZ\
u\x19\xb0\xddi\x14\xd9\x87iT_\x9f]\x87[\xf4\
\x9f\x8b\xaf|\x9f`\xd7\xda\x8a\xcdVc\xdf\xaa\xfdi\
\xcb\xd7\xfd3KaC\xaa\xe3\xb7\xaa\x7f\xb8\xcc\xb8\xe3\
\xba\x9eIa\x09C\xc9\xf7\xc0\xa40&\xfc\xdc\xb1_\
\x93\xc2I\xf5\xd6\xf1[\xf5\xff\xb0\xd3\x8dc\xab\xfbZ\
\x87\xc3}\xaa\xe3&\x85\x96r\x1e\x83\xc1CW\x19\x81\
\xc8\xf9 M\x1b(\x8a\x80\x94\xa1+K\x1a\x18\xa7\x84\
\xe9\x96p\xfe\x1a\x12+\xc3v\x15\xf9\xf9\xd9L[\xd5\
S\xcdK\xbc\xfe\x1enV\xcf\xd84\x8e\xb3\x8a\xdfe\
\x08\xf6\xdd8\xa7\xa5!A-\xff\xff\xdb\xfa2d\xec\
W\xd3\x0c\x0d\x80\xc7\x11i\x8c\xb4\x15\x81v\xa2\x04\xe1\
VJ\xb8\xc0fp\xfb\xc3\xc5\xb7\xd0C\x93\x8e\xcdB\
\xb9\x8e\xdf?\xf7\x84}\xf6\xfc\x93\xf6\x99\x8bg\xec\xe9\
\x8bO\xd9\x85\xa7\xcf\xdaSO\x9f\xb3'\x9e9o\x8f\
S\xbf\xf3\xcc.vq\xd8\x0f=E\xe0\xb8\x12H\x8e\
\xeb\xc05\xee\xe3E\xe0\xf9\x1b\xd7\xed+\xd7\xae\xda\xe5\
\xcb\x97\xec!\xae\x8a=\xdcn\xc3w\x7f\xaa\x9d\x9f^\
^\xad\x9c-\xd3\xd0\xacp%m\x89\xbb@\xcby\xce\
\xdd\xa0\x12\x0b<^(\x0b\xae\xb4\x15\xf0\x1d\xa1VY\
V\xbbC\xfe\xebo\x19W\xe1\xdc\x80\x19be\xc8F\
\xc3d\x10_\x87\xa3\xe9^\xd6\xd3\x5c\xf5\xf1h\x98\xf1\
2\xa5\x06\xbaD\xc0\xb80\xe5\xddl\xc2\x95\xc14\x16\
4\xbd\x81\xfd\xd8a\x88\x02\xe6\xab\x8a\x13\xc2F\xc2:\
\x0d\x18\x1b&`{\x91\xb7J\xe3\xc7?:\xde\xd1\xf3\
j\xacl{\xaa\xfe\xefv\xdc^\x8emW}\x18\xb9\
N\xc9N\xce\xa7\xe4\xdf\xe0\xcdNF\x8e\x93\xc2]_\
W\x1f\x1f\xdf\x17\x93\xea\xad\xe3\xb7\xaa?\xe3\x8dXj\
\x91\xef\xbf\x92\xef\xbf\xfb\xc3\xad\xca\xefw\xfa\xac\xf7o\
\xbf\xc7\xbfU\xfdI\xc8\xf9\xf9.y\x93=),\x11\
8\xc7\xc1\x15J^g^c.\xf2\xb4\xd2\x04\xcd,\
\xe5\x8dy\x81\xc8\xf9\xcf\xa8q!\x18\xcf\x0c0\x96\xf5\
p\xdcy\xe4N\xba\xc7\x8f\x0b\xebr\xd3\x86\x889\xaa\
\xf6w\x12V}f9\x86\x89\x97\xdbah,\x13i\
\x03\x22?#\x119\x02\xc7Y\xd2~\x94E\x878\xbb\
({\x1dt\xd6\xd6\xd0\xeb\xac!\xf28)z\xf0\x9d\
\x9b\x854`\xa5a8\xc9\x09\xfdO\x9f\xf8\x94\xfd\xd9\
\xe9O\xdb\x7f<s\xda\x1e\xa2\xcd\xf9\xbd\xf3g\xed3\
\x17\xf4\x7f\xdf\xd0\xec\xe9)\x02{J\x80f\xf6\xbe\xfa\
\x14!\x02G\x9a\xc0\xe7o\xde\xb0/\xber\xdd^\xa4\
\xf3s\x85\xce\xcf+\x97\xbej\xaeG\xd6\xdb\xe8\xff\xd2\
\xdb\x1a\x1e\xa6\x81z\xc8\xd5m\xe3T\xa7\x83\x93\xdc\x11\
\xf2\xaf\x10\xf8W\x09\x1e\xe8\xb5q\x82Z\xc9\xdbh\x85\
.W\xed(P\x91\xaaC?\x1eQcp^\x87\xd9\
\xe0|\xaa\xd0\xdb\xe3\x0dMF\xc3\x9b\xed&d\x99\xc6\
\xa0\xec\xb80-{\xc8\xb8\xe28>\xec \xe3\x18\x1a\
\xd4N\xc3\x06z\x5c\xf1\xecU\xe53\xf6!\x1b\xf4\xe1\
@\xc3A\xbf\xbd\xef\xbb\xd6\xb4\xfc\x0fc\xdc\x87\xc5[\
\xed\xf2\xfd\x9e\xe3\xd0\xde\xefc\xf8\xb7\xe8l7\xf8\x1e\
L\xb8\xd0\x93\x96]x\x98\xf0f\x1d\x9c\xdf\x8c\xf3[\
\x937\xf2-\xffY\xe3\x09a\x95\xc6t\x0f\xb9\x17\x04\
\x0f\x9b\x83\xf3Y\x0f\xbd\xaf\xb5\xb6\x1a\xe7\xb8\xf4\x06\xc7\
\x995KX\x8bj\x04$<N]Y\x81FVR\
\x05V\x97R\xac\xb6\x0c\x8bY \x9b\x1ci\xd9\xc6\xef\
=\xf9\xa4\xfd\xee\xe9'\xec\xb9'\x9f\xb0aC{V\
\xbf\x9c6\x8cC\xc7\x22\xb0\xa7\x04\xe4\xec\xec)NU\
6\xcf\x04\xdc\x09\xfa\x02\x9d w\x84\xbe|\xe3\xaa\xbd\
p\xfd\xb2}\xf5\xc6e\xbbt\xe3\x92]\xb9v\xc9\xae\
^{\xc9\x1e\xee\xdc\xc1\xa9\xee\x1aN\xf5\xde\xa1\x03\xb4\
\x86\xd5\xc2\xd5\xc6r\xd1\xe6\xf1\xbdp\xc5\xcfy\xb3P\
\x87\x9e\xee\xce\xd1p\xe8\xc7\xab\xcc\xe3\xaa\xf3\xed8\xcc\
\xbbU\xbb+\xbb\x0c\x97y\x93\xd3\xefW\x17\xe3\xc2E\
\xde\xf4,q\xbc\xe3\xc3\xfex\xfb\xe5\xda\x83\xf2\xf7\x87\
\xcbt\x14\x97\xf2\xf5\xfb\xd2\xfb\xe3\xefN\xd5\xff\xdd\x8e\
\xbb*Gf+#\xd7i\xc7\xe7\xacc\x95uT\xf5\
\xed\x22\x5c\xa23\xbd\xdc[\xc3\xa4p\x99+\xc2+d\
7)\xdc\xaa\xddI\xf5\xd6\xf1[\x95W\xfa!\xbe?\
w\xf1~\x1a\xbd^\xab\xdcM8Qv\xf8\x19\xeba\
\x5c\xb8<\xf4\xf9?Agg\x95\x0e\xd1*\x9d\x1d\x0f\
O\xd2\x09\x1a\xff\xb9_\xc3p\xfc\xf2`~X\xe1\xe7\
\xdc\xe3\xeb\xf3Y\x0f\x17\x07\x9f\xbb\xc9\xf3\xdb\xc6q\x8e\
\xe6\xf3\xf2\x8d\xf5[h\xaeQ\xed\xdb\xf8\xa3\xc7\x1f\xb7\
?<\xfd\x84\xfd\xe1\x93g\xecsg\xce\xd8\x1f<u\
\xd6>\xeb\x8e\xcd\x99\xb3\xf6\xbbg\xcf\xd9\xef\x9e\xbbh\
\xff\xe1\xc23\x1b\x1c\x9cy\xb6\x97\xea\xbb\x08\xcc\x13\x01\
9;\xf3t\xb5\xd4\xd7C'\xf0\xf9\xd7o\xda\x17_\
{\xc5\xbe\xf4\xea+\xf6\xc2\xcd\xebv\xe9\xea\x15\xbbr\
\xe5e\xbbz\xf5\xf2Fy\x1cu\x8d\xf1\xae\x87\xb9K\
4NW\x99g3y\xd9-u\xe5\xaa(\x08\x83V\
\x00\x00\x08kIDATUyv\x11^\xbf\xfc\xb2\
]\xbf|\x85\x1a\x1f\xfa\xffe4Yk\xd5\x0e\xd8\xb8\
q\xd5q\x0f\xb5\xefL\xccs\xe3\xcae\xab\xc6\xce\xf6\
'\x85[\x8dkR\xb9m\xc5\x93\xbd\xef\xec\xb9\xaa\xfc\
<\xaf\xc3\xaa\xdd\xc1\xb5\xdb\xf2x\x17\xdc\xab:\xb7Q\
\xae\xea\xcf&|\xb6J\xdfn;;\xce\xe7l\x86\xfa\
?\xda\x8fi\xebS\xf9\xcbvm\x88\xef~\xf1\xb8z\
\xe9%{\xa8\xbd\x8eGz]\xbc\xa7\xc8\xf1\x85\xbf\xfa\
K\xbb\xc8\x1b\xf3\xf3g\x9e\xb4\xa7\xcf\x9d\xa7\xceR\x93\
\xc3g\xce\x9e\xb5g\xce\x9e\xa7\xfa\xe1\xb3\xe7\xce\xd9\xb3\
\xe7.P\xdb\x0b\x9f;\x7f\xde\x9e;\x7f\x91:\x9c\xf0\
\xd9\x0b\xe7\xed\xd9\x0b\x17\xa9\x9d\x87\xdeow^j\x1d\
\xbaqR\x07D@\x04&\x12\x90\xb33\x11\x8d\x12D\
`\xef\x08|\xfe\xb5\xaf\xd98\xed]\x0b\xfbS\xd3\xe7\
_{m\xd0\xefI\xe1\xf8q\x8d\x1b\xebh\xdc\xfe\xf4\
X\xb5\x8a\x80\x08\xec\x84\xc0\xf3\xff\xf3\x7f\xf13\xde\xff\
|\xef\xa4\x9c\xf2n$\xa03\x11\x10\x81\xd9% g\
gv\xaf\x8dz&\x02\x22 \x02\x22 \x02\x22 \x02\
\x22 \x02\xf3F`\xa6\xfa+gg\xa6.\x87:#\
\x02\x22 \x02\x22 \x02\x22 \x02\x22 \x02\x22\xb0W\
\x04\xe4\xec\xec\x15I\xd5\xb3{\x02*)\x02\x22 \x02\
\x22 \x02\x22 \x02\x22 \x02\xfb@@\xce\xce>@\
U\x95\x22 \x02\x220\x0d\x01\x95\x15\x01\x11\x10\x01\x11\
\x10\x01\x11\xd8\x1b\x02rv\xf6\x86\xa3j\x11\x01\x11\x10\
\x01\x11\x10\x01\x11\xd8\x1f\x02\xaaU\x04D@\x04vM\
@\xce\xce\xae\xd1\xa9\xa0\x08\x88\x80\x08\x88\x80\x08\x88\x80\
\x08\x88\x80\x08\x1c4\x01\xb5\xb7\x13\x02rvvBK\
yE@\x04D@\x04D@\x04D@\x04D@\x04\
\xe6\x86\x80\x9c\x9d\xb9\xb9T\xbb\xef\xa8J\x8a\x80\x08\x88\
\x80\x08\x88\x80\x08\x88\x80\x08\x88\xc0q$ g\xe78\
^u\x8dY\x04\x8e7\x01\x8d^\x04D@\x04D@\
\x04D\xe0\x98\x10\x90\xb3sL.\xb4\x86)\x02\x22 \
\x02\x22 \x02\xe3\x09(V\x04D@\x04\x8e.\x019\
;G\xf7\xdajd\x22 \x02\x22 \x02\x22 \x02\x22\
 \x02;%\xa0\xfcG\x8a\x80\x9c\x9d#u95\x18\
\x11\x10\x01\x11\x10\x01\x11\x10\x01\x11\x10\x01\x11\x10\x81\x9a\
\x80\x9c\x9d\x9a\xc4\xeeC\x95\x14\x01\x11\x10\x01\x11\x10\x01\
\x11\x10\x01\x11\x10\x01\x11\x98A\x02rvf\xf0\xa2\xa8\
K\x220\xdf\x04\xd4{\x11\x10\x01\x11\x10\x01\x11\x10\x01\
\x11\x98\x0d\x02rvf\xe3:\xa8\x17\x22 \x02\x22 \
\x02G\x95\x80\xc6%\x02\x22 \x02\x22ph\x04\xe4\xec\
\x1c\x1az5,\x02\x22 \x02\x22 \x02\x22 \x02\xc7\
\x8f\x80F,\x02\x07I@\xce\xceA\xd2V[\x22 \
\x02\x22 \x02\x22 \x02\x22 \x02\x22 \x02\x07F`\
\x0e\x9c\x9d\x03c\xa1\x86D@\x04D@\x04D@\x04\
D@\x04D@\x04\x8e\x10\x019;G\xe8bj(\
\xc7\x84\x80\x86)\x02\x22 \x02\x22 \x02\x22 \x02\x22\
\xb0-\x02rv\xb6\x85I\x99D@\x04D@\x04f\
\x95\x80\xfa%\x02\x22 \x02\x22 \x02\x93\x08\xc8\xd9\x99\
DF\xf1\x22 \x02\x22 \x02\x22 \x02\x220\x7f\x04\
\xd4c\x11\x10\x81!\x02rv\x86`\xe8P\x04D@\
\x04D@\x04D@\x04D@\x04D\xe0\xe8\x10Hp\
t\xc6\xa2\x91\x88\x80\x08\x88\x80\x08\x88\x80\x08\x88\x80\x08\
\x88\x80\x08\x88\xc0]\x02\xda\xd9\xb9\x8bB\x07\x22\xd0'\
\xa0W\x11\x10\x01\x11\x10\x01\x11\x10\x01\x11\x10\x81\xa3A\
@\xce\xce\xd1\xb8\x8e\x1a\x85\x08\x88\x80\x08\xec\x17\x01\xd5\
+\x02\x22 \x02\x22 \x02sK@\xce\xce\xdc^:\
u\x5c\x04D@\x04D@\x04D\xe0\xe0\x09\xa8E\x11\
\x10\x81y\x22 gg\x9e\xae\x96\xfa*\x02\x22 \x02\
\x22 \x02\x22 \x02\x22 \x02\xb3D`\xc6\xfb\x22g\
g\xc6/\x90\xba'\x02\x22 \x02\x22 \x02\x22 \x02\
\x22 \x02\x22\xb0;\x02rvv\xc7M\xa5vO@\
%E@\x04D@\x04D@\x04D@\x04D\xe0@\
\x08\xc8\xd99\x10\xccjD\x04D@\x04&\x11P\xbc\
\x08\x88\x80\x08\x88\x80\x08\x88\xc0~\x11\x90\xb3\xb3_d\
U\xaf\x08\x88\x80\x08\x88\x80\x08\x88\xc0\xce\x09\xa8\x84\x08\
\x88\x80\x08\xec!\x019;{\x08SU\x89\x80\x08\x88\
\x80\x08\x88\x80\x08\x88\x80\x08\x88\xc0^\x12P]\xd3\x11\
\x90\xb33\x1d?\x95\x16\x01\x11\x10\x01\x11\x10\x01\x11\x10\
\x01\x11\x10\x01\x11\x98Q\x02rvf\xf4\xc2\xec\xbe[\
*)\x02\x22 \x02\x22 \x02\x22 \x02\x22 \x02\x22\
\xe0\x04\xe4\xec8\x05I\x04D\xe0\xe8\x12\xd0\xc8D@\
\x04D@\x04D@\x04\x8e-\x019;\xc7\xf6\xd2k\
\xe0\x22 \x02\x22 \x02\xc7\x91\x80\xc6,\x02\x22 \x02\
\xc7\x89\x80\x9c\x9d\xe3t\xb55V\x11\x10\x01\x11\x10\x01\
\x11\x10\x01\x11\x10\x81a\x02:>\xe2\x04\xe4\xec\x1c\xf1\
\x0b\xac\xe1\x89\x80\x08\x88\x80\x08\x88\x80\x08\x88\x80\x08\x88\
\xc0q% gg\xa7W^\xf9E@\x04D@\x04\
D@\x04D@\x04D@\x04\xe6\x82\x80\x9c\x9d\xb9\xb8\
L\xea\xa4\x08\xcc.\x01\xf5L\x04D@\x04D@\x04\
D@\x04f\x95\x80\x9c\x9dY\xbd2\xea\x97\x08\x88\x80\
\x08\x88\xc0<\x12P\x9fE@\x04D@\x04f\x88\x80\
\x9c\x9d\x19\xba\x18\xea\x8a\x08\x88\x80\x08\x88\x80\x08\x88\x80\
\x08\x1c-\x02\x1a\x8d\x08\x1c.\x019;\x87\xcb_\xad\
\x8b\x80\x08\x88\x80\x08\x88\x80\x08\x88\x80\x08\x88\x80\x08\xec\
\x13\x81\x99sv\xf6i\x9c\xaaV\x04D@\x04D@\
\x04D@\x04D@\x04D\xe0\x98\x11\x90\xb3s\xcc.\
\xb8\x86;w\x04\xd4a\x11\x10\x01\x11\x10\x01\x11\x10\x01\
\x11\x10\x81]\x12\x90\xb3\xb3Kp*&\x02\x22 \x02\
\x22p\x18\x04\xd4\xa6\x08\x88\x80\x08\x88\x80\x08l\x9f\x80\
\x9c\x9d\xed\xb3RN\x11\x10\x01\x11\x10\x01\x11\x10\x01\x11\
\x98-\x02\xea\x8d\x08\x88\xc0\xa6\x04\xe4\xecl\x8aG\x89\
\x22 \x02\x22 \x02\x22 \x02\x22 \x02\x22 \x02\xf3\
B`\xb4\x9frvF\x89\xe8\x5c\x04D@\x04D@\
\x04D@\x04D@\x04D\xe0H\x10\x90\xb3s$.\
\xa3\x06\xb1{\x02*)\x02\x22 \x02\x22 \x02\x22 \
\x02\x22pT\x09\xc8\xd99\xaaWV\xe3\x12\x01\x11\x10\
\x81\xdd\x10P\x19\x11\x10\x01\x11\x10\x01\x118B\x04\xe4\
\xec\x1c\xa1\x8b\xa9\xa1\x88\x80\x08\x88\x80\x08\x88\x80\x08\xec\
-\x01\xd5&\x02\x220\xdf\x04\xe4\xec\xcc\xf7\xf5S\xef\
E@\x04D@\x04D@\x04D@\x04D\xe0\xa0\x08\
\xcc];rv\xe6\xee\x92\xa9\xc3\x22 \x02\x22 \x02\
\x22 \x02\x22 \x02\x22 \x02\xdb! gg;\x94\
\x94g\xf7\x04TR\x04D@\x04D@\x04D@\x04\
D@\x04\x0e\x89\x80\x9c\x9dC\x02\xaffE@\x04\x8e\
'\x01\x8dZ\x04D@\x04D@\x04D\xe0\xe0\x08\xc8\
\xd998\xd6jI\x04D@\x04D@\x04D`#\
\x01\x9d\x89\x80\x08\x88\xc0\xbe\x12\x90\xb3\xb3\xafxU\xb9\
\x08\x88\x80\x08\x88\x80\x08\x88\x80\x08\x88\x80\x08l\x97\x80\
\xf2\xed5\x019;{MT\xf5\x89\x80\x08\x88\x80\x08\
\x88\x80\x08\x88\x80\x08\x88\x80\x08\xcc\x04\x019;3q\
\x19v\xdf\x09\x95\x14\x01\x11\x10\x01\x11\x10\x01\x11\x10\x01\
\x11\x10\x01\x11\x18O@\xce\xcex.\x8a\x15\x01\x11\x98\
O\x02\xea\xb5\x08\x88\x80\x08\x88\x80\x08\x88\x80\x08\xdc%\
 g\xe7.\x0a\x1d\x88\x80\x08\x88\x80\x08\x88\xc0Q#\
\xa0\xf1\x88\x80\x08\x88\xc0\xf1& g\xe7x_\x7f\x8d\
^\x04D@\x04D@\x04D@\x04\x8e\x0f\x01\x8d\xf4\
\xd8\x11\x90\xb3s\xec.\xb9\x06,\x02\x22 \x02\x22 \
\x02\x22 \x02\x22 \x02\xc7\x83\x80\x9c\x9d\xcd\xaf\xb3R\
E@\x04D@\x04D@\x04D@\x04D@\x04\xe6\
\x94\x80\x9c\x9d9\xbdp\xea\xb6\x08\x1c\x0e\x01\xb5*\x02\
\x22 \x02\x22 \x02\x22 \x02\xf3C@\xce\xce\xfc\x5c\
+\xf5T\x04D@\x04D`\xd6\x08\xa8?\x22 \x02\
\x22 \x023M@\xce\xceL_\x1euN\x04D@\
\x04D@\x04D@\x04\xe6\x87\x80z*\x02\xb3F@\
\xce\xce\xac]\x11\xf5G\x04D@\x04D@\x04D@\
\x04D@\x04D`O\x08\x1c\xb2\xb3\xb3'cP%\
\x22 \x02\x22 \x02\x22 \x02\x22 \x02\x22 \x02\x22\
p\x1f\x019;\xf7!Q\x84\x08\x1c\x22\x015-\x02\
\x22 \x02\x22 \x02\x22 \x02\x22\xb0g\x04\xe4\xec\xec\
\x19JU$\x02\x22 \x02\x22\xb0\xd7\x04T\x9f\x08\x88\
\x80\x08\x88\x80\x08LC@\xce\xce4\xf4TV\x04D\
@\x04D@\x04D@\x04\x0e\x8e\x80Z\x12\x01\x11\xd8\
!\x019;;\x04\xa6\xec\x22 \x02\x22 \x02\x22 \
\x02\x22 \x02\x22 \x02\xb3@`\xeb>\xfc=\x00\x00\
\x00\xff\xff\x96\xaa\xb9#\x00\x00\x00\x06IDAT\x03\
\x00_\xd3\xd4\xae~\xf9q\x07\x00\x00\x00\x00IEN\
D\xaeB`\x82\
\x00\x00\x00\xa3\
<\
svg xmlns=\x22http:\
//www.w3.org/200\
0/svg\x22 width=\x2216\
\x22 height=\x2216\x22 fi\
ll=\x22#e10000\x22 cla\
ss=\x22bi bi-circle\
-fill\x22 viewBox=\x22\
0 0 16 16\x22>\x0a  <c\
ircle cx=\x228\x22 cy=\
\x228\x22 r=\x228\x22/>\x0a</sv\
g>\
\x00\x00\x00\xa3\
<\
svg xmlns=\x22http:\
//www.w3.org/200\
0/svg\x22 width=\x2216\
\x22 height=\x2216\x22 fi\
ll=\x22#939393\x22 cla\
ss=\x22bi bi-circle\
-fill\x22 viewBox=\x22\
0 0 16 16\x22>\x0a  <c\
ircle cx=\x228\x22 cy=\
\x228\x22 r=\x228\x22/>\x0a</sv\
g>\
\x00\x00\x00\xa3\
<\
svg xmlns=\x22http:\
//www.w3.org/200\
0/svg\x22 width=\x2216\
\x22 height=\x2216\x22 fi\
ll=\x22#00e100\x22 cla\
ss=\x22bi bi-circle\
-fill\x22 viewBox=\x22\
0 0 16 16\x22>\x0a  <c\
ircle cx=\x228\x22 cy=\
\x228\x22 r=\x228\x22/>\x0a</sv\
g>\
\x00\x00\x01F\
<\
svg xmlns=\x22http:\
//www.w3.org/200\
0/svg\x22 width=\x2216\
\x22 height=\x2216\x22 fi\
ll=\x22#ff0000\x22 cla\
ss=\x22bi bi-x\x22 vie\
wBox=\x220 0 16 16\x22\
>\x0a  <path d=\x22M4.\
646 4.646a.5.5 0\
 0 1 .708 0L8 7.\
293l2.646-2.647a\
.5.5 0 0 1 .708.\
708L8.707 8l2.64\
7 2.646a.5.5 0 0\
 1-.708.708L8 8.\
707l-2.646 2.647\
a.5.5 0 0 1-.708\
-.708L7.293 8 4.\
646 5.354a.5.5 0\
 0 1 0-.708\x22/>\x0a<\
/svg>\
\x00\x00\x01\x0a\
<\
svg xmlns=\x22http:\
//www.w3.org/200\
0/svg\x22 width=\x2216\
\x22 height=\x2216\x22 fi\
ll=\x22#00e100\x22 cla\
ss=\x22bi bi-check\x22\
 viewBox=\x220 0 16\
 16\x22>\x0a  <path d=\
\x22M10.97 4.97a.75\
.75 0 0 1 1.07 1\
.05l-3.99 4.99a.\
75.75 0 0 1-1.08\
.02L4.324 8.384a\
.75.75 0 1 1 1.0\
6-1.06l2.094 2.0\
93 3.473-4.425z\x22\
/>\x0a</svg>\
"

qt_resource_name = b"\
\x00\x07\
\x06\xfa\xbce\
\x00p\
\x00i\x00c\x00t\x00u\x00r\x00e\
\x00\x11\
\x0a\xc0g\xe7\
\x00P\
\x00y\x00w\x00o\x00l\x00f\x00L\x00a\x00n\x00c\x00h\x00e\x00r\x00.\x00p\x00n\x00g\
\
\x00\x18\
\x0f=\xa5\x87\
\x00c\
\x00i\x00r\x00c\x00l\x00e\x00-\x00f\x00i\x00l\x00l\x00(\x00o\x00f\x00f\x00l\x00i\
\x00n\x00e\x00)\x00.\x00s\x00v\x00g\
\x00\x1e\
\x05l~'\
\x00c\
\x00i\x00r\x00c\x00l\x00e\x00-\x00f\x00i\x00l\x00l\x00(\x00n\x00o\x00t\x00_\x00i\
\x00n\x00s\x00t\x00a\x00l\x00l\x00e\x00d\x00)\x00.\x00s\x00v\x00g\
\x00\x17\
\x02\xc3zg\
\x00c\
\x00i\x00r\x00c\x00l\x00e\x00-\x00f\x00i\x00l\x00l\x00(\x00o\x00n\x00l\x00i\x00n\
\x00e\x00)\x00.\x00s\x00v\x00g\
\x00\x05\
\x00{Z\xc7\
\x00x\
\x00.\x00s\x00v\x00g\
\x00\x09\
\x0b\x9e\x89\x07\
\x00c\
\x00h\x00e\x00c\x00k\x00.\x00s\x00v\x00g\
"

qt_resource_struct = b"\
\x00\x00\x00\x00\x00\x02\x00\x00\x00\x01\x00\x00\x00\x01\
\x00\x00\x00\x00\x00\x00\x00\x00\
\x00\x00\x00\x00\x00\x02\x00\x00\x00\x06\x00\x00\x00\x02\
\x00\x00\x00\x00\x00\x00\x00\x00\
\x00\x00\x00\xe8\x00\x00\x00\x00\x00\x01\x00\x02\xcc\xbf\
\x00\x00\x01\x9c\x049\xf8\x90\
\x00\x00\x00\xb4\x00\x00\x00\x00\x00\x01\x00\x02\xcc\x18\
\x00\x00\x01\x9b\xfe\xcf\xfc\x10\
\x00\x00\x00r\x00\x00\x00\x00\x00\x01\x00\x02\xcbq\
\x00\x00\x01\x9b\xfe\xda\x9a\xd0\
\x00\x00\x00\x14\x00\x00\x00\x00\x00\x01\x00\x00\x00\x00\
\x00\x00\x01\x9e*\xa8\x7f\x96\
\x00\x00\x00\xf8\x00\x00\x00\x00\x00\x01\x00\x02\xce\x09\
\x00\x00\x01\x9c\x048\x0c`\
\x00\x00\x00<\x00\x00\x00\x00\x00\x01\x00\x02\xca\xca\
\x00\x00\x01\x9b\xfe\xd3\x86P\
"

def qInitResources():
    QtCore.qRegisterResourceData(0x03, qt_resource_struct, qt_resource_name, qt_resource_data)

def qCleanupResources():
    QtCore.qUnregisterResourceData(0x03, qt_resource_struct, qt_resource_name, qt_resource_data)

qInitResources()
